Rk,Player,Nation,Pos,Squad,Comp,Age,Born,MP,Starts,Minutes_Played,90s,Goals,Assists,G+A,G-PK,PK,PKatt,CrdY,CrdR,G+A-PK,Rk_stats_keeper,Nation_stats_keeper,Pos_stats_keeper,Comp_stats_keeper,Age_stats_keeper,Born_stats_keeper,MP_stats_keeper,Starts_stats_keeper,Min_stats_keeper,90s_stats_keeper,GA,GA90,SoTA,Saves,Save%,W,D,L,CS,CS%,PKatt_stats_keeper,PKA,PKsv,PKm,Rk_stats_shooting,Nation_stats_shooting,Pos_stats_shooting,Comp_stats_shooting,Age_stats_shooting,Born_stats_shooting,90s_stats_shooting,Gls_stats_shooting,Sh,SoT,Pass_Accuracy,Sh/90,SoT/90,G/Sh,G/SoT,PK_stats_shooting,PKatt_stats_shooting,Rk_stats_playing_time,Nation_stats_playing_time,Pos_stats_playing_time,Comp_stats_playing_time,Age_stats_playing_time,Born_stats_playing_time,MP_stats_playing_time,Min_stats_playing_time,Mn/MP,Min%,90s_stats_playing_time,Starts_stats_playing_time,Mn/Start,Compl,Subs,Mn/Sub,unSub,PPM,onG,onGA,+/-,+/-90,On-Off,Rk_stats_misc,Nation_stats_misc,Pos_stats_misc,Comp_stats_misc,Age_stats_misc,Born_stats_misc,90s_stats_misc,CrdY_stats_misc,CrdR_stats_misc,2CrdY,Fls,Fld,Off,Crs,Interceptions,TklW,OG,Goals_per_90,Assists_per_90,Interceptions_per_90,Performance_Score,Predicted_Score,Value_Difference
1164,Stanis Idumbo,be BEL,MF,Monaco,fr Ligue 1,20.0,2005.0,8,0,171,1.9,1,1,2,1,0,0,0,0,1.05,,,,,,,,,,,,,,,,,,,,,,,,,1164,be BEL,MF,fr Ligue 1,20-303,2005.0,1.9,1,6,2,33.3,3.16,1.05,0.17,0.5,0,0,1454,be BEL,MF,fr Ligue 1,20-303,2005.0,8,171,21,6.1,1.9,0,,0,8,21.0,12,1.0,6,5,1,0.53,0.32,1164,be BEL,MF,fr Ligue 1,20-303,2005.0,1.9,0,0,0,3,2,0,1,0,3,0,0.5263157894736842,0.5263157894736842,0.0,0.3684210526315789,0.07557731261172601,0.2928437400198529
196,Dilane Bakwa,fr FRA,"FW,MF",Strasbourg,fr Ligue 1,23.0,2002.0,3,0,107,1.2,1,2,3,1,0,0,0,0,2.52,,,,,,,,,,,,,,,,,,,,,,,,,196,fr FRA,"FW,MF",fr Ligue 1,23-245,2002.0,1.2,1,2,1,50.0,1.68,0.84,0.5,1.0,0,0,246,fr FRA,"FW,MF",fr Ligue 1,23-245,2002.0,3,107,36,4.0,1.2,0,,0,3,36.0,0,2.0,4,2,2,1.68,1.4,196,fr FRA,"FW,MF",fr Ligue 1,23-245,2002.0,1.2,0,0,0,0,4,0,8,1,1,0,0.8411214953271028,1.6822429906542056,0.8411214953271028,1.0934579439252337,0.8424400310089644,0.2510179129162693
2571,Stefanos Tzimas,gr GRE,FW,Brighton,eng Premier League,20.0,2006.0,9,1,139,1.5,1,1,2,1,0,0,0,0,1.29,,,,,,,,,,,,,,,,,,,,,,,,,2571,gr GRE,FW,eng Premier League,20-112,2006.0,1.5,1,4,1,25.0,2.59,0.65,0.25,1.0,0,0,3246,gr GRE,FW,eng Premier League,20-112,2006.0,9,139,15,4.5,1.5,1,23.0,0,8,15.0,2,1.56,7,2,5,3.24,3.11,2571,gr GRE,FW,eng Premier League,20-112,2006.0,1.5,0,0,0,4,1,1,1,0,1,0,0.6474820143884893,0.6474820143884893,0.0,0.4532374100719425,0.20395633940625732,0.2492810706656852
1710,Jovan Milošević,rs SRB,FW,Werder Bremen,de Bundesliga,20.0,2005.0,12,4,443,4.9,3,1,4,3,0,0,2,0,0.81,,,,,,,,,,,,,,,,,,,,,,,,,1710,rs SRB,FW,de Bundesliga,20-271,2005.0,4.9,3,12,4,33.3,2.44,0.81,0.25,0.75,0,0,2144,rs SRB,FW,de Bundesliga,20-271,2005.0,12,443,37,15.9,4.9,4,70.0,1,8,20.0,1,0.75,9,9,0,0.0,0.69,1710,rs SRB,FW,de Bundesliga,20-271,2005.0,4.9,2,0,0,7,2,5,3,0,2,0,0.6094808126410836,0.20316027088036115,0.0,0.3047404063205418,0.07557731261172601,0.22916309370881577
1679,Paul Mendy,sn SEN,FW,Cagliari,it Serie A,19.0,2007.0,5,1,129,1.4,2,0,2,2,0,0,0,0,1.4,,,,,,,,,,,,,,,,,,,,,,,,,1679,sn SEN,FW,it Serie A,19-117,2007.0,1.4,2,6,2,33.3,4.19,1.4,0.33,1.0,0,0,2102,sn SEN,FW,it Serie A,19-117,2007.0,5,129,26,4.2,1.4,1,45.0,0,4,21.0,6,1.2,3,3,0,0.0,0.4,1679,sn SEN,FW,it Serie A,19-117,2007.0,1.4,0,0,0,4,2,1,0,1,0,0,1.3953488372093024,0.0,0.6976744186046512,0.7674418604651163,0.571529778602657,0.19591208186245934
2613,Robinio Vaz,fr FRA,FW,Marseille,fr Ligue 1,19.0,2007.0,14,3,379,4.2,4,2,6,4,0,0,2,0,1.42,,,,,,,,,,,,,,,,,,,,,,,,,2613,fr FRA,FW,fr Ligue 1,19-070,2007.0,4.2,4,8,6,75.0,1.9,1.42,0.5,0.67,0,0,3294,fr FRA,FW,fr Ligue 1,19-070,2007.0,14,379,27,13.6,4.2,3,59.0,0,11,18.0,2,1.86,16,6,10,2.37,2.08,2613,fr FRA,FW,fr Ligue 1,19-070,2007.0,4.2,2,0,0,8,9,3,4,3,4,0,0.9498680738786279,0.47493403693931396,0.712401055408971,0.7361477572559367,0.5455086079326509,0.19063914932328585
471,Fabio Carvalho,pt POR,MF,Brentford,eng Premier League,23.0,2002.0,6,1,102,1.1,1,0,1,1,0,0,0,0,0.88,,,,,,,,,,,,,,,,,,,,,,,,,471,pt POR,MF,eng Premier League,23-241,2002.0,1.1,1,2,1,50.0,1.76,0.88,0.5,1.0,0,0,582,pt POR,MF,eng Premier League,23-241,2002.0,6,102,17,3.3,1.1,1,90.0,1,5,2.0,4,0.17,2,4,-2,-1.76,-1.92,471,pt POR,MF,eng Premier League,23-241,2002.0,1.1,0,0,0,0,0,0,5,0,2,0,0.8823529411764706,0.0,0.0,0.35294117647058826,0.1670180598732786,0.18592311659730965
803,Xavi Espart,es ESP,DF,Barcelona,es La Liga,18.0,2007.0,2,1,91,1.0,0,0,0,0,0,0,0,0,0.0,,,,,,,,,,,,,,,,,,,,,,,,,803,es ESP,DF,es La Liga,18-342,2007.0,1.0,0,0,0,0.0,0.0,0.0,,,0,0,1000,es ESP,DF,es La Liga,18-342,2007.0,2,91,46,3.1,1.0,1,90.0,1,1,1.0,9,3.0,5,2,3,2.97,1.28,803,es ESP,DF,es La Liga,18-342,2007.0,1.0,0,0,0,0,3,0,0,5,1,0,0.0,0.0,4.945054945054945,1.4835164835164836,1.3051144288972858,0.17840205461919778
1868,Alieu Njie,se SWE,FW,Torino,it Serie A,20.0,2005.0,11,1,179,2.0,1,1,2,1,0,0,2,0,1.01,,,,,,,,,,,,,,,,,,,,,,,,,1868,se SWE,FW,it Serie A,20-349,2005.0,2.0,1,3,2,66.7,1.51,1.01,0.33,0.5,0,0,2339,se SWE,FW,it Serie A,20-349,2005.0,11,179,16,5.8,2.0,1,45.0,0,10,13.0,21,0.73,4,4,0,0.0,0.53,1868,se SWE,FW,it Serie A,20-349,2005.0,2.0,2,0,0,7,2,0,2,0,0,0,0.5027932960893855,0.5027932960893855,0.0,0.35195530726256985,0.17859217646669356,0.17336313079587629
1797,Jamal Musiala,de GER,MF,Bayern Munich,de Bundesliga,23.0,2003.0,12,4,494,5.5,3,4,7,2,1,1,1,0,1.09,,,,,,,,,,,,,,,,,,,,,,,,,1797,de GER,MF,de Bundesliga,23-061,2003.0,5.5,3,24,6,25.0,4.37,1.09,0.08,0.33,1,1,2253,de GER,MF,de Bundesliga,23-061,2003.0,12,494,41,17.7,5.5,4,74.0,1,8,25.0,0,2.58,25,7,18,3.28,0.81,1797,de GER,MF,de Bundesliga,23-061,2003.0,5.5,1,0,0,5,16,0,4,3,2,0,0.5465587044534413,0.728744939271255,0.5465587044534413,0.6012145748987855,0.4469999682808903,0.1542146066178952
194,Darryl Bakola,fr FRA,MF,Sassuolo,it Serie A,18.0,2007.0,4,1,102,1.1,0,1,1,0,0,0,0,0,0.88,,,,,,,,,,,,,,,,,,,,,,,,,194,fr FRA,MF,it Serie A,18-149,2007.0,1.1,0,2,0,0.0,1.76,0.0,0.0,,0,0,244,fr FRA,MF,it Serie A,18-149,2007.0,4,102,26,3.3,1.1,1,68.0,0,3,11.0,4,1.0,2,2,0,0.0,0.09,194,fr FRA,MF,it Serie A,18-149,2007.0,1.1,0,0,0,1,3,0,1,1,0,0,0.0,0.8823529411764706,0.8823529411764706,0.5294117647058824,0.3891441449666359,0.14026761973924645
816,Karl Etta Eyong,cm CMR,FW,Villarreal,es La Liga,22.0,2003.0,3,3,256,2.8,1,2,3,1,0,0,0,0,1.05,,,,,,,,,,,,,,,,,,,,,,,,,816,cm CMR,FW,es La Liga,22-196,2003.0,2.8,1,7,3,42.9,2.46,1.05,0.14,0.33,0,0,1017,cm CMR,FW,es La Liga,22-196,2003.0,3,256,85,8.6,2.8,3,85.0,2,0,,0,2.33,8,0,8,2.81,2.38,816,cm CMR,FW,es La Liga,22-196,2003.0,2.8,0,0,0,3,4,1,0,0,2,0,0.3515625,0.703125,0.0,0.3515625,0.21180783477989426,0.13975466522010574
729,Lohann Doucet,bf BFA,MF,Paris FC,fr Ligue 1,23.0,2002.0,5,1,121,1.3,1,0,1,1,0,0,2,0,0.74,,,,,,,,,,,,,,,,,,,,,,,,,729,bf BFA,MF,fr Ligue 1,23-226,2002.0,1.3,1,2,1,50.0,1.49,0.74,0.5,1.0,0,0,909,bf BFA,MF,fr Ligue 1,23-226,2002.0,5,121,24,4.3,1.3,1,60.0,0,4,15.0,4,0.8,1,5,-4,-2.98,-2.87,729,bf BFA,MF,fr Ligue 1,23-226,2002.0,1.3,2,0,0,4,1,0,0,0,0,0,0.743801652892562,0.0,0.0,0.2975206611570248,0.1670180598732786,0.1305026012837462
1166,Hamza Igamane,ma MAR,FW,Lille,fr Ligue 1,23.0,2002.0,13,4,432,4.8,5,1,6,5,0,0,2,0,1.25,,,,,,,,,,,,,,,,,,,,,,,,,1166,ma MAR,FW,fr Ligue 1,23-177,2002.0,4.8,5,24,9,37.5,5.0,1.87,0.21,0.56,0,0,1456,ma MAR,FW,fr Ligue 1,23-177,2002.0,13,432,33,15.5,4.8,4,55.0,0,9,23.0,0,1.92,17,3,14,2.92,2.84,1166,ma MAR,FW,fr Ligue 1,23-177,2002.0,4.8,2,0,0,6,3,5,5,2,4,0,1.0416666666666665,0.20833333333333331,0.41666666666666663,0.6041666666666666,0.47675547899392023,0.1274111876727464
1342,Adam Kölle,de GER,DF,Heidenheim,de Bundesliga,20.0,2006.0,6,0,93,1.0,1,0,1,1,0,0,1,0,0.97,,,,,,,,,,,,,,,,,,,,,,,,,1342,de GER,DF,de Bundesliga,20-000,2006.0,1.0,1,2,1,50.0,1.94,0.97,0.5,1.0,0,0,1672,de GER,DF,de Bundesliga,20-000,2006.0,6,93,16,3.3,1.0,0,,0,6,16.0,9,0.83,2,3,-1,-0.97,0.03,1342,de GER,DF,de Bundesliga,20-000,2006.0,1.0,1,0,0,5,1,0,1,1,1,0,0.967741935483871,0.0,0.967741935483871,0.6774193548387097,0.550525257174632,0.12689409766407778
1646,Nathan Mbala,,"MF,FW",Metz,fr Ligue 1,18.0,2008.0,11,2,329,3.7,2,2,4,2,0,0,0,0,1.09,,,,,,,,,,,,,,,,,,,,,,,,,1646,,"MF,FW",fr Ligue 1,18-068,2008.0,3.7,2,12,4,33.3,3.28,1.09,0.17,0.5,0,0,2061,,"MF,FW",fr Ligue 1,18-068,2008.0,11,329,30,11.8,3.7,2,72.0,0,9,21.0,1,0.27,7,9,-2,-0.55,0.81,1646,,"MF,FW",fr Ligue 1,18-068,2008.0,3.7,0,0,0,3,4,0,33,1,5,0,0.547112462006079,0.547112462006079,0.2735562310030395,0.46504559270516715,0.3425585775270097,0.12248701517815747
1648,Ethan Mbappé,fr FRA,"MF,FW",Lille,fr Ligue 1,19.0,2006.0,15,4,468,5.2,3,1,4,3,0,0,1,0,0.77,,,,,,,,,,,,,,,,,,,,,,,,,1648,fr FRA,"MF,FW",fr Ligue 1,19-120,2006.0,5.2,3,14,7,50.0,2.69,1.35,0.21,0.43,0,0,2064,fr FRA,"MF,FW",fr Ligue 1,19-120,2006.0,15,468,31,16.8,5.2,4,78.0,0,11,14.0,0,1.93,10,9,1,0.19,-0.39,1648,fr FRA,"MF,FW",fr Ligue 1,19-120,2006.0,5.2,1,0,0,5,8,1,22,0,5,0,0.5769230769230769,0.19230769230769232,0.0,0.28846153846153844,0.1670180598732786,0.12144347858825982
2573,Christantus Uche,ng NGA,FW,Getafe,es La Liga,22.0,2003.0,3,3,270,3.0,1,1,2,1,0,0,1,0,0.67,,,,,,,,,,,,,,,,,,,,,,,,,2573,ng NGA,FW,es La Liga,22-344,2003.0,3.0,1,6,1,16.7,2.0,0.33,0.17,1.0,0,0,3248,ng NGA,FW,es La Liga,22-344,2003.0,3,270,90,9.1,3.0,3,90.0,3,0,,0,2.0,4,4,0,0.0,0.2,2573,ng NGA,FW,es La Liga,22-344,2003.0,3.0,1,0,0,10,8,1,1,0,2,0,0.33333333333333337,0.33333333333333337,0.0,0.23333333333333336,0.11329545074949694,0.12003788258383642
1760,Raúl Moro,es ESP,MF,Osasuna,es La Liga,23.0,2002.0,10,4,408,4.5,0,2,2,0,0,0,0,0,0.44,,,,,,,,,,,,,,,,,,,,,,,,,1760,es ESP,MF,es La Liga,23-144,2002.0,4.5,0,5,0,0.0,1.1,0.0,0.0,,0,0,2208,es ESP,MF,es La Liga,23-144,2002.0,10,408,41,13.7,4.5,4,68.0,0,6,23.0,3,1.3,9,7,2,0.44,0.55,1760,es ESP,MF,es La Liga,23-144,2002.0,4.5,0,0,0,1,4,2,20,0,0,0,0.0,0.4411764705882353,0.0,0.1323529411764706,0.012316013691387843,0.12003692748508274
2640,Julián Vignolo,ar ARG,MF,Toulouse,fr Ligue 1,19.0,2006.0,13,1,195,2.2,2,0,2,2,0,0,0,0,0.92,,,,,,,,,,,,,,,,,,,,,,,,,2640,ar ARG,MF,fr Ligue 1,19-142,2006.0,2.2,2,8,7,87.5,3.69,3.23,0.25,0.29,0,0,3325,ar ARG,MF,fr Ligue 1,19-142,2006.0,13,195,15,7.0,2.2,1,45.0,0,12,13.0,17,1.15,4,4,0,0.0,0.03,2640,ar ARG,MF,fr Ligue 1,19-142,2006.0,2.2,0,0,0,3,1,0,10,0,3,0,0.9230769230769231,0.0,0.0,0.36923076923076925,0.2531316982830947,0.11609907094767458
1158,Rasmus Højlund,dk DEN,FW,Napoli,it Serie A,23.0,2003.0,29,28,2390,26.6,10,3,13,9,1,1,1,0,0.45,,,,,,,,,,,,,,,,,,,,,,,,,1158,dk DEN,FW,it Serie A,23-083,2003.0,26.6,10,55,22,40.0,2.07,0.83,0.16,0.41,1,1,1448,dk DEN,FW,it Serie A,23-083,2003.0,29,2390,82,78.1,26.6,28,84.0,15,1,30.0,0,1.97,44,28,16,0.6,0.2,1158,dk DEN,FW,it Serie A,23-083,2003.0,26.6,1,0,0,33,47,11,3,0,1,0,0.37656903765690375,0.11297071129707113,0.0,0.18451882845188283,0.06964042308017336,0.11487840537170947
718,Marc Domenech,es ESP,MF,Mallorca,es La Liga,20.0,2006.0,7,2,214,2.4,0,1,1,0,0,0,0,0,0.42,,,,,,,,,,,,,,,,,,,,,,,,,718,es ESP,MF,es La Liga,20-117,2006.0,2.4,0,3,0,0.0,1.26,0.0,0.0,,0,0,894,es ESP,MF,es La Liga,20-117,2006.0,7,214,31,7.2,2.4,2,61.0,0,5,18.0,10,0.86,3,2,1,0.42,0.78,718,es ESP,MF,es La Liga,20-117,2006.0,2.4,0,0,0,3,3,0,7,0,2,0,0.0,0.4205607476635514,0.0,0.1261682242990654,0.012316013691387843,0.11385221060767756
130,Kyllian Antonio,fr FRA,DF,Lens,fr Ligue 1,18.0,2008.0,2,1,121,1.3,0,0,0,0,0,0,1,0,0.0,,,,,,,,,,,,,,,,,,,,,,,,,130,fr FRA,DF,fr Ligue 1,18-114,2008.0,1.3,0,1,0,0.0,0.74,0.0,0.0,,0,0,163,fr FRA,DF,fr Ligue 1,18-114,2008.0,2,121,61,4.5,1.3,1,90.0,1,1,31.0,4,3.0,2,0,2,1.49,0.58,130,fr FRA,DF,fr Ligue 1,18-114,2008.0,1.3,1,0,0,1,4,0,1,5,3,0,0.0,0.0,3.71900826446281,1.115702479338843,1.0050797950924513,0.11062268424639177
679,Julio Diaz,es ESP,DF,Atlético Madrid,es La Liga,21.0,2005.0,3,3,220,2.4,0,1,1,0,0,0,2,0,0.41,,,,,,,,,,,,,,,,,,,,,,,,,679,es ESP,DF,es La Liga,21-108,2005.0,2.4,0,1,0,0.0,0.41,0.0,0.0,,0,0,853,es ESP,DF,es La Liga,21-108,2005.0,3,220,73,7.4,2.4,3,73.0,1,0,,7,1.0,4,4,0,0.0,-0.62,679,es ESP,DF,es La Liga,21-108,2005.0,2.4,2,0,0,4,3,1,5,0,3,0,0.0,0.40909090909090906,0.0,0.12272727272727271,0.012316013691387843,0.11041125903588486
409,William Bøving,dk DEN,MF,Mainz 05,de Bundesliga,23.0,2003.0,9,2,223,2.5,0,1,1,0,0,0,1,0,0.4,,,,,,,,,,,,,,,,,,,,,,,,,409,dk DEN,MF,de Bundesliga,23-058,2003.0,2.5,0,1,0,0.0,0.4,0.0,0.0,,0,0,506,dk DEN,MF,de Bundesliga,23-058,2003.0,9,223,25,8.0,2.5,2,77.0,1,7,10.0,18,0.67,4,6,-2,-0.81,-0.53,409,dk DEN,MF,de Bundesliga,23-058,2003.0,2.5,1,0,0,2,2,0,8,0,2,0,0.0,0.40358744394618834,0.0,0.12107623318385649,0.012316013691387843,0.10876021949246864
794,Emanuel Emegha,nl NED,FW,Strasbourg,fr Ligue 1,23.0,2003.0,9,4,434,4.8,4,2,6,4,0,0,3,0,1.24,,,,,,,,,,,,,,,,,,,,,,,,,794,nl NED,FW,fr Ligue 1,23-084,2003.0,4.8,4,17,8,47.1,3.53,1.66,0.24,0.5,0,0,988,nl NED,FW,fr Ligue 1,23-084,2003.0,9,434,48,16.1,4.8,4,79.0,2,5,24.0,0,2.0,9,5,4,0.83,0.59,794,nl NED,FW,fr Ligue 1,23-084,2003.0,4.8,3,0,0,12,9,3,0,0,0,0,0.8294930875576036,0.4147465437788018,0.0,0.45622119815668205,0.34979549209272165,0.1064257060639604
1491,Lorran,br BRA,FW,Pisa,it Serie A,19.0,2006.0,9,0,122,1.4,1,0,1,1,0,0,0,0,0.74,,,,,,,,,,,,,,,,,,,,,,,,,1491,br BRA,FW,it Serie A,19-298,2006.0,1.4,1,3,1,33.3,2.21,0.74,0.33,1.0,0,0,1869,br BRA,FW,it Serie A,19-298,2006.0,9,122,14,4.0,1.4,0,,0,9,14.0,17,0.11,2,8,-6,-4.43,-3.48,1491,br BRA,FW,it Serie A,19-298,2006.0,1.4,0,0,0,0,3,0,5,3,3,0,0.7377049180327869,0.0,2.2131147540983607,0.959016393442623,0.8529367946465288,0.10607959879609419
2586,Can Uzun,tr TUR,MF,Eintracht Frankfurt,de Bundesliga,20.0,2005.0,18,12,931,10.3,6,4,10,5,1,1,2,0,0.87,,,,,,,,,,,,,,,,,,,,,,,,,2586,tr TUR,MF,de Bundesliga,20-168,2005.0,10.3,6,33,12,36.4,3.19,1.16,0.15,0.42,1,1,3262,tr TUR,MF,de Bundesliga,20-168,2005.0,18,931,52,33.4,10.3,12,66.0,1,6,23.0,2,1.33,26,20,6,0.58,0.97,2586,tr TUR,MF,de Bundesliga,20-168,2005.0,10.3,2,0,0,13,20,0,17,2,8,0,0.5800214822771214,0.38668098818474755,0.19334049409237378,0.40601503759398494,0.3028239826467914,0.10319105494719355
755,Younes Ebnoutalib,de GER,FW,Eintracht Frankfurt,de Bundesliga,22.0,2003.0,4,2,124,1.4,1,0,1,1,0,0,0,0,0.73,,,,,,,,,,,,,,,,,,,,,,,,,755,de GER,FW,de Bundesliga,22-227,2003.0,1.4,1,4,1,25.0,2.9,0.73,0.25,1.0,0,0,945,de GER,FW,de Bundesliga,22-227,2003.0,4,124,31,4.4,1.4,2,55.0,1,2,8.0,3,1.25,4,5,-1,-0.73,-0.69,755,de GER,FW,de Bundesliga,22-227,2003.0,1.4,0,0,0,2,2,0,0,1,0,0,0.7258064516129032,0.0,0.7258064516129032,0.5080645161290323,0.4146947337124587,0.09336978241657357
2432,Orri Steinn Óskarsson,is ISL,FW,Real Sociedad,es La Liga,21.0,2004.0,16,5,546,6.1,6,0,6,6,0,0,4,0,0.99,,,,,,,,,,,,,,,,,,,,,,,,,2432,is ISL,FW,es La Liga,21-242,2004.0,6.1,6,14,11,78.6,2.31,1.81,0.43,0.55,0,0,3071,is ISL,FW,es La Liga,21-242,2004.0,16,546,34,18.4,6.1,5,67.0,1,11,19.0,1,1.19,13,9,4,0.66,0.81,2432,is ISL,FW,es La Liga,21-242,2004.0,6.1,4,0,0,12,4,8,2,1,4,0,0.989010989010989,0.0,0.16483516483516483,0.4450549450549451,0.35266421377337664,0.09239073128156844
670,Soriba Diaoune,fr FRA,MF,Lille,fr Ligue 1,18.0,2007.0,10,1,185,2.1,1,1,2,1,0,0,0,0,0.97,,,,,,,,,,,,,,,,,,,,,,,,,670,fr FRA,MF,fr Ligue 1,18-257,2007.0,2.1,1,10,4,40.0,4.86,1.95,0.1,0.25,0,0,841,fr FRA,MF,fr Ligue 1,18-257,2007.0,10,185,19,6.6,2.1,1,65.0,0,9,13.0,8,1.2,6,6,0,0.0,-0.55,670,fr FRA,MF,fr Ligue 1,18-257,2007.0,2.1,0,0,0,5,3,0,5,1,2,0,0.4864864864864865,0.4864864864864865,0.4864864864864865,0.4864864864864865,0.3964111499464611,0.09007533654002542
707,Harouna Djibrin,cm CMR,MF,Angers,fr Ligue 1,19.0,2006.0,15,1,336,3.7,2,1,3,2,0,0,2,0,0.8,,,,,,,,,,,,,,,,,,,,,,,,,707,cm CMR,MF,fr Ligue 1,19-174,2006.0,3.7,2,7,3,42.9,1.87,0.8,0.29,0.67,0,0,883,cm CMR,MF,fr Ligue 1,19-174,2006.0,15,336,22,12.0,3.7,1,60.0,0,14,20.0,3,1.2,7,5,2,0.54,1.23,707,cm CMR,MF,fr Ligue 1,19-174,2006.0,3.7,2,0,0,9,8,0,8,5,4,0,0.5357142857142857,0.26785714285714285,1.3392857142857142,0.6964285714285714,0.606431825980565,0.0899967454480064
321,Adam Boayar,ma MAR,MF,Elche,es La Liga,20.0,2005.0,7,0,104,1.2,1,0,1,1,0,0,0,0,0.87,,,,,,,,,,,,,,,,,,,,,,,,,321,ma MAR,MF,es La Liga,20-197,2005.0,1.2,1,5,2,40.0,4.33,1.73,0.2,0.5,0,0,401,ma MAR,MF,es La Liga,20-197,2005.0,7,104,15,3.5,1.2,0,,0,7,15.0,16,0.57,4,5,-1,-0.87,-0.71,321,ma MAR,MF,es La Liga,20-197,2005.0,1.2,0,0,0,0,1,1,2,1,2,0,0.8653846153846154,0.0,0.8653846153846154,0.6057692307692308,0.5174941458883812,0.08827508488084967
337,Javier Boñar,es ESP,DF,Atlético Madrid,es La Liga,20.0,2005.0,2,2,180,2.0,1,0,1,1,0,0,0,0,0.5,,,,,,,,,,,,,,,,,,,,,,,,,337,es ESP,DF,es La Liga,20-329,2005.0,2.0,1,1,1,100.0,0.5,0.5,1.0,1.0,0,0,420,es ESP,DF,es La Liga,20-329,2005.0,2,180,90,6.1,2.0,2,90.0,2,0,,4,0.0,3,5,-2,-1.0,-1.68,337,es ESP,DF,es La Liga,20-329,2005.0,2.0,0,0,0,2,1,0,3,0,1,0,0.5,0.0,0.0,0.2,0.11468114883254539,0.08531885116745462
1481,Fer López,es ESP,MF,Wolves,eng Premier League,21.0,2004.0,9,2,235,2.6,0,1,1,0,0,0,1,0,0.38,,,,,,,,,,,,,,,,,,,,,,,,,1481,es ESP,MF,eng Premier League,21-339,2004.0,2.6,0,5,1,20.0,1.91,0.38,0.0,0.0,0,0,1858,es ESP,MF,eng Premier League,21-339,2004.0,9,235,26,7.7,2.6,2,55.0,0,7,18.0,11,0.11,3,9,-6,-2.3,-1.28,1481,es ESP,MF,eng Premier League,21-339,2004.0,2.6,1,0,0,6,4,0,4,0,1,0,0.0,0.3829787234042553,0.0,0.1148936170212766,0.030517467992999914,0.08437614902827668
1876,Tochukwu Nnadi,ng NGA,MF,Marseille,fr Ligue 1,22.0,2003.0,5,1,115,1.3,0,1,1,0,0,0,0,0,0.78,,,,,,,,,,,,,,,,,,,,,,,,,1876,ng NGA,MF,fr Ligue 1,22-302,2003.0,1.3,0,2,0,0.0,1.57,0.0,0.0,,0,0,2348,ng NGA,MF,fr Ligue 1,22-302,2003.0,5,115,23,4.1,1.3,1,79.0,0,4,9.0,2,2.6,2,0,2,1.57,1.03,1876,ng NGA,MF,fr Ligue 1,22-302,2003.0,1.3,0,0,0,5,2,0,2,2,0,0,0.0,0.782608695652174,1.565217391304348,0.7043478260869566,0.6208292845209276,0.083518541566029
2007,Nicolás Paz,ar ARG,MF,Como,it Serie A,21.0,2004.0,33,31,2698,30.0,12,6,18,12,0,2,5,0,0.6,,,,,,,,,,,,,,,,,,,,,,,,,2007,ar ARG,MF,it Serie A,21-232,2004.0,30.0,12,118,48,40.7,3.94,1.6,0.1,0.25,0,2,2518,ar ARG,MF,it Serie A,21-232,2004.0,33,2698,82,88.2,30.0,31,85.0,20,2,25.0,0,1.76,48,27,21,0.7,-1.79,2007,ar ARG,MF,it Serie A,21-232,2004.0,30.0,5,0,0,50,39,0,59,27,51,0,0.40029651593773163,0.20014825796886582,0.9006671608598962,0.49036323202372123,0.40951006728585954,0.0808531647378617
695,Yan Diomandé,ci CIV,"FW,MF",RB Leipzig,de Bundesliga,19.0,2006.0,30,25,2213,24.6,12,7,19,12,0,0,2,0,0.77,,,,,,,,,,,,,,,,,,,,,,,,,695,ci CIV,"FW,MF",de Bundesliga,19-165,2006.0,24.6,12,49,24,49.0,1.99,0.98,0.24,0.5,0,0,870,ci CIV,"FW,MF",de Bundesliga,19-165,2006.0,30,2213,74,79.3,24.6,25,83.0,9,5,27.0,0,2.07,51,26,25,1.02,1.17,695,ci CIV,"FW,MF",de Bundesliga,19-165,2006.0,24.6,2,0,0,17,30,7,37,15,18,0,0.48802530501581565,0.28468142792589246,0.6100316312697696,0.46362403976502486,0.38313723013144846,0.0804868096335764
778,Hugo Ekitike,fr FRA,FW,Liverpool,eng Premier League,23.0,2002.0,28,21,1803,20.0,11,4,15,11,0,0,0,0,0.75,,,,,,,,,,,,,,,,,,,,,,,,,778,fr FRA,FW,eng Premier League,23-312,2002.0,20.0,11,65,19,29.2,3.24,0.95,0.17,0.58,0,0,972,fr FRA,FW,eng Premier League,23-312,2002.0,28,1803,64,58.9,20.0,21,77.0,6,7,26.0,1,1.68,35,25,10,0.5,0.28,778,fr FRA,FW,eng Premier League,23-312,2002.0,20.0,0,0,0,35,12,10,7,4,7,0,0.5490848585690515,0.19966722129783696,0.19966722129783696,0.33943427620632277,0.2598958192926174,0.07953845691370537
376,Marius Broholm,no NOR,MF,Lille,fr Ligue 1,21.0,2004.0,11,3,279,3.1,1,1,2,0,1,1,0,0,0.32,,,,,,,,,,,,,,,,,,,,,,,,,376,no NOR,MF,fr Ligue 1,21-123,2004.0,3.1,1,4,3,75.0,1.29,0.97,0.0,0.0,1,1,471,no NOR,MF,fr Ligue 1,21-123,2004.0,11,279,25,10.0,3.1,3,53.0,0,8,15.0,6,1.0,8,7,1,0.32,-0.22,376,no NOR,MF,fr Ligue 1,21-123,2004.0,3.1,0,0,0,4,8,0,14,2,6,0,0.3225806451612903,0.3225806451612903,0.6451612903225806,0.4193548387096774,0.33983573278592055,0.07951910592375683
254,Ismael Bekhoucha,ma MAR,DF,Getafe,es La Liga,21.0,2004.0,4,1,122,1.4,0,1,1,0,0,0,2,0,0.74,,,,,,,,,,,,,,,,,,,,,,,,,254,ma MAR,DF,es La Liga,21-159,2004.0,1.4,0,1,0,0.0,0.74,0.0,0.0,,0,0,318,ma MAR,DF,es La Liga,21-159,2004.0,4,122,31,4.1,1.4,1,90.0,1,3,11.0,7,2.25,3,1,2,1.48,1.73,254,ma MAR,DF,es La Liga,21-159,2004.0,1.4,2,0,0,7,3,0,4,2,5,0,0.0,0.7377049180327869,1.4754098360655739,0.6639344262295082,0.5854131517031583,0.07852127452634983
2366,Fábio Silva,pt POR,"FW,MF",Dortmund,de Bundesliga,23.0,2002.0,25,7,781,8.7,2,6,8,2,0,0,3,0,0.92,,,,,,,,,,,,,,,,,,,,,,,,,2366,pt POR,"FW,MF",de Bundesliga,23-283,2002.0,8.7,2,21,7,33.3,2.42,0.81,0.1,0.29,0,0,2983,pt POR,"FW,MF",de Bundesliga,23-283,2002.0,25,781,31,28.0,8.7,7,68.0,0,18,17.0,2,2.12,23,8,15,1.73,0.88,2366,pt POR,"FW,MF",de Bundesliga,23-283,2002.0,8.7,3,0,0,17,10,3,12,2,2,0,0.23047375160051214,0.6914212548015365,0.23047375160051214,0.3687580025608195,0.2907663809118045,0.07799162164901496
1023,Brajan Gruda,de GER,"MF,FW",RB Leipzig,de Bundesliga,21.0,2004.0,10,6,568,6.3,3,2,5,3,0,0,1,0,0.79,,,,,,,,,,,,,,,,,,,,,,,,,1023,de GER,"MF,FW",de Bundesliga,21-332,2004.0,6.3,3,16,9,56.3,2.54,1.43,0.19,0.33,0,0,1289,de GER,"MF,FW",de Bundesliga,21-332,2004.0,10,568,57,20.4,6.3,6,79.0,2,4,24.0,0,2.3,16,7,9,1.43,0.82,1023,de GER,"MF,FW",de Bundesliga,21-332,2004.0,6.3,1,0,0,7,11,1,19,0,8,0,0.4753521126760563,0.31690140845070425,0.0,0.2852112676056338,0.20777062840090707,0.07744063920472674
1400,Mayckel Lahdo,se SWE,"FW,MF",Nantes,fr Ligue 1,23.0,2002.0,8,5,415,4.6,1,1,2,1,0,0,0,0,0.43,,,,,,,,,,,,,,,,,,,,,,,,,1400,se SWE,"FW,MF",fr Ligue 1,23-119,2002.0,4.6,1,3,1,33.3,0.65,0.22,0.33,1.0,0,0,1746,se SWE,"FW,MF",fr Ligue 1,23-119,2002.0,8,415,52,14.9,4.6,5,66.0,0,3,29.0,0,0.5,4,9,-5,-1.08,-0.33,1400,se SWE,"FW,MF",fr Ligue 1,23-119,2002.0,4.6,0,0,0,5,6,1,1,0,2,0,0.2168674698795181,0.2168674698795181,0.0,0.15180722891566267,0.07557731261172601,0.07622991630393666
1124,Rémi Himbert,fr FRA,FW,Lyon,fr Ligue 1,18.0,2008.0,6,1,131,1.5,1,0,1,1,0,0,0,0,0.69,,,,,,,,,,,,,,,,,,,,,,,,,1124,fr FRA,FW,fr Ligue 1,18-058,2008.0,1.5,1,10,1,10.0,6.87,0.69,0.1,1.0,0,0,1410,fr FRA,FW,fr Ligue 1,18-058,2008.0,6,131,22,4.7,1.5,1,81.0,0,5,10.0,2,1.67,1,3,-2,-1.37,-1.98,1124,fr FRA,FW,fr Ligue 1,18-058,2008.0,1.5,0,0,0,2,4,0,2,0,3,0,0.6870229007633587,0.0,0.0,0.27480916030534347,0.20459478507368328,0.07021437523166019
34,Vasilije Adžić,me MNE,MF,Juventus,it Serie A,19.0,2006.0,10,1,171,1.9,1,0,1,1,0,0,0,0,0.53,,,,,,,,,,,,,,,,,,,,,,,,,34,me MNE,MF,it Serie A,19-351,2006.0,1.9,1,6,4,66.7,3.16,2.11,0.17,0.25,0,0,41,me MNE,MF,it Serie A,19-351,2006.0,10,171,17,5.6,1.9,1,57.0,0,9,13.0,21,1.6,2,3,-1,-0.53,-1.43,34,me MNE,MF,it Serie A,19-351,2006.0,1.9,0,0,0,3,2,0,4,3,2,0,0.5263157894736842,0.0,1.5789473684210527,0.6842105263157894,0.6145134310181432,0.06969709529764623
831,Ansu Fati,es ESP,"MF,FW",Monaco,fr Ligue 1,23.0,2002.0,22,9,938,10.4,9,0,9,6,3,4,1,0,0.58,,,,,,,,,,,,,,,,,,,,,,,,,831,es ESP,"MF,FW",fr Ligue 1,23-179,2002.0,10.4,9,38,20,52.6,3.65,1.92,0.16,0.3,3,4,1037,es ESP,"MF,FW",fr Ligue 1,23-179,2002.0,22,938,43,33.6,10.4,9,69.0,1,13,25.0,1,1.73,21,17,4,0.38,0.24,831,es ESP,"MF,FW",fr Ligue 1,23-179,2002.0,10.4,1,0,0,9,5,3,6,2,9,0,0.863539445628998,0.0,0.19189765458422176,0.4029850746268657,0.33426275587110266,0.06872231875576307
1826,Quentin Ndjantou Mbitcha,fr FRA,MF,Paris Saint-Germain,fr Ligue 1,18.0,2007.0,10,3,360,4.0,1,1,2,1,0,0,1,0,0.5,,,,,,,,,,,,,,,,,,,,,,,,,1826,fr FRA,MF,fr Ligue 1,18-279,2007.0,4.0,1,9,3,33.3,2.25,0.75,0.11,0.33,0,0,2291,fr FRA,MF,fr Ligue 1,18-279,2007.0,10,360,36,13.3,4.0,3,67.0,1,7,23.0,1,2.1,11,3,8,2.0,0.65,1826,fr FRA,MF,fr Ligue 1,18-279,2007.0,4.0,1,0,0,7,2,0,4,2,1,0,0.25,0.25,0.5,0.32499999999999996,0.2574831515237255,0.06751684847627448
1673,Rodrigo Mendoza,es ESP,MF,Atlético Madrid,es La Liga,21.0,2005.0,6,6,345,3.8,0,1,1,0,0,0,1,0,0.26,,,,,,,,,,,,,,,,,,,,,,,,,1673,es ESP,MF,es La Liga,21-044,2005.0,3.8,0,4,0,0.0,1.04,0.0,0.0,,0,0,2096,es ESP,MF,es La Liga,21-044,2005.0,6,345,58,11.6,3.8,6,58.0,0,0,,1,1.0,4,8,-4,-1.04,-1.83,1673,es ESP,MF,es La Liga,21-044,2005.0,3.8,1,0,0,8,5,0,2,0,3,0,0.0,0.2608695652173913,0.0,0.07826086956521738,0.012316013691387843,0.06594485587382953
516,Rayan Cherki,fr FRA,MF,Manchester City,eng Premier League,22.0,2003.0,28,17,1557,17.3,4,10,14,4,0,0,1,0,0.81,,,,,,,,,,,,,,,,,,,,,,,,,516,fr FRA,MF,eng Premier League,22-254,2003.0,17.3,4,46,12,26.1,2.66,0.69,0.09,0.33,0,0,646,fr FRA,MF,eng Premier League,22-254,2003.0,28,1557,56,52.4,17.3,17,77.0,4,11,22.0,1,2.14,34,15,19,1.1,-0.05,516,fr FRA,MF,eng Premier League,22-254,2003.0,17.3,1,0,0,16,31,1,70,7,15,0,0.23121387283236994,0.5780346820809248,0.40462427745664736,0.3872832369942196,0.32269835580980816,0.06458488118441147
1670,Nuno Mendes,pt POR,DF,Paris Saint-Germain,fr Ligue 1,23.0,2002.0,20,13,1256,14.0,4,5,9,3,1,1,1,0,0.57,,,,,,,,,,,,,,,,,,,,,,,,,1670,pt POR,DF,fr Ligue 1,23-313,2002.0,14.0,4,30,15,50.0,2.15,1.07,0.1,0.2,1,1,2093,pt POR,DF,fr Ligue 1,23-313,2002.0,20,1256,63,46.5,14.0,13,85.0,10,7,22.0,4,2.25,29,12,17,1.22,-0.4,1670,pt POR,DF,fr Ligue 1,23-313,2002.0,14.0,1,0,0,12,25,3,44,14,20,0,0.28662420382165604,0.35828025477707004,1.003184713375796,0.5230891719745222,0.46005082424536525,0.06303834772915695
1586,Luca Marianucci,it ITA,DF,Napoli,it Serie A,21.0,2004.0,2,1,119,1.3,0,1,1,0,0,0,0,0,0.76,,,,,,,,,,,,,,,,,,,,,,,,,1586,it ITA,DF,it Serie A,21-279,2004.0,1.3,0,1,0,0.0,0.76,0.0,0.0,,0,0,1987,it ITA,DF,it Serie A,21-279,2004.0,2,119,60,3.9,1.3,1,90.0,1,1,29.0,19,0.5,2,2,0,0.0,-0.58,1586,it ITA,DF,it Serie A,21-279,2004.0,1.3,0,0,0,2,0,0,2,1,2,0,0.0,0.7563025210084033,0.7563025210084033,0.45378151260504196,0.39122078833161034,0.06256072427343162
879,Héctor Fort,es ESP,"DF,MF",Elche,es La Liga,19.0,2006.0,10,6,388,4.3,1,2,3,1,0,0,0,0,0.7,,,,,,,,,,,,,,,,,,,,,,,,,879,es ESP,"DF,MF",es La Liga,19-269,2006.0,4.3,1,10,4,40.0,2.32,0.93,0.1,0.25,0,0,1103,es ESP,"DF,MF",es La Liga,19-269,2006.0,10,388,39,13.1,4.3,6,54.0,0,4,16.0,2,1.6,7,4,3,0.7,1.01,879,es ESP,"DF,MF",es La Liga,19-269,2006.0,4.3,0,0,0,4,0,2,6,5,3,0,0.23195876288659795,0.4639175257731959,1.1597938144329896,0.5798969072164948,0.517844633930078,0.062052273286416826
1989,Joaquín Panichelli,ar ARG,FW,Strasbourg,fr Ligue 1,23.0,2002.0,27,24,2193,24.4,16,1,17,11,5,6,3,0,0.49,,,,,,,,,,,,,,,,,,,,,,,,,1989,ar ARG,FW,fr Ligue 1,23-203,2002.0,24.4,16,58,31,53.4,2.38,1.27,0.19,0.35,5,6,2494,ar ARG,FW,fr Ligue 1,23-203,2002.0,27,2193,81,81.2,24.4,24,87.0,19,3,34.0,0,1.48,39,29,10,0.41,0.41,1989,ar ARG,FW,fr Ligue 1,23-203,2002.0,24.4,3,0,0,43,44,14,0,13,10,0,0.6566347469220246,0.04103967168262654,0.533515731874145,0.43502051983584133,0.3742050224637737,0.06081549737206765
1894,Ethan Nwaneri,eng ENG,MF,Marseille,fr Ligue 1,19.0,2007.0,9,3,324,3.6,2,1,3,2,0,0,1,0,0.83,,,,,,,,,,,,,,,,,,,,,,,,,1894,eng ENG,MF,fr Ligue 1,19-038,2007.0,3.6,2,9,3,33.3,2.5,0.83,0.22,0.67,0,0,2369,eng ENG,MF,fr Ligue 1,19-038,2007.0,9,324,36,11.6,3.6,3,56.0,0,6,26.0,4,1.11,8,5,3,0.83,0.29,1894,eng ENG,MF,fr Ligue 1,19-038,2007.0,3.6,1,0,0,4,1,0,9,3,1,0,0.5555555555555556,0.2777777777777778,0.8333333333333333,0.5555555555555556,0.4957034525998912,0.0598521029556644
719,Benjamín Domínguez,ar ARG,MF,Bologna,it Serie A,22.0,2003.0,13,5,482,5.4,0,3,3,0,0,0,1,0,0.56,,,,,,,,,,,,,,,,,,,,,,,,,719,ar ARG,MF,it Serie A,22-221,2003.0,5.4,0,11,1,9.1,2.05,0.19,0.0,0.0,0,0,897,ar ARG,MF,it Serie A,22-221,2003.0,13,482,37,15.8,5.4,5,67.0,1,8,18.0,17,1.54,9,6,3,0.56,0.63,719,ar ARG,MF,it Serie A,22-221,2003.0,5.4,1,0,0,6,15,3,6,2,2,0,0.0,0.5601659751037344,0.37344398340248963,0.2800829875518672,0.22079532611394437,0.059287661437922856
804,Carlos Espí,es ESP,FW,Levante,es La Liga,20.0,2005.0,20,8,899,10.0,8,0,8,8,0,0,3,0,0.8,,,,,,,,,,,,,,,,,,,,,,,,,804,es ESP,FW,es La Liga,20-278,2005.0,10.0,8,33,17,51.5,3.3,1.7,0.24,0.47,0,0,1001,es ESP,FW,es La Liga,20-278,2005.0,20,899,45,30.3,10.0,8,80.0,2,12,21.0,9,1.15,16,11,5,0.5,1.28,804,es ESP,FW,es La Liga,20-278,2005.0,10.0,3,0,0,22,17,7,1,4,4,0,0.8008898776418243,0.0,0.40044493882091214,0.4404894327030034,0.3814192711804688,0.05907016152253458
343,Ange-Yoan Bonny,fr FRA,FW,Inter,it Serie A,22.0,2003.0,29,9,952,10.6,5,3,8,5,0,0,1,0,0.76,,,,,,,,,,,,,,,,,,,,,,,,,343,fr FRA,FW,it Serie A,22-185,2003.0,10.6,5,21,9,42.9,1.99,0.85,0.24,0.56,0,0,427,fr FRA,FW,it Serie A,22-185,2003.0,29,952,33,31.1,10.6,9,67.0,1,20,17.0,2,2.21,30,11,19,1.8,0.52,343,fr FRA,FW,it Serie A,22-185,2003.0,10.6,1,0,0,16,19,8,3,1,9,0,0.47268907563025214,0.28361344537815125,0.09453781512605042,0.3025210084033614,0.2437634357917147,0.058757572611646686
1811,Bilal Nadir,ma MAR,MF,Marseille,fr Ligue 1,22.0,2003.0,20,5,598,6.6,0,4,4,0,0,0,6,1,0.6,,,,,,,,,,,,,,,,,,,,,,,,,1811,ma MAR,MF,fr Ligue 1,22-151,2003.0,6.6,0,7,1,14.3,1.05,0.15,0.0,0.0,0,0,2267,ma MAR,MF,fr Ligue 1,22-151,2003.0,20,598,30,21.4,6.6,5,70.0,1,15,17.0,4,1.4,22,5,17,2.56,2.52,1811,ma MAR,MF,fr Ligue 1,22-151,2003.0,6.6,6,1,1,24,4,1,10,6,9,0,0.0,0.6020066889632107,0.9030100334448161,0.45150501672240806,0.39279398243894276,0.0587110342834653
2116,Grant Ranos,am ARM,FW,Gladbach,de Bundesliga,22.0,2003.0,8,0,119,1.3,1,0,1,1,0,0,1,0,0.76,,,,,,,,,,,,,,,,,,,,,,,,,2116,am ARM,FW,de Bundesliga,22-282,2003.0,1.3,1,4,2,50.0,3.03,1.51,0.25,0.5,0,0,2669,am ARM,FW,de Bundesliga,22-282,2003.0,8,119,15,4.3,1.3,0,,0,8,15.0,5,0.63,3,2,1,0.76,1.26,2116,am ARM,FW,de Bundesliga,22-282,2003.0,1.3,1,0,0,1,1,0,5,1,1,0,0.7563025210084033,0.0,0.7563025210084033,0.5294117647058824,0.4714637220994075,0.05794804260647485
279,Iker Benito,es ESP,MF,Osasuna,es La Liga,23.0,2002.0,5,1,150,1.7,1,0,1,1,0,0,1,0,0.6,,,,,,,,,,,,,,,,,,,,,,,,,279,es ESP,MF,es La Liga,23-261,2002.0,1.7,1,2,1,50.0,1.2,0.6,0.5,1.0,0,0,346,es ESP,MF,es La Liga,23-261,2002.0,5,150,30,5.1,1.7,1,71.0,0,4,20.0,3,0.8,2,1,1,0.6,0.66,279,es ESP,MF,es La Liga,23-261,2002.0,1.7,1,0,0,3,3,0,5,2,0,0,0.6000000000000001,0.0,1.2000000000000002,0.6000000000000001,0.5425387028504951,0.057461297149504986
2707,Lamine Yamal,es ESP,"MF,FW",Barcelona,es La Liga,18.0,2007.0,28,26,2262,25.1,16,11,27,13,3,4,1,0,0.95,,,,,,,,,,,,,,,,,,,,,,,,,2707,es ESP,"MF,FW",es La Liga,18-289,2007.0,25.1,16,117,37,31.6,4.66,1.47,0.11,0.35,3,4,3408,es ESP,"MF,FW",es La Liga,18-289,2007.0,28,2262,81,76.2,25.1,26,85.0,16,2,29.0,0,2.61,62,23,39,1.55,-0.74,2707,es ESP,"MF,FW",es La Liga,18-289,2007.0,25.1,1,0,0,28,52,14,77,8,20,0,0.636604774535809,0.43766578249336874,0.3183023872679045,0.4814323607427056,0.42456010563656593,0.05687225510613969
1245,Eli Junior Kroupi,fr FRA,"MF,FW",Bournemouth,eng Premier League,19.0,2006.0,29,17,1378,15.3,11,0,11,10,1,1,5,0,0.65,,,,,,,,,,,,,,,,,,,,,,,,,1245,fr FRA,"MF,FW",eng Premier League,19-309,2006.0,15.3,11,39,18,46.2,2.55,1.18,0.26,0.56,1,1,1552,fr FRA,"MF,FW",eng Premier League,19-309,2006.0,29,1378,48,45.0,15.3,17,70.0,0,12,16.0,5,1.38,26,20,6,0.39,0.71,1245,fr FRA,"MF,FW",eng Premier League,19-309,2006.0,15.3,5,0,0,20,10,4,9,8,6,0,0.718432510885341,0.0,0.5224963715529753,0.444121915820029,0.3874878005695269,0.056634115250502104
1976,Pablo Pagis,fr FRA,"MF,FW",Lorient,fr Ligue 1,23.0,2002.0,25,20,1590,17.7,9,3,12,7,2,2,1,0,0.57,,,,,,,,,,,,,,,,,,,,,,,,,1976,fr FRA,"MF,FW",fr Ligue 1,23-120,2002.0,17.7,9,55,17,30.9,3.11,0.96,0.13,0.41,2,2,2479,fr FRA,"MF,FW",fr Ligue 1,23-120,2002.0,25,1590,64,57.0,17.7,20,73.0,2,5,28.0,1,1.44,27,25,2,0.11,0.64,1976,fr FRA,"MF,FW",fr Ligue 1,23-120,2002.0,17.7,1,0,0,21,24,2,90,18,17,0,0.5094339622641509,0.16981132075471697,1.0188679245283019,0.560377358490566,0.5039096909184957,0.056467667572070335
735,Kamory Doumbia,ml MLI,MF,Brest,fr Ligue 1,23.0,2003.0,20,19,1515,16.8,5,3,8,5,0,0,6,0,0.48,,,,,,,,,,,,,,,,,,,,,,,,,735,ml MLI,MF,fr Ligue 1,23-069,2003.0,16.8,5,38,12,31.6,2.26,0.71,0.13,0.42,0,0,918,ml MLI,MF,fr Ligue 1,23-069,2003.0,20,1515,76,56.1,16.8,19,79.0,4,1,22.0,0,1.55,28,21,7,0.42,1.4,735,ml MLI,MF,fr Ligue 1,23-069,2003.0,16.8,6,0,0,26,18,2,19,18,28,0,0.297029702970297,0.1782178217821782,1.0693069306930694,0.49306930693069306,0.438036625323804,0.05503268160688907
2130,Rayan,br BRA,MF,Bournemouth,eng Premier League,19.0,2006.0,11,9,793,8.8,3,2,5,3,0,0,1,0,0.57,,,,,,,,,,,,,,,,,,,,,,,,,2130,br BRA,MF,eng Premier League,19-268,2006.0,8.8,3,18,6,33.3,2.04,0.68,0.17,0.5,0,0,2684,br BRA,MF,eng Premier League,19-268,2006.0,11,793,72,25.9,8.8,9,83.0,2,2,24.0,0,1.73,10,9,1,0.11,0.15,2130,br BRA,MF,eng Premier League,19-268,2006.0,8.8,1,0,0,6,5,0,21,4,4,0,0.34047919293820933,0.22698612862547288,0.45397225725094575,0.3404791929382093,0.28552165114540395,0.05495754179280532
1908,Noam Obougou Jacquet,fr FRA,FW,Le Havre,fr Ligue 1,20.0,2006.0,5,0,104,1.2,1,0,1,1,0,0,0,0,0.87,,,,,,,,,,,,,,,,,,,,,,,,,1908,fr FRA,FW,fr Ligue 1,20-044,2006.0,1.2,1,4,3,75.0,3.46,2.6,0.25,0.33,0,0,2386,fr FRA,FW,fr Ligue 1,20-044,2006.0,5,104,21,3.7,1.2,0,,0,5,21.0,6,1.0,1,0,1,0.87,1.33,1908,fr FRA,FW,fr Ligue 1,20-044,2006.0,1.2,0,0,0,5,3,0,2,1,0,0,0.8653846153846154,0.0,0.8653846153846154,0.6057692307692308,0.5523368900254729,0.05343234074375791
1529,Lanroy Machine,fr FRA,FW,Angers,fr Ligue 1,20.0,2005.0,19,3,456,5.1,1,0,1,1,0,0,0,0,0.2,,,,,,,,,,,,,,,,,,,,,,,,,1529,fr FRA,FW,fr Ligue 1,20-197,2005.0,5.1,1,14,4,28.6,2.76,0.79,0.07,0.25,0,0,1920,fr FRA,FW,fr Ligue 1,20-197,2005.0,19,456,24,16.3,5.1,3,66.0,0,16,16.0,4,0.95,5,7,-2,-0.39,0.18,1529,fr FRA,FW,fr Ligue 1,20-197,2005.0,5.1,0,0,0,9,4,4,3,0,3,0,0.19736842105263158,0.0,0.0,0.07894736842105264,0.025962912300610305,0.052984456120442336
1625,Igor Matanovic,hr CRO,FW,Freiburg,de Bundesliga,23.0,2003.0,28,12,1363,15.1,8,1,9,7,1,2,0,0,0.53,,,,,,,,,,,,,,,,,,,,,,,,,1625,hr CRO,FW,de Bundesliga,23-028,2003.0,15.1,8,47,16,34.0,3.1,1.06,0.15,0.44,1,2,2036,hr CRO,FW,de Bundesliga,23-028,2003.0,28,1363,49,48.9,15.1,12,84.0,7,16,22.0,1,1.54,20,23,-3,-0.2,0.12,1625,hr CRO,FW,de Bundesliga,23-028,2003.0,15.1,0,0,0,38,20,6,0,8,11,0,0.5282465150403521,0.06603081438004402,0.5282465150403521,0.3895818048422597,0.33676345534466684,0.05281834949759284
1667,Kader Meïté,fr FRA,FW,Rennes,fr Ligue 1,18.0,2007.0,17,6,535,5.9,3,2,5,3,0,0,0,0,0.84,,,,,,,,,,,,,,,,,,,,,,,,,1667,fr FRA,FW,fr Ligue 1,18-199,2007.0,5.9,3,22,7,31.8,3.7,1.18,0.14,0.43,0,0,2089,fr FRA,FW,fr Ligue 1,18-199,2007.0,17,535,31,19.2,5.9,6,52.0,0,11,20.0,2,1.59,14,5,9,1.51,1.39,1667,fr FRA,FW,fr Ligue 1,18-199,2007.0,5.9,0,0,0,12,4,8,3,1,2,0,0.5046728971962616,0.33644859813084116,0.16822429906542058,0.35327102803738314,0.30204204552292935,0.05122898251445379
1961,Assan Ouedraogo,de GER,MF,RB Leipzig,de Bundesliga,19.0,2006.0,16,11,764,8.5,3,3,6,3,0,0,0,0,0.71,,,,,,,,,,,,,,,,,,,,,,,,,1961,de GER,MF,de Bundesliga,19-354,2006.0,8.5,3,24,11,45.8,2.83,1.3,0.13,0.27,0,0,2459,de GER,MF,de Bundesliga,19-354,2006.0,16,764,48,27.4,8.5,11,66.0,0,5,8.0,0,2.5,25,8,17,2.0,1.69,1961,de GER,MF,de Bundesliga,19-354,2006.0,8.5,0,0,0,4,19,1,3,3,6,0,0.3534031413612565,0.3534031413612565,0.3534031413612565,0.3534031413612565,0.3026838549115236,0.05071928644973289
2134,Luca Reggiani,it ITA,DF,Dortmund,de Bundesliga,18.0,2008.0,5,3,244,2.7,1,0,1,1,0,0,1,0,0.37,,,,,,,,,,,,,,,,,,,,,,,,,2134,it ITA,DF,de Bundesliga,18-109,2008.0,2.7,1,2,1,50.0,0.74,0.37,0.5,1.0,0,0,2689,it ITA,DF,de Bundesliga,18-109,2008.0,5,244,49,8.7,2.7,3,66.0,1,2,23.0,5,2.6,4,4,0,0.0,-1.2,2134,it ITA,DF,de Bundesliga,18-109,2008.0,2.7,1,0,0,2,0,0,1,2,7,0,0.36885245901639346,0.0,0.7377049180327869,0.36885245901639346,0.3213879343942706,0.04746452462212286
1483,Fermin López,es ESP,MF,Barcelona,es La Liga,22.0,2003.0,27,16,1575,17.5,6,8,14,6,0,0,3,0,0.8,,,,,,,,,,,,,,,,,,,,,,,,,1483,es ESP,MF,es La Liga,22-352,2003.0,17.5,6,60,21,35.0,3.43,1.2,0.1,0.29,0,0,1860,es ESP,MF,es La Liga,22-352,2003.0,27,1575,58,53.0,17.5,16,76.0,6,11,33.0,1,2.59,49,17,32,1.83,0.22,1483,es ESP,MF,es La Liga,22-352,2003.0,17.5,3,0,0,28,19,5,31,6,22,0,0.34285714285714286,0.45714285714285713,0.34285714285714286,0.3771428571428571,0.3306323267320353,0.046510530410821815
1720,Fabio Miretti,it ITA,MF,Juventus,it Serie A,22.0,2003.0,20,5,573,6.4,1,2,3,1,0,0,1,0,0.47,,,,,,,,,,,,,,,,,,,,,,,,,1720,it ITA,MF,it Serie A,22-268,2003.0,6.4,1,16,4,25.0,2.51,0.63,0.06,0.25,0,0,2155,it ITA,MF,it Serie A,22-268,2003.0,20,573,29,18.7,6.4,5,68.0,0,15,15.0,7,2.0,17,5,12,1.88,1.31,1720,it ITA,MF,it Serie A,22-268,2003.0,6.4,1,0,0,14,6,0,14,4,9,0,0.15706806282722513,0.31413612565445026,0.6282722513089005,0.3455497382198953,0.2996809984118533,0.045868739808042014
971,Martial Godo,ci CIV,MF,Strasbourg,fr Ligue 1,23.0,2003.0,25,15,1323,14.7,8,1,9,8,0,0,2,0,0.61,,,,,,,,,,,,,,,,,,,,,,,,,971,ci CIV,MF,fr Ligue 1,23-045,2003.0,14.7,8,36,14,38.9,2.45,0.95,0.22,0.57,0,0,1221,ci CIV,MF,fr Ligue 1,23-045,2003.0,25,1323,53,49.0,14.7,15,78.0,6,10,15.0,2,1.6,33,17,16,1.09,1.48,971,ci CIV,MF,fr Ligue 1,23-045,2003.0,14.7,2,0,0,14,25,8,24,12,13,0,0.54421768707483,0.06802721088435375,0.8163265306122449,0.48299319727891155,0.4374436631910825,0.045549534087829024
295,Marc Bernal,es ESP,MF,Barcelona,es La Liga,18.0,2007.0,17,6,531,5.9,2,1,3,2,0,0,3,0,0.51,,,,,,,,,,,,,,,,,,,,,,,,,295,es ESP,MF,es La Liga,18-337,2007.0,5.9,2,6,2,33.3,1.02,0.34,0.33,1.0,0,0,367,es ESP,MF,es La Liga,18-337,2007.0,17,531,31,17.9,5.9,6,58.0,0,11,17.0,10,2.82,17,6,11,1.86,0.17,295,es ESP,MF,es La Liga,18-337,2007.0,5.9,3,0,0,11,7,0,1,6,13,0,0.3389830508474576,0.1694915254237288,1.0169491525423728,0.4915254237288135,0.4461490727710983,0.04537635095771525
1745,Afonso Moreira,pt POR,"MF,FW",Lyon,fr Ligue 1,21.0,2005.0,24,15,1452,16.1,3,7,10,3,0,0,3,0,0.62,,,,,,,,,,,,,,,,,,,,,,,,,1745,pt POR,"MF,FW",fr Ligue 1,21-040,2005.0,16.1,3,32,11,34.4,1.98,0.68,0.09,0.27,0,0,2192,pt POR,"MF,FW",fr Ligue 1,21-040,2005.0,24,1452,61,52.0,16.1,15,88.0,10,9,15.0,2,2.04,30,15,15,0.93,0.86,1745,pt POR,"MF,FW",fr Ligue 1,21-040,2005.0,16.1,3,0,0,22,43,4,93,9,19,0,0.1859504132231405,0.43388429752066116,0.5578512396694215,0.371900826446281,0.32666141123290826,0.04523941521337271
2063,Yeremi Pino,es ESP,MF,Villarreal,es La Liga,23.0,2002.0,2,2,159,1.8,0,1,1,0,0,0,0,0,0.57,,,,,,,,,,,,,,,,,,,,,,,,,2063,es ESP,MF,es La Liga,23-190,2002.0,1.8,0,2,1,50.0,1.13,0.57,0.0,0.0,0,0,2590,es ESP,MF,es La Liga,23-190,2002.0,2,159,80,5.4,1.8,2,80.0,1,0,,0,3.0,7,0,7,3.96,3.51,2063,es ESP,MF,es La Liga,23-190,2002.0,1.8,0,0,0,2,0,0,12,3,1,0,0.0,0.5660377358490566,1.6981132075471697,0.6792452830188678,0.6344521306508695,0.0447931523679983
2273,Selton Sánchez,es ESP,MF,Athletic Club,es La Liga,19.0,2007.0,7,2,196,2.2,0,1,1,0,0,0,0,0,0.46,,,,,,,,,,,,,,,,,,,,,,,,,2273,es ESP,MF,es La Liga,19-067,2007.0,2.2,0,4,1,25.0,1.84,0.46,0.0,0.0,0,0,2862,es ESP,MF,es La Liga,19-067,2007.0,7,196,28,6.6,2.2,2,54.0,0,5,18.0,12,1.43,3,4,-1,-0.46,-0.1,2273,es ESP,MF,es La Liga,19-067,2007.0,2.2,0,0,0,5,5,1,0,1,2,0,0.0,0.4591836734693877,0.4591836734693877,0.2755102040816326,0.23085635673013707,0.04465384735149555
292,Medon Berisha,al ALB,MF,Lecce,it Serie A,22.0,2003.0,13,12,871,9.7,2,3,5,2,0,0,0,0,0.52,,,,,,,,,,,,,,,,,,,,,,,,,292,al ALB,MF,it Serie A,22-189,2003.0,9.7,2,24,5,20.8,2.48,0.52,0.08,0.4,0,0,364,al ALB,MF,it Serie A,22-189,2003.0,13,871,67,28.5,9.7,12,70.0,1,1,28.0,2,1.23,7,10,-3,-0.31,0.55,292,al ALB,MF,it Serie A,22-189,2003.0,9.7,0,0,0,11,10,1,58,5,12,0,0.2066590126291619,0.3099885189437428,0.5166475315729048,0.330654420206659,0.2867319577536571,0.04392246245300191
252,Maximilian Beier,de GER,"MF,FW",Dortmund,de Bundesliga,23.0,2002.0,29,21,1808,20.1,9,4,13,9,0,0,3,0,0.65,,,,,,,,,,,,,,,,,,,,,,,,,252,de GER,"MF,FW",de Bundesliga,23-193,2002.0,20.1,9,48,20,41.7,2.39,1.0,0.19,0.45,0,0,316,de GER,"MF,FW",de Bundesliga,23-193,2002.0,29,1808,62,64.8,20.1,21,78.0,3,8,23.0,1,2.17,44,16,28,1.39,0.84,252,de GER,"MF,FW",de Bundesliga,23-193,2002.0,20.1,3,0,0,26,20,3,25,8,14,0,0.4480088495575221,0.19911504424778761,0.39823008849557523,0.3584070796460177,0.31594866233804514,0.04245841730797256
857,Max Finkgräfe,de GER,DF,RB Leipzig,de Bundesliga,22.0,2004.0,10,3,309,3.4,1,1,2,1,0,0,1,0,0.58,,,,,,,,,,,,,,,,,,,,,,,,,857,de GER,DF,de Bundesliga,22-032,2004.0,3.4,1,2,1,50.0,0.58,0.29,0.5,1.0,0,0,1077,de GER,DF,de Bundesliga,22-032,2004.0,10,309,31,11.1,3.4,3,86.0,2,7,7.0,13,2.6,7,5,2,0.58,-0.22,857,de GER,DF,de Bundesliga,22-032,2004.0,3.4,1,0,0,2,2,0,25,6,7,0,0.29126213592233013,0.29126213592233013,1.7475728155339805,0.7281553398058253,0.6871505285668331,0.041004811238992134
1332,Christian Kofane,cm CMR,FW,Leverkusen,de Bundesliga,19.0,2006.0,27,11,1161,12.9,5,3,8,5,0,0,3,0,0.62,,,,,,,,,,,,,,,,,,,,,,,,,1332,cm CMR,FW,de Bundesliga,19-276,2006.0,12.9,5,45,19,42.2,3.49,1.47,0.11,0.26,0,0,1661,cm CMR,FW,de Bundesliga,19-276,2006.0,27,1161,43,41.6,12.9,11,76.0,2,16,21.0,2,1.7,29,15,14,1.09,0.75,1332,cm CMR,FW,de Bundesliga,19-276,2006.0,12.9,3,0,0,28,14,3,0,2,7,0,0.3875968992248062,0.23255813953488372,0.15503875968992248,0.2713178294573644,0.23037331705894395,0.040944512398420424
2219,Javi Rueda,es ESP,MF,Celta Vigo,es La Liga,23.0,2002.0,22,12,1160,12.9,2,4,6,2,0,0,4,0,0.47,,,,,,,,,,,,,,,,,,,,,,,,,2219,es ESP,MF,es La Liga,23-355,2002.0,12.9,2,11,3,27.3,0.85,0.23,0.18,0.67,0,0,2793,es ESP,MF,es La Liga,23-355,2002.0,22,1160,53,39.1,12.9,12,76.0,5,10,24.0,8,1.36,13,12,1,0.08,0.03,2219,es ESP,MF,es La Liga,23-355,2002.0,12.9,4,0,0,23,15,3,22,15,10,0,0.15517241379310345,0.3103448275862069,1.1637931034482758,0.5043103448275862,0.46342735696567305,0.040882987861913134
1357,Charalampos Kostoulas,gr GRE,FW,Brighton,eng Premier League,18.0,2007.0,17,2,314,3.5,2,1,3,2,0,0,2,0,0.86,,,,,,,,,,,,,,,,,,,,,,,,,1357,gr GRE,FW,eng Premier League,18-333,2007.0,3.5,2,16,6,37.5,4.59,1.72,0.13,0.33,0,0,1692,gr GRE,FW,eng Premier League,18-333,2007.0,17,314,18,10.3,3.5,2,76.0,0,15,11.0,8,0.94,8,7,1,0.29,0.02,1357,gr GRE,FW,eng Premier League,18-333,2007.0,3.5,2,0,0,7,7,2,5,1,6,0,0.5732484076433121,0.28662420382165604,0.28662420382165604,0.40127388535031844,0.36225379657370405,0.03902008877661439
937,Gavi,es ESP,MF,Barcelona,es La Liga,21.0,2004.0,7,3,256,2.8,0,1,1,0,0,0,2,0,0.35,,,,,,,,,,,,,,,,,,,,,,,,,937,es ESP,MF,es La Liga,21-266,2004.0,2.8,0,0,0,0.0,0.0,0.0,,,0,0,1181,es ESP,MF,es La Liga,21-266,2004.0,7,256,37,8.6,2.8,3,56.0,0,4,22.0,1,3.0,9,2,7,2.46,0.8,937,es ESP,MF,es La Liga,21-266,2004.0,2.8,2,0,0,4,10,0,1,1,3,0,0.0,0.3515625,0.3515625,0.2109375,0.17285593881372918,0.03808156118627082
156,Fisnik Asllani,xk KVX,"FW,MF",Hoffenheim,de Bundesliga,23.0,2002.0,30,28,2094,23.3,10,6,16,10,0,0,2,0,0.69,,,,,,,,,,,,,,,,,,,,,,,,,156,xk KVX,"FW,MF",de Bundesliga,23-263,2002.0,23.3,10,67,26,38.8,2.88,1.12,0.15,0.38,0,0,195,xk KVX,"FW,MF",de Bundesliga,23-263,2002.0,30,2094,70,75.1,23.3,28,73.0,4,2,24.0,1,1.8,46,37,9,0.39,-0.52,156,xk KVX,"FW,MF",de Bundesliga,23-263,2002.0,23.3,2,0,0,23,35,14,8,4,7,0,0.42979942693409745,0.25787965616045844,0.17191977077363896,0.3008595988538682,0.26284663057993696,0.03801296827393125
1287,Lennart Karl,de GER,MF,Bayern Munich,de Bundesliga,18.0,2008.0,24,15,1206,13.4,5,4,9,5,0,0,1,0,0.67,,,,,,,,,,,,,,,,,,,,,,,,,1287,de GER,MF,de Bundesliga,18-065,2008.0,13.4,5,39,20,51.3,2.91,1.49,0.13,0.25,0,0,1601,de GER,MF,de Bundesliga,18-065,2008.0,24,1206,50,43.2,13.4,15,67.0,4,9,22.0,4,2.54,47,13,34,2.54,-0.13,1287,de GER,MF,de Bundesliga,18-065,2008.0,13.4,1,0,0,5,11,4,25,9,14,0,0.373134328358209,0.2985074626865672,0.6716417910447761,0.44029850746268656,0.4027057021483404,0.03759280531434617
1641,Senny Mayulu,fr FRA,"MF,FW",Paris Saint-Germain,fr Ligue 1,19.0,2006.0,22,18,1369,15.2,4,4,8,4,0,0,2,0,0.53,,,,,,,,,,,,,,,,,,,,,,,,,1641,fr FRA,"MF,FW",fr Ligue 1,19-346,2006.0,15.2,4,27,8,29.6,1.78,0.53,0.15,0.5,0,0,2056,fr FRA,"MF,FW",fr Ligue 1,19-346,2006.0,22,1369,62,50.7,15.2,18,70.0,3,4,29.0,0,2.18,32,11,21,1.38,-0.11,1641,fr FRA,"MF,FW",fr Ligue 1,19-346,2006.0,15.2,2,0,0,22,18,1,21,8,24,0,0.26296566837107377,0.26296566837107377,0.5259313367421475,0.34185536888239587,0.3045902349683924,0.03726513391400349
2071,Ernest Poku,nl NED,MF,Leverkusen,de Bundesliga,22.0,2004.0,27,16,1455,16.2,5,5,10,5,0,0,0,0,0.62,,,,,,,,,,,,,,,,,,,,,,,,,2071,nl NED,MF,de Bundesliga,22-090,2004.0,16.2,5,27,9,33.3,1.67,0.56,0.19,0.56,0,0,2602,nl NED,MF,de Bundesliga,22-090,2004.0,27,1455,54,52.2,16.2,16,73.0,2,11,27.0,3,1.7,32,18,14,0.87,0.46,2071,nl NED,MF,de Bundesliga,22-090,2004.0,16.2,0,0,0,4,17,3,12,8,9,0,0.30927835051546393,0.30927835051546393,0.4948453608247423,0.36494845360824746,0.32785409792278764,0.03709435568545982
153,Arthur,br BRA,MF,Leverkusen,de Bundesliga,23.0,2003.0,17,13,1067,11.9,1,3,4,1,0,0,2,0,0.34,,,,,,,,,,,,,,,,,,,,,,,,,153,br BRA,MF,de Bundesliga,23-042,2003.0,11.9,1,10,2,20.0,0.84,0.17,0.1,0.5,0,0,191,br BRA,MF,de Bundesliga,23-042,2003.0,17,1067,63,38.2,11.9,13,73.0,7,4,29.0,3,1.88,23,17,6,0.51,-0.23,153,br BRA,MF,de Bundesliga,23-042,2003.0,11.9,2,0,0,17,9,3,30,18,11,0,0.08434864104967198,0.2530459231490159,1.5182755388940956,0.5651358950328023,0.5283327555860837,0.036803139446718536
2529,Tiago Tomás,pt POR,"MF,FW",Stuttgart,de Bundesliga,23.0,2002.0,24,10,987,11.0,4,3,7,4,0,0,3,0,0.64,,,,,,,,,,,,,,,,,,,,,,,,,2529,pt POR,"MF,FW",de Bundesliga,23-316,2002.0,11.0,4,33,9,27.3,3.01,0.82,0.12,0.44,0,0,3190,pt POR,"MF,FW",de Bundesliga,23-316,2002.0,24,987,41,35.4,11.0,10,70.0,0,14,20.0,0,1.83,26,22,4,0.36,-0.43,2529,pt POR,"MF,FW",de Bundesliga,23-316,2002.0,11.0,3,0,0,12,28,3,12,4,8,0,0.36474164133738607,0.2735562310030395,0.36474164133738607,0.3373860182370821,0.301512108062846,0.03587391017423608
980,Rodrigo Gomes,pt POR,"MF,FW",Wolves,eng Premier League,22.0,2003.0,18,7,726,8.1,3,0,3,3,0,0,0,0,0.37,,,,,,,,,,,,,,,,,,,,,,,,,980,pt POR,"MF,FW",eng Premier League,22-295,2003.0,8.1,3,16,6,37.5,1.98,0.74,0.19,0.5,0,0,1232,pt POR,"MF,FW",eng Premier League,22-295,2003.0,18,726,40,23.7,8.1,7,69.0,1,11,22.0,4,0.56,9,15,-6,-0.74,0.49,980,pt POR,"MF,FW",eng Premier League,22-295,2003.0,8.1,0,0,0,4,8,3,21,8,14,0,0.371900826446281,0.0,0.9917355371900827,0.4462809917355372,0.41040801187560233,0.03587297985993487
1055,Arda Güler,tr TUR,MF,Real Madrid,es La Liga,21.0,2005.0,32,25,1997,22.2,4,9,13,4,0,0,1,0,0.59,,,,,,,,,,,,,,,,,,,,,,,,,1055,tr TUR,MF,es La Liga,21-062,2005.0,22.2,4,49,19,38.8,2.21,0.86,0.08,0.21,0,0,1325,tr TUR,MF,es La Liga,21-062,2005.0,32,1997,62,67.2,22.2,25,72.0,3,7,28.0,0,2.28,42,20,22,0.99,-0.4,1055,tr TUR,MF,es La Liga,21-062,2005.0,22.2,1,0,0,21,32,3,128,8,28,0,0.1802704056084126,0.40560841261892844,0.3605408112168252,0.30195292939409113,0.26608054370768774,0.035872385686403385
1985,Cole Palmer,eng ENG,"MF,FW",Chelsea,eng Premier League,23.0,2002.0,22,20,1597,17.7,9,1,10,4,5,5,4,0,0.28,,,,,,,,,,,,,,,,,,,,,,,,,1985,eng ENG,"MF,FW",eng Premier League,23-357,2002.0,17.7,9,53,20,37.7,2.99,1.13,0.08,0.2,5,5,2489,eng ENG,"MF,FW",eng Premier League,23-357,2002.0,22,1597,73,52.2,17.7,20,77.0,9,2,33.0,1,1.05,27,26,1,0.06,-0.37,1985,eng ENG,"MF,FW",eng Premier League,23-357,2002.0,17.7,4,0,0,12,27,2,30,12,11,0,0.5072010018785222,0.056355666875391355,0.6762680025046963,0.4226675015654352,0.3868247425343466,0.03584275903108858
1493,Tom Louchet,fr FRA,MF,Nice,fr Ligue 1,22.0,2003.0,24,13,1241,13.8,3,2,5,3,0,0,1,1,0.36,,,,,,,,,,,,,,,,,,,,,,,,,1493,fr FRA,MF,fr Ligue 1,22-359,2003.0,13.8,3,21,6,28.6,1.52,0.44,0.14,0.5,0,0,1873,fr FRA,MF,fr Ligue 1,22-359,2003.0,24,1241,52,44.5,13.8,13,78.0,3,11,20.0,4,1.13,14,26,-12,-0.87,-0.29,1493,fr FRA,MF,fr Ligue 1,22-359,2003.0,13.8,1,1,0,16,11,0,41,9,15,0,0.21756647864625303,0.145044319097502,0.6526994359387591,0.32634971796937956,0.2905085497988781,0.03584116817050148
2312,Giorgio Scalvini,it ITA,DF,Atalanta,it Serie A,22.0,2003.0,20,19,1515,16.8,3,1,4,3,0,0,2,0,0.24,,,,,,,,,,,,,,,,,,,,,,,,,2312,it ITA,DF,it Serie A,22-138,2003.0,16.8,3,18,6,33.3,1.07,0.36,0.17,0.5,0,0,2910,it ITA,DF,it Serie A,22-138,2003.0,20,1515,76,49.5,16.8,19,78.0,10,1,24.0,5,1.85,27,13,14,0.83,0.77,2312,it ITA,DF,it Serie A,22-138,2003.0,16.8,2,0,0,26,7,2,3,32,20,0,0.1782178217821782,0.0594059405940594,1.900990099009901,0.6594059405940593,0.6236877663468836,0.035718174247175716
218,Bradley Barcola,fr FRA,FW,Paris Saint-Germain,fr Ligue 1,23.0,2002.0,25,17,1483,16.5,10,1,11,10,0,0,2,0,0.67,,,,,,,,,,,,,,,,,,,,,,,,,218,fr FRA,FW,fr Ligue 1,23-238,2002.0,16.5,10,60,28,46.7,3.64,1.7,0.17,0.36,0,0,274,fr FRA,FW,fr Ligue 1,23-238,2002.0,25,1483,59,54.9,16.5,17,73.0,5,8,30.0,2,2.4,37,13,24,1.46,0.05,218,fr FRA,FW,fr Ligue 1,23-238,2002.0,16.5,2,0,0,17,8,5,22,11,13,0,0.6068779501011463,0.060687795010114634,0.6675657451112609,0.46122724207687116,0.4257706123328113,0.03545662974405983
1082,Conrad Harder,dk DEN,FW,RB Leipzig,de Bundesliga,21.0,2005.0,27,7,834,9.3,3,3,6,3,0,0,3,0,0.65,,,,,,,,,,,,,,,,,,,,,,,,,1082,dk DEN,FW,de Bundesliga,21-021,2005.0,9.3,3,39,12,30.8,4.21,1.29,0.08,0.25,0,0,1357,dk DEN,FW,de Bundesliga,21-021,2005.0,27,834,31,29.9,9.3,7,78.0,3,20,14.0,1,1.96,16,17,-1,-0.11,-1.26,1082,dk DEN,FW,de Bundesliga,21-021,2005.0,9.3,3,0,0,20,17,4,13,7,6,0,0.32374100719424465,0.32374100719424465,0.7553956834532374,0.45323741007194246,0.41789776564536263,0.03533964442657983
726,Patrick Dorgu,dk DEN,MF,Manchester Utd,eng Premier League,21.0,2004.0,22,14,1335,14.8,3,3,6,3,0,0,5,0,0.4,,,,,,,,,,,,,,,,,,,,,,,,,726,dk DEN,MF,eng Premier League,21-184,2004.0,14.8,3,20,7,35.0,1.35,0.47,0.15,0.43,0,0,905,dk DEN,MF,eng Premier League,21-184,2004.0,22,1335,61,43.6,14.8,14,86.0,10,8,17.0,2,1.59,18,20,-2,-0.13,-0.97,726,dk DEN,MF,eng Premier League,21-184,2004.0,14.8,5,0,0,19,42,7,54,14,30,0,0.20224719101123598,0.20224719101123598,0.9438202247191012,0.4247191011235955,0.389841010033242,0.0348780910903535
1960,Kassoum Ouattara,fr FRA,"MF,DF",Monaco,fr Ligue 1,21.0,2004.0,15,12,967,10.7,0,3,3,0,0,0,3,0,0.28,,,,,,,,,,,,,,,,,,,,,,,,,1960,fr FRA,"MF,DF",fr Ligue 1,21-196,2004.0,10.7,0,12,0,0.0,1.12,0.0,0.0,,0,0,2458,fr FRA,"MF,DF",fr Ligue 1,21-196,2004.0,15,967,64,34.7,10.7,12,75.0,5,3,23.0,7,1.4,18,20,-2,-0.19,-0.63,1960,fr FRA,"MF,DF",fr Ligue 1,21-196,2004.0,10.7,3,0,0,22,10,1,50,19,19,0,0.0,0.2792140641158221,1.7683557394002067,0.6142709410548086,0.5798172351790458,0.0344537058757628
2142,Devyne Rensch,nl NED,MF,Roma,it Serie A,23.0,2003.0,21,11,1024,11.4,0,4,4,0,0,0,1,0,0.35,,,,,,,,,,,,,,,,,,,,,,,,,2142,nl NED,MF,it Serie A,23-100,2003.0,11.4,0,4,1,25.0,0.35,0.09,0.0,0.0,0,0,2697,nl NED,MF,it Serie A,23-100,2003.0,21,1024,49,33.5,11.4,11,78.0,4,10,17.0,11,1.95,15,14,1,0.09,-0.71,2142,nl NED,MF,it Serie A,23-100,2003.0,11.4,1,0,0,4,15,3,18,12,15,0,0.0,0.3515625,1.0546875,0.421875,0.38752862753980916,0.034346372460190844
2542,Bazoumana Touré,ci CIV,"MF,FW",Hoffenheim,de Bundesliga,20.0,2006.0,27,26,2087,23.2,3,8,11,3,0,0,2,0,0.47,,,,,,,,,,,,,,,,,,,,,,,,,2542,ci CIV,"MF,FW",de Bundesliga,20-057,2006.0,23.2,3,40,10,25.0,1.72,0.43,0.08,0.3,0,0,3209,ci CIV,"MF,FW",de Bundesliga,20-057,2006.0,27,2087,77,74.8,23.2,26,79.0,9,1,27.0,3,1.74,45,39,6,0.26,-1.02,2542,ci CIV,"MF,FW",de Bundesliga,20-057,2006.0,23.2,2,0,0,40,25,8,105,6,20,0,0.12937230474365116,0.34499281264973647,0.2587446094873023,0.2328701485385721,0.1989591959897662,0.03391095254880591
988,Tidiam Gomis,fr FRA,FW,RB Leipzig,de Bundesliga,19.0,2006.0,17,2,330,3.7,1,0,1,1,0,0,1,0,0.27,,,,,,,,,,,,,,,,,,,,,,,,,988,fr FRA,FW,de Bundesliga,19-263,2006.0,3.7,1,9,3,33.3,2.45,0.82,0.11,0.33,0,0,1243,fr FRA,FW,de Bundesliga,19-263,2006.0,17,330,19,11.8,3.7,2,69.0,0,15,13.0,10,1.88,5,8,-3,-0.82,-1.81,988,fr FRA,FW,de Bundesliga,19-263,2006.0,3.7,1,0,0,4,3,3,6,0,2,0,0.2727272727272727,0.0,0.0,0.10909090909090909,0.07557731261172601,0.033513596479183075
2415,Matìas Soulé,ar ARG,"MF,FW",Roma,it Serie A,23.0,2003.0,29,25,1932,21.5,6,5,11,6,0,0,1,0,0.51,,,,,,,,,,,,,,,,,,,,,,,,,2415,ar ARG,"MF,FW",it Serie A,23-013,2003.0,21.5,6,46,15,32.6,2.14,0.7,0.13,0.4,0,0,3045,ar ARG,"MF,FW",it Serie A,23-013,2003.0,29,1932,67,63.1,21.5,25,72.0,1,4,30.0,0,1.86,31,16,15,0.7,0.38,2415,ar ARG,"MF,FW",it Serie A,23-013,2003.0,21.5,1,0,0,6,37,4,70,9,14,0,0.2795031055900621,0.2329192546583851,0.4192546583850932,0.3074534161490683,0.2740948153536009,0.033358600795467375
2184,Jesus Rodríguez,es ESP,MF,Como,it Serie A,20.0,2005.0,27,16,1574,17.5,1,7,8,1,0,0,2,1,0.46,,,,,,,,,,,,,,,,,,,,,,,,,2184,es ESP,MF,it Serie A,20-158,2005.0,17.5,1,42,10,23.8,2.4,0.57,0.02,0.1,0,0,2747,es ESP,MF,it Serie A,20-158,2005.0,27,1574,58,51.4,17.5,16,78.0,3,11,30.0,3,1.81,36,11,25,1.43,1.07,2184,es ESP,MF,it Serie A,20-158,2005.0,17.5,2,1,0,21,28,3,53,4,16,0,0.05717916137229988,0.40025412960609913,0.2287166454891995,0.21156289707750955,0.17829160816517609,0.03327128891233347
799,Endrick,br BRA,"FW,MF",Lyon,fr Ligue 1,19.0,2006.0,13,11,972,10.8,4,6,10,3,1,1,3,1,0.83,,,,,,,,,,,,,,,,,,,,,,,,,799,br BRA,"FW,MF",fr Ligue 1,19-281,2006.0,10.8,4,37,22,59.5,3.43,2.04,0.08,0.14,1,1,995,br BRA,"FW,MF",fr Ligue 1,19-281,2006.0,13,972,75,34.8,10.8,11,82.0,3,2,36.0,0,1.85,21,12,9,0.83,0.49,799,br BRA,"FW,MF",fr Ligue 1,19-281,2006.0,10.8,3,1,0,16,18,3,31,2,7,0,0.3703703703703704,0.5555555555555556,0.1851851851851852,0.3703703703703704,0.3373027029528613,0.033067667417509106
177,Yasin Ayari,se SWE,MF,Brighton,eng Premier League,22.0,2003.0,27,20,1905,21.2,3,3,6,3,0,0,1,0,0.28,,,,,,,,,,,,,,,,,,,,,,,,,177,se SWE,MF,eng Premier League,22-204,2003.0,21.2,3,41,10,24.4,1.94,0.47,0.07,0.3,0,0,218,se SWE,MF,eng Premier League,22-204,2003.0,27,1905,71,62.3,21.2,20,86.0,15,7,25.0,1,1.56,31,23,8,0.38,0.3,177,se SWE,MF,eng Premier League,22-204,2003.0,21.2,1,0,0,23,28,0,23,25,25,0,0.14173228346456693,0.14173228346456693,1.1811023622047243,0.45354330708661417,0.4206993071645798,0.03284399992203435
841,Evan Ferguson,ie IRL,FW,Roma,it Serie A,21.0,2004.0,16,10,773,8.6,3,2,5,3,0,0,1,0,0.58,,,,,,,,,,,,,,,,,,,,,,,,,841,ie IRL,FW,it Serie A,21-191,2004.0,8.6,3,27,15,55.6,3.14,1.75,0.11,0.2,0,0,1052,ie IRL,FW,it Serie A,21-191,2004.0,16,773,48,25.3,8.6,10,59.0,1,6,30.0,3,1.88,12,6,6,0.7,0.19,841,ie IRL,FW,it Serie A,21-191,2004.0,8.6,1,0,0,11,9,3,2,1,4,0,0.34928848641655885,0.2328589909443726,0.1164294954721863,0.2445019404915912,0.21173586689550153,0.032766073596089684
669,Assane Diao,sn SEN,MF,Como,it Serie A,20.0,2005.0,13,9,738,8.2,2,1,3,2,0,0,2,0,0.37,,,,,,,,,,,,,,,,,,,,,,,,,669,sn SEN,MF,it Serie A,20-233,2005.0,8.2,2,18,6,33.3,2.2,0.73,0.11,0.33,0,0,840,sn SEN,MF,it Serie A,20-233,2005.0,13,738,57,24.1,8.2,9,66.0,1,4,36.0,1,1.46,12,10,2,0.24,-0.88,669,sn SEN,MF,it Serie A,20-233,2005.0,8.2,2,0,0,10,24,2,19,2,3,0,0.24390243902439024,0.12195121951219512,0.24390243902439024,0.20731707317073172,0.17516222454792454,0.03215484862280718
599,Adam Daghim,dk DEN,MF,Wolfsburg,de Bundesliga,20.0,2005.0,24,9,1118,12.4,2,3,5,2,0,0,2,0,0.4,,,,,,,,,,,,,,,,,,,,,,,,,599,dk DEN,MF,de Bundesliga,20-212,2005.0,12.4,2,19,5,26.3,1.53,0.4,0.11,0.4,0,0,755,dk DEN,MF,de Bundesliga,20-212,2005.0,24,1118,47,40.1,12.4,9,84.0,5,15,24.0,1,0.58,14,30,-16,-1.29,-0.8,599,dk DEN,MF,de Bundesliga,20-212,2005.0,12.4,2,0,0,14,21,3,17,10,19,0,0.16100178890876565,0.24150268336314845,0.8050089445438282,0.37835420393559926,0.3465638752815221,0.03179032865407716
484,Santiago Castro,ar ARG,FW,Bologna,it Serie A,21.0,2004.0,31,23,2083,23.1,7,2,9,7,0,0,2,0,0.39,,,,,,,,,,,,,,,,,,,,,,,,,484,ar ARG,FW,it Serie A,21-222,2004.0,23.1,7,56,18,32.1,2.42,0.78,0.13,0.39,0,0,602,ar ARG,FW,it Serie A,21-222,2004.0,31,2083,67,68.1,23.1,23,79.0,9,8,32.0,3,1.35,28,29,-1,-0.04,-0.23,484,ar ARG,FW,it Serie A,21-222,2004.0,23.1,2,0,0,33,47,10,4,1,8,0,0.30244839174267885,0.08641382621219394,0.04320691310609697,0.15986557849255884,0.12887912905167195,0.030986449440886882
733,Guela Doué,ci CIV,"DF,MF",Strasbourg,fr Ligue 1,23.0,2002.0,21,20,1791,19.9,2,6,8,2,0,0,3,0,0.4,,,,,,,,,,,,,,,,,,,,,,,,,733,ci CIV,"DF,MF",fr Ligue 1,23-193,2002.0,19.9,2,12,5,41.7,0.6,0.25,0.17,0.4,0,0,914,ci CIV,"DF,MF",fr Ligue 1,23-193,2002.0,21,1791,85,66.3,19.9,20,88.0,16,1,30.0,0,1.52,38,26,12,0.6,0.8,733,ci CIV,"DF,MF",fr Ligue 1,23-193,2002.0,19.9,3,0,0,40,20,0,45,25,35,0,0.10050251256281408,0.30150753768844224,1.2562814070351758,0.507537688442211,0.4766856841759284,0.03085200426628265
575,Mamadou Coulibaly,fr FRA,MF,Monaco,fr Ligue 1,22.0,2004.0,22,15,1291,14.3,3,3,6,3,0,0,5,1,0.42,,,,,,,,,,,,,,,,,,,,,,,,,575,fr FRA,MF,fr Ligue 1,22-007,2004.0,14.3,3,10,4,40.0,0.7,0.28,0.3,0.75,0,0,723,fr FRA,MF,fr Ligue 1,22-007,2004.0,22,1291,59,46.3,14.3,15,75.0,5,7,23.0,4,1.68,25,27,-2,-0.14,-0.68,575,fr FRA,MF,fr Ligue 1,22-007,2004.0,14.3,5,1,0,29,14,3,12,19,20,0,0.209140201394268,0.209140201394268,1.3245546088303641,0.5437645236250969,0.5135702293583714,0.030194294266725485
1340,Luca Koleosho,it ITA,MF,Paris FC,fr Ligue 1,21.0,2004.0,13,2,415,4.6,2,0,2,2,0,0,0,0,0.43,,,,,,,,,,,,,,,,,,,,,,,,,1340,it ITA,MF,fr Ligue 1,21-225,2004.0,4.6,2,12,8,66.7,2.6,1.73,0.17,0.25,0,0,1669,it ITA,MF,fr Ligue 1,21-225,2004.0,13,415,32,14.9,4.6,2,75.0,0,11,24.0,1,1.46,8,7,1,0.22,0.52,1340,it ITA,MF,fr Ligue 1,21-225,2004.0,4.6,0,0,0,9,3,1,14,2,10,0,0.4337349397590362,0.0,0.4337349397590362,0.30361445783132535,0.2734462436293313,0.03016821420199406
1729,Max Moerstedt,de GER,FW,Hoffenheim,de Bundesliga,20.0,2006.0,21,1,410,4.6,2,0,2,2,0,0,2,0,0.44,,,,,,,,,,,,,,,,,,,,,,,,,1729,de GER,FW,de Bundesliga,20-103,2006.0,4.6,2,5,3,60.0,1.1,0.66,0.4,0.67,0,0,2167,de GER,FW,de Bundesliga,20-103,2006.0,21,410,20,14.7,4.6,1,75.0,0,20,17.0,7,1.95,9,6,3,0.66,0.17,1729,de GER,FW,de Bundesliga,20-103,2006.0,4.6,2,0,0,13,10,3,4,0,3,0,0.43902439024390244,0.0,0.0,0.175609756097561,0.14569520526357163,0.029914550833989362
732,Désiré Doué,fr FRA,"FW,MF",Paris Saint-Germain,fr Ligue 1,20.0,2005.0,20,14,1146,12.7,6,2,8,6,0,1,0,0,0.63,,,,,,,,,,,,,,,,,,,,,,,,,732,fr FRA,"FW,MF",fr Ligue 1,20-329,2005.0,12.7,6,45,17,37.8,3.53,1.34,0.13,0.35,0,1,913,fr FRA,"FW,MF",fr Ligue 1,20-329,2005.0,20,1146,57,42.4,12.7,14,68.0,1,6,34.0,1,2.35,29,13,16,1.26,-0.31,732,fr FRA,"FW,MF",fr Ligue 1,20-329,2005.0,12.7,0,0,0,22,27,0,51,8,17,0,0.47120418848167545,0.15706806282722513,0.6282722513089005,0.4240837696335079,0.39419897321846925,0.02988479641503866
1831,Paul Nebel,de GER,MF,Mainz 05,de Bundesliga,23.0,2002.0,27,21,1824,20.3,5,1,6,5,0,0,2,2,0.3,,,,,,,,,,,,,,,,,,,,,,,,,1831,de GER,MF,de Bundesliga,23-200,2002.0,20.3,5,29,7,24.1,1.43,0.35,0.17,0.71,0,0,2298,de GER,MF,de Bundesliga,23-200,2002.0,27,1824,68,65.4,20.3,21,82.0,11,6,17.0,0,1.19,22,35,-13,-0.64,-0.92,1831,de GER,MF,de Bundesliga,23-200,2002.0,20.3,2,2,0,28,19,3,125,12,28,0,0.24671052631578946,0.049342105263157895,0.5921052631578947,0.2911184210526315,0.26166158998505773,0.029456831067573797
1396,Rémy Labeau Lascary,gp GLP,"MF,FW",Brest,fr Ligue 1,23.0,2003.0,23,11,1063,11.8,5,1,6,5,0,0,2,0,0.51,,,,,,,,,,,,,,,,,,,,,,,,,1396,gp GLP,"MF,FW",fr Ligue 1,23-056,2003.0,11.8,5,28,14,50.0,2.37,1.19,0.18,0.36,0,0,1738,gp GLP,"MF,FW",fr Ligue 1,23-056,2003.0,23,1063,46,39.4,11.8,11,71.0,3,12,24.0,0,1.52,18,18,0,0.0,0.33,1396,gp GLP,"MF,FW",fr Ligue 1,23-056,2003.0,11.8,2,0,0,25,15,8,11,4,9,0,0.4233301975540922,0.08466603951081844,0.33866415804327377,0.2963311382878645,0.2669854102015363,0.029345728086328182
433,Francesco Camarda,it ITA,FW,Lecce,it Serie A,18.0,2008.0,18,7,640,7.1,1,0,1,1,0,1,1,0,0.14,,,,,,,,,,,,,,,,,,,,,,,,,433,it ITA,FW,it Serie A,18-049,2008.0,7.1,1,14,3,21.4,1.97,0.42,0.07,0.33,0,1,536,it ITA,FW,it Serie A,18-049,2008.0,18,640,36,20.9,7.1,7,62.0,0,11,18.0,1,0.83,4,9,-5,-0.7,0.0,433,it ITA,FW,it Serie A,18-049,2008.0,7.1,1,0,0,12,4,1,1,0,1,0,0.140625,0.0,0.0,0.05625,0.027048131832642906,0.029201868167357096
391,Andrija Bulatović,me MNE,MF,Lens,fr Ligue 1,19.0,2006.0,16,4,576,6.4,0,2,2,0,0,0,1,0,0.31,,,,,,,,,,,,,,,,,,,,,,,,,391,me MNE,MF,fr Ligue 1,19-122,2006.0,6.4,0,6,4,66.7,0.94,0.62,0.0,0.0,0,0,488,me MNE,MF,fr Ligue 1,19-122,2006.0,16,576,36,21.3,6.4,4,89.0,2,12,18.0,12,2.06,16,7,9,1.41,0.6,391,me MNE,MF,fr Ligue 1,19-122,2006.0,6.4,1,0,0,15,17,0,39,6,15,0,0.0,0.3125,0.9375,0.375,0.3464951137347127,0.0285048862652873
1035,Javier Guerra,es ESP,MF,Valencia,es La Liga,22.0,2003.0,31,20,1650,18.3,1,5,6,1,0,0,3,0,0.33,,,,,,,,,,,,,,,,,,,,,,,,,1035,es ESP,MF,es La Liga,22-350,2003.0,18.3,1,18,6,33.3,0.98,0.33,0.06,0.17,0,0,1302,es ESP,MF,es La Liga,22-350,2003.0,31,1650,53,55.6,18.3,20,73.0,4,11,18.0,2,1.26,22,24,-2,-0.11,0.5,1035,es ESP,MF,es La Liga,22-350,2003.0,18.3,3,0,0,25,13,1,35,21,12,0,0.05454545454545454,0.2727272727272727,1.1454545454545455,0.44727272727272727,0.4193064645253061,0.027966262747421144
1552,Said El Mala,de GER,"FW,MF",Köln,de Bundesliga,19.0,2006.0,31,17,1717,19.1,11,4,15,10,1,1,3,0,0.73,,,,,,,,,,,,,,,,,,,,,,,,,1552,de GER,"FW,MF",de Bundesliga,19-245,2006.0,19.1,11,69,27,39.1,3.62,1.42,0.14,0.37,1,1,1944,de GER,"FW,MF",de Bundesliga,19-245,2006.0,31,1717,55,61.5,19.1,17,78.0,5,14,28.0,0,1.0,28,30,-2,-0.1,0.4,1552,de GER,"FW,MF",de Bundesliga,19-245,2006.0,19.1,3,0,0,12,20,17,38,6,12,0,0.5765870704717531,0.20966802562609202,0.31450203843913804,0.38788584740827026,0.3600791515086527,0.02780669589961754
1632,Jean Mattéo Bahoya,fr FRA,"MF,FW",Eintracht Frankfurt,de Bundesliga,20.0,2005.0,24,14,1251,13.9,3,4,7,3,0,0,1,0,0.5,,,,,,,,,,,,,,,,,,,,,,,,,1632,fr FRA,"MF,FW",de Bundesliga,20-356,2005.0,13.9,3,25,8,32.0,1.8,0.58,0.12,0.38,0,0,2043,fr FRA,"MF,FW",de Bundesliga,20-356,2005.0,24,1251,52,44.8,13.9,14,72.0,4,10,24.0,2,1.38,21,26,-5,-0.36,-0.54,1632,fr FRA,"MF,FW",de Bundesliga,20-356,2005.0,13.9,1,0,0,12,21,2,31,11,12,0,0.2158273381294964,0.28776978417266186,0.7913669064748201,0.4100719424460431,0.38262138625732567,0.027450556188717445
1277,Jakub Kamiński,pl POL,"MF,FW",Köln,de Bundesliga,23.0,2002.0,31,31,2767,30.7,7,3,10,7,0,0,4,0,0.33,,,,,,,,,,,,,,,,,,,,,,,,,1277,pl POL,"MF,FW",de Bundesliga,23-327,2002.0,30.7,7,59,24,40.7,1.92,0.78,0.12,0.29,0,0,1590,pl POL,"MF,FW",de Bundesliga,23-327,2002.0,31,2767,89,99.2,30.7,31,89.0,27,0,,0,1.0,45,52,-7,-0.23,3.69,1277,pl POL,"MF,FW",de Bundesliga,23-327,2002.0,30.7,4,0,0,13,28,6,105,22,26,0,0.22768341163715214,0.09757860498735092,0.7155764365739068,0.33501987712323816,0.3075881785893227,0.027431698533915472
868,Rayan Fofana,fr FRA,FW,Lens,fr Ligue 1,20.0,2006.0,24,6,753,8.4,5,0,5,5,0,0,0,0,0.6,,,,,,,,,,,,,,,,,,,,,,,,,868,fr FRA,FW,fr Ligue 1,20-075,2006.0,8.4,5,35,12,34.3,4.18,1.43,0.14,0.42,0,0,1089,fr FRA,FW,fr Ligue 1,20-075,2006.0,24,753,31,27.9,8.4,6,63.0,0,18,21.0,6,2.04,17,8,9,1.08,0.2,868,fr FRA,FW,fr Ligue 1,20-075,2006.0,8.4,0,0,0,13,32,7,5,1,4,0,0.5976095617529881,0.0,0.1195219123505976,0.2749003984063745,0.24756580740556483,0.02733459100080965
2030,Ángel Pérez,es ESP,"MF,DF",Alavés,es La Liga,23.0,2002.0,11,9,838,9.3,1,2,3,1,0,0,3,0,0.32,,,,,,,,,,,,,,,,,,,,,,,,,2030,es ESP,"MF,DF",es La Liga,23-242,2002.0,9.3,1,9,3,33.3,0.97,0.32,0.11,0.33,0,0,2551,es ESP,"MF,DF",es La Liga,23-242,2002.0,11,838,76,28.2,9.3,9,87.0,5,2,30.0,1,1.0,16,18,-2,-0.21,0.17,2030,es ESP,"MF,DF",es La Liga,23-242,2002.0,9.3,3,0,0,12,12,3,70,5,11,0,0.10739856801909309,0.21479713603818618,0.5369928400954653,0.26849642004773266,0.24145153619721213,0.027044883850520535
501,Fares Chaïbi,dz ALG,MF,Eintracht Frankfurt,de Bundesliga,23.0,2002.0,25,20,1661,18.5,2,9,11,2,0,0,1,0,0.6,,,,,,,,,,,,,,,,,,,,,,,,,501,dz ALG,MF,de Bundesliga,23-151,2002.0,18.5,2,31,7,22.6,1.68,0.38,0.06,0.29,0,0,624,dz ALG,MF,de Bundesliga,23-151,2002.0,25,1661,66,59.5,18.5,20,78.0,8,5,21.0,2,1.48,37,36,1,0.05,0.29,501,dz ALG,MF,de Bundesliga,23-151,2002.0,18.5,1,0,0,12,20,4,87,13,20,0,0.10836845273931367,0.4876580373269115,0.7043949428055389,0.4009632751354606,0.37415475052398395,0.026808524611476647
2012,Pedri,es ESP,MF,Barcelona,es La Liga,23.0,2002.0,25,20,1808,20.1,2,8,10,2,0,0,2,1,0.5,,,,,,,,,,,,,,,,,,,,,,,,,2012,es ESP,MF,es La Liga,23-154,2002.0,20.1,2,20,10,50.0,1.0,0.5,0.1,0.2,0,0,2526,es ESP,MF,es La Liga,23-154,2002.0,25,1808,72,60.9,20.1,20,82.0,9,5,32.0,0,2.56,53,19,34,1.69,-0.09,2012,es ESP,MF,es La Liga,23-154,2002.0,20.1,2,1,1,8,39,1,9,21,32,0,0.09955752212389381,0.39823008849557523,1.045353982300885,0.47289823008849563,0.446237745478276,0.026660484610219637
1855,Rio Ngumoha,eng ENG,MF,Liverpool,eng Premier League,17.0,2008.0,15,2,316,3.5,2,0,2,2,0,0,0,0,0.57,,,,,,,,,,,,,,,,,,,,,,,,,1855,eng ENG,MF,eng Premier League,17-242,2008.0,3.5,2,10,6,60.0,2.85,1.71,0.2,0.33,0,0,2325,eng ENG,MF,eng Premier League,17-242,2008.0,15,316,21,10.3,3.5,2,66.0,0,13,14.0,18,1.4,12,4,8,2.28,2.11,1855,eng ENG,MF,eng Premier League,17-242,2008.0,3.5,0,0,0,3,6,0,15,1,1,0,0.569620253164557,0.0,0.2848101265822785,0.31329113924050633,0.28671475419411885,0.026576385046387485
96,Ayoube Amaimouni Echghouyab,ma MAR,"MF,FW",Eintracht Frankfurt,de Bundesliga,21.0,2004.0,15,6,563,6.3,2,3,5,2,0,0,1,0,0.8,,,,,,,,,,,,,,,,,,,,,,,,,96,ma MAR,"MF,FW",de Bundesliga,21-149,2004.0,6.3,2,12,7,58.3,1.92,1.12,0.17,0.29,0,0,123,ma MAR,"MF,FW",de Bundesliga,21-149,2004.0,15,563,38,20.2,6.3,6,67.0,0,9,18.0,1,1.13,13,11,2,0.32,0.48,96,ma MAR,"MF,FW",de Bundesliga,21-149,2004.0,6.3,1,0,0,8,9,6,28,2,4,0,0.3197158081705151,0.47957371225577267,0.3197158081705151,0.36767317939609234,0.3416927097024758,0.02598046969361656
1735,Alberto Moleiro,es ESP,MF,Villarreal,es La Liga,22.0,2003.0,32,26,2090,23.2,9,4,13,9,0,0,4,0,0.56,,,,,,,,,,,,,,,,,,,,,,,,,1735,es ESP,MF,es La Liga,22-210,2003.0,23.2,9,41,18,43.9,1.77,0.78,0.22,0.5,0,0,2175,es ESP,MF,es La Liga,22-210,2003.0,32,2090,65,70.4,23.2,26,75.0,5,6,22.0,1,2.03,42,24,18,0.78,0.47,1735,es ESP,MF,es La Liga,22-210,2003.0,23.2,4,0,0,31,25,3,21,10,16,0,0.38755980861244016,0.1722488038277512,0.43062200956937796,0.3358851674641148,0.3099655454602791,0.025919622003835685
2374,Xavi Simons,nl NED,"MF,FW",Tottenham Hotspur,eng Premier League,23.0,2003.0,28,19,1755,19.5,2,5,7,2,0,0,5,1,0.36,,,,,,,,,,,,,,,,,,,,,,,,,2374,nl NED,"MF,FW",eng Premier League,23-007,2003.0,19.5,2,42,10,23.8,2.15,0.51,0.05,0.2,0,0,2993,nl NED,"MF,FW",eng Premier League,23-007,2003.0,28,1755,63,57.4,19.5,19,78.0,10,9,30.0,0,0.82,26,33,-7,-0.36,-0.15,2374,nl NED,"MF,FW",eng Premier League,23-007,2003.0,19.5,5,1,0,21,44,0,51,15,20,0,0.10256410256410256,0.25641025641025644,0.7692307692307693,0.3487179487179487,0.3229803709599372,0.0257375777580115
2283,Mamadou Sangare,ml MLI,MF,Lens,fr Ligue 1,23.0,2002.0,27,25,2143,23.8,3,4,7,3,0,0,5,0,0.29,,,,,,,,,,,,,,,,,,,,,,,,,2283,ml MLI,MF,fr Ligue 1,23-306,2002.0,23.8,3,48,12,25.0,2.02,0.5,0.06,0.25,0,0,2873,ml MLI,MF,fr Ligue 1,23-306,2002.0,27,2143,79,79.4,23.8,25,83.0,18,2,33.0,0,2.22,46,26,20,0.84,-0.45,2283,ml MLI,MF,fr Ligue 1,23-306,2002.0,23.8,5,0,0,33,42,3,7,36,49,0,0.12599160055996267,0.1679888007466169,1.511899206719552,0.5543630424638357,0.5290209682675953,0.02534207419624046
852,Thiago Fernández,ar ARG,MF,Oviedo,es La Liga,22.0,2004.0,12,6,578,6.4,0,4,4,0,0,0,3,0,0.62,,,,,,,,,,,,,,,,,,,,,,,,,852,ar ARG,MF,es La Liga,22-025,2004.0,6.4,0,10,4,40.0,1.56,0.62,0.0,0.0,0,0,1070,ar ARG,MF,es La Liga,22-025,2004.0,12,578,48,19.5,6.4,6,66.0,0,6,31.0,0,1.25,12,12,0,0.0,0.94,852,ar ARG,MF,es La Liga,22-025,2004.0,6.4,3,0,0,6,8,2,21,4,4,0,0.0,0.6228373702422145,0.6228373702422145,0.3737024221453287,0.34838361668392825,0.025318805461400473
379,Nathaniel Brown,de GER,"MF,DF",Eintracht Frankfurt,de Bundesliga,22.0,2003.0,30,26,2386,26.5,4,4,8,4,0,0,3,0,0.3,,,,,,,,,,,,,,,,,,,,,,,,,379,de GER,"MF,DF",de Bundesliga,22-316,2003.0,26.5,4,17,9,52.9,0.64,0.34,0.24,0.44,0,0,475,de GER,"MF,DF",de Bundesliga,22-316,2003.0,30,2386,80,85.5,26.5,26,86.0,20,4,41.0,0,1.43,47,48,-1,-0.04,0.19,379,de GER,"MF,DF",de Bundesliga,22-316,2003.0,26.5,3,0,0,25,29,1,38,24,52,0,0.15088013411567477,0.15088013411567477,0.9052808046940486,0.37720033528918695,0.3519465181754324,0.025253817113754573
1119,Santiago Hidalgo,ar ARG,"MF,FW",Toulouse,fr Ligue 1,21.0,2005.0,26,12,1148,12.8,4,5,9,4,0,0,4,0,0.71,,,,,,,,,,,,,,,,,,,,,,,,,1119,ar ARG,"MF,FW",fr Ligue 1,21-070,2005.0,12.8,4,28,10,35.7,2.2,0.78,0.14,0.4,0,0,1405,ar ARG,"MF,FW",fr Ligue 1,21-070,2005.0,26,1148,44,41.1,12.8,12,73.0,3,14,20.0,4,1.35,25,13,12,0.94,1.65,1119,ar ARG,"MF,FW",fr Ligue 1,21-070,2005.0,12.8,4,0,0,36,29,7,10,8,14,0,0.313588850174216,0.39198606271777003,0.627177700348432,0.431184668989547,0.40680605295900335,0.024378616030543643
2350,Nicolás Serrano,es ESP,MF,Athletic Club,es La Liga,23.0,2003.0,14,4,344,3.8,1,0,1,1,0,0,0,0,0.26,,,,,,,,,,,,,,,,,,,,,,,,,2350,es ESP,MF,es La Liga,23-054,2003.0,3.8,1,15,3,20.0,3.92,0.78,0.07,0.33,0,0,2957,es ESP,MF,es La Liga,23-054,2003.0,14,344,25,11.6,3.8,4,60.0,0,10,10.0,17,1.43,5,5,0,0.0,0.41,2350,es ESP,MF,es La Liga,23-054,2003.0,3.8,0,0,0,9,6,0,35,2,5,0,0.2616279069767442,0.0,0.5232558139534884,0.2616279069767442,0.23727171808103845,0.02435618889570576
293,Anthony Bermont,fr FRA,FW,Lens,fr Ligue 1,21.0,2005.0,9,0,92,1.0,0,0,0,0,0,0,0,0,0.0,,,,,,,,,,,,,,,,,,,,,,,,,293,fr FRA,FW,fr Ligue 1,21-077,2005.0,1.0,0,3,1,33.3,2.93,0.98,0.0,0.0,0,0,365,fr FRA,FW,fr Ligue 1,21-077,2005.0,9,92,10,3.4,1.0,0,,0,9,10.0,12,1.33,4,0,4,3.91,3.08,293,fr FRA,FW,fr Ligue 1,21-077,2005.0,1.0,0,0,0,2,0,0,11,3,0,0,0.0,0.0,2.934782608695652,0.8804347826086956,0.8566398815088085,0.023794901099887023
2631,Antonio Vergara,it ITA,MF,Napoli,it Serie A,23.0,2003.0,11,8,601,6.7,1,2,3,1,0,0,2,0,0.45,,,,,,,,,,,,,,,,,,,,,,,,,2631,it ITA,MF,it Serie A,23-102,2003.0,6.7,1,10,3,30.0,1.5,0.45,0.1,0.33,0,0,3314,it ITA,MF,it Serie A,23-102,2003.0,11,601,55,19.6,6.7,8,73.0,1,3,7.0,15,2.09,10,9,1,0.15,-0.51,2631,it ITA,MF,it Serie A,23-102,2003.0,6.7,2,0,0,16,20,2,11,4,9,0,0.1497504159733777,0.2995008319467554,0.5990016638935108,0.329450915141431,0.3059299205380649,0.023520994603366097
964,Giovane,br BRA,FW,Napoli,it Serie A,22.0,2003.0,11,1,263,2.9,0,1,1,0,0,0,0,0,0.34,,,,,,,,,,,,,,,,,,,,,,,,,964,br BRA,FW,it Serie A,22-155,2003.0,2.9,0,7,1,14.3,2.4,0.34,0.0,0.0,0,0,1213,br BRA,FW,it Serie A,22-155,2003.0,11,263,24,8.6,2.9,1,69.0,0,10,19.0,2,1.82,2,4,-2,-0.68,-1.36,964,br BRA,FW,it Serie A,22-155,2003.0,2.9,0,0,0,3,8,6,10,1,0,0,0.0,0.34220532319391633,0.34220532319391633,0.2053231939163498,0.1818070579012927,0.023516136015057088
1701,Lewis Miley,eng ENG,"MF,DF",Newcastle United,eng Premier League,19.0,2006.0,22,14,1406,15.6,1,4,5,1,0,0,0,0,0.32,,,,,,,,,,,,,,,,,,,,,,,,,1701,eng ENG,"MF,DF",eng Premier League,19-362,2006.0,15.6,1,12,4,33.3,0.77,0.26,0.08,0.25,0,0,2135,eng ENG,"MF,DF",eng Premier League,19-362,2006.0,22,1406,64,45.9,15.6,14,88.0,12,8,22.0,5,1.23,22,21,1,0.06,0.34,1701,eng ENG,"MF,DF",eng Premier League,19-362,2006.0,15.6,0,0,0,5,4,2,41,20,18,0,0.06401137980085349,0.25604551920341395,1.2802275960170697,0.4864864864864865,0.46305514144981297,0.023431345036673545
525,Carney Chukwuemeka,at AUT,"MF,FW",Dortmund,de Bundesliga,22.0,2003.0,26,8,890,9.9,2,0,2,2,0,0,2,0,0.2,,,,,,,,,,,,,,,,,,,,,,,,,525,at AUT,"MF,FW",de Bundesliga,22-190,2003.0,9.9,2,18,2,11.1,1.82,0.2,0.11,1.0,0,0,658,at AUT,"MF,FW",de Bundesliga,22-190,2003.0,26,890,34,31.9,9.9,8,73.0,1,18,17.0,2,2.38,20,6,14,1.42,0.47,525,at AUT,"MF,FW",de Bundesliga,22-190,2003.0,9.9,2,0,0,11,14,0,1,6,15,0,0.20224719101123598,0.0,0.6067415730337079,0.2629213483146068,0.23949115725047215,0.02343019106413463
165,Zachary Athekame,ch SUI,"MF,DF",Milan,it Serie A,21.0,2004.0,23,6,635,7.1,1,2,3,1,0,0,3,0,0.43,,,,,,,,,,,,,,,,,,,,,,,,,165,ch SUI,"MF,DF",it Serie A,21-136,2004.0,7.1,1,8,2,25.0,1.13,0.28,0.13,0.5,0,0,205,ch SUI,"MF,DF",it Serie A,21-136,2004.0,23,635,28,20.8,7.1,6,60.0,0,17,16.0,8,1.87,13,9,4,0.57,-0.06,165,ch SUI,"MF,DF",it Serie A,21-136,2004.0,7.1,3,0,0,12,8,1,38,4,6,0,0.14173228346456693,0.28346456692913385,0.5669291338582677,0.31181102362204727,0.2885221186440706,0.023288904977976643
1576,Johan Manzambi,ch SUI,MF,Freiburg,de Bundesliga,20.0,2005.0,24,23,1859,20.7,5,2,7,5,0,0,4,2,0.34,,,,,,,,,,,,,,,,,,,,,,,,,1576,ch SUI,MF,de Bundesliga,20-196,2005.0,20.7,5,46,12,26.1,2.23,0.58,0.11,0.42,0,0,1973,ch SUI,MF,de Bundesliga,20-196,2005.0,24,1859,77,66.6,20.7,23,79.0,7,1,45.0,1,1.38,31,33,-2,-0.1,0.48,1576,ch SUI,MF,de Bundesliga,20-196,2005.0,20.7,4,2,0,21,70,1,30,26,12,0,0.24206562668101128,0.09682625067240451,1.2587412587412588,0.5034965034965035,0.48071651799211357,0.022779985504389977
220,Roony Bardghji,se SWE,"MF,FW",Barcelona,es La Liga,20.0,2005.0,18,5,498,5.5,1,1,2,1,0,0,0,0,0.36,,,,,,,,,,,,,,,,,,,,,,,,,220,se SWE,"MF,FW",es La Liga,20-164,2005.0,5.5,1,18,11,61.1,3.25,1.99,0.06,0.09,0,0,276,se SWE,"MF,FW",es La Liga,20-164,2005.0,18,498,28,16.8,5.5,5,59.0,0,13,16.0,12,2.33,16,6,10,1.81,0.1,220,se SWE,"MF,FW",es La Liga,20-164,2005.0,5.5,0,0,0,5,6,0,43,2,4,0,0.18072289156626503,0.18072289156626503,0.36144578313253006,0.23493975903614456,0.21221763126033225,0.022722127775812312
430,Lamine Camara,sn SEN,MF,Monaco,fr Ligue 1,22.0,2004.0,21,19,1610,17.9,1,4,5,1,0,0,5,0,0.28,,,,,,,,,,,,,,,,,,,,,,,,,430,sn SEN,MF,fr Ligue 1,22-117,2004.0,17.9,1,21,2,9.5,1.17,0.11,0.05,0.5,0,0,533,sn SEN,MF,fr Ligue 1,22-117,2004.0,21,1610,77,57.7,17.9,19,83.0,13,2,17.0,0,2.0,36,20,16,0.89,1.58,430,sn SEN,MF,fr Ligue 1,22-117,2004.0,17.9,5,0,0,24,43,0,87,37,30,0,0.055900621118012424,0.2236024844720497,2.0683229813664594,0.7099378881987577,0.6873380270113691,0.022599861187388548
2653,Cristian Volpato,it ITA,"FW,MF",Sassuolo,it Serie A,22.0,2003.0,20,10,943,10.5,2,4,6,2,0,0,3,0,0.57,,,,,,,,,,,,,,,,,,,,,,,,,2653,it ITA,"FW,MF",it Serie A,22-164,2003.0,10.5,2,18,7,38.9,1.72,0.67,0.11,0.29,0,0,3344,it ITA,"FW,MF",it Serie A,22-164,2003.0,20,943,47,30.8,10.5,10,70.0,0,10,24.0,8,1.45,17,13,4,0.38,0.68,2653,it ITA,"FW,MF",it Serie A,22-164,2003.0,10.5,3,0,0,15,8,0,43,4,10,0,0.19088016967126195,0.3817603393425239,0.3817603393425239,0.3054082714740191,0.28282526518653406,0.022583006287485052
237,Martin Baturina,hr CRO,"MF,FW",Como,it Serie A,23.0,2003.0,25,14,1282,14.2,6,3,9,6,0,0,0,0,0.63,,,,,,,,,,,,,,,,,,,,,,,,,237,hr CRO,"MF,FW",it Serie A,23-071,2003.0,14.2,6,20,7,35.0,1.4,0.49,0.3,0.86,0,0,298,hr CRO,"MF,FW",it Serie A,23-071,2003.0,25,1282,51,41.9,14.2,14,76.0,5,11,19.0,8,1.64,28,16,12,0.84,-0.12,237,hr CRO,"MF,FW",it Serie A,23-071,2003.0,14.2,0,0,0,13,39,0,64,5,12,0,0.421216848673947,0.2106084243369735,0.3510140405616225,0.3369734789391576,0.31440565231777534,0.022567826621382236
867,Malick Fofana,be BEL,"MF,FW",Lyon,fr Ligue 1,21.0,2005.0,10,9,727,8.1,2,1,3,2,0,0,1,0,0.37,,,,,,,,,,,,,,,,,,,,,,,,,867,be BEL,"MF,FW",fr Ligue 1,21-028,2005.0,8.1,2,18,9,50.0,2.23,1.11,0.11,0.22,0,0,1088,be BEL,"MF,FW",fr Ligue 1,21-028,2005.0,10,727,73,26.1,8.1,9,80.0,1,1,6.0,0,1.8,10,7,3,0.37,-0.2,867,be BEL,"MF,FW",fr Ligue 1,21-028,2005.0,8.1,1,0,0,11,21,3,26,3,5,0,0.24759284731774417,0.12379642365887208,0.37138927097661617,0.24759284731774414,0.22531138360470815,0.022281463713035993
969,Wilfried Gnonto,it ITA,FW,Leeds United,eng Premier League,22.0,2003.0,19,4,455,5.1,0,1,1,0,0,0,3,0,0.2,,,,,,,,,,,,,,,,,,,,,,,,,969,it ITA,FW,eng Premier League,22-174,2003.0,5.1,0,9,0,0.0,1.78,0.0,0.0,,0,0,1219,it ITA,FW,eng Premier League,22-174,2003.0,19,455,24,14.9,5.1,4,59.0,0,15,15.0,8,1.11,9,12,-3,-0.59,-0.46,969,it ITA,FW,eng Premier League,22-174,2003.0,5.1,3,0,0,7,9,0,17,3,12,0,0.0,0.1978021978021978,0.5934065934065934,0.23736263736263735,0.21523963204582708,0.022123005316810274
807,Sebastiano Esposito,it ITA,"FW,MF",Cagliari,it Serie A,23.0,2002.0,32,30,2343,26.0,6,5,11,5,1,1,6,0,0.38,,,,,,,,,,,,,,,,,,,,,,,,,807,it ITA,"FW,MF",it Serie A,23-300,2002.0,26.0,6,47,13,27.7,1.81,0.5,0.11,0.38,1,1,1006,it ITA,"FW,MF",it Serie A,23-300,2002.0,32,2343,73,76.6,26.0,30,76.0,6,2,34.0,1,1.09,26,33,-7,-0.27,0.48,807,it ITA,"FW,MF",it Serie A,23-300,2002.0,26.0,6,0,0,41,47,4,116,15,29,0,0.23047375160051214,0.19206145966709348,0.5761843790012804,0.322663252240717,0.3006266860953847,0.022036566145332337
2614,Robinio Vaz,fr FRA,FW,Roma,it Serie A,19.0,2007.0,10,0,201,2.2,1,0,1,1,0,0,0,0,0.45,,,,,,,,,,,,,,,,,,,,,,,,,2614,fr FRA,FW,it Serie A,19-070,2007.0,2.2,1,5,2,40.0,2.24,0.9,0.2,0.5,0,0,3295,fr FRA,FW,it Serie A,19-070,2007.0,10,201,20,6.6,2.2,0,,0,10,20.0,3,1.5,2,2,0,0.0,-0.6,2614,fr FRA,FW,it Serie A,19-070,2007.0,2.2,0,0,0,1,12,2,3,2,0,0,0.44776119402985076,0.0,0.8955223880597015,0.44776119402985076,0.4260309384943918,0.021730255535458987
1950,Asier Osambela,es ESP,DF,Osasuna,es La Liga,22.0,2004.0,13,2,300,3.3,1,0,1,1,0,0,1,1,0.3,,,,,,,,,,,,,,,,,,,,,,,,,1950,es ESP,DF,es La Liga,22-079,2004.0,3.3,1,3,1,33.3,0.9,0.3,0.33,1.0,0,0,2446,es ESP,DF,es La Liga,22-079,2004.0,13,300,23,10.1,3.3,2,76.0,0,11,14.0,17,1.5,8,7,1,0.3,0.37,1950,es ESP,DF,es La Liga,22-079,2004.0,3.3,1,1,0,13,0,0,3,4,2,0,0.30000000000000004,0.0,1.2000000000000002,0.4800000000000001,0.458430271186683,0.02156972881331709
932,Alejandro Garnacho,ar ARG,MF,Chelsea,eng Premier League,21.0,2004.0,23,14,1266,14.1,1,4,5,1,0,0,2,0,0.36,,,,,,,,,,,,,,,,,,,,,,,,,932,ar ARG,MF,eng Premier League,21-301,2004.0,14.1,1,33,7,21.2,2.35,0.5,0.03,0.14,0,0,1175,ar ARG,MF,eng Premier League,21-301,2004.0,23,1266,55,41.4,14.1,14,68.0,4,9,35.0,8,1.39,20,20,0,0.0,-0.4,932,ar ARG,MF,eng Premier League,21-301,2004.0,14.1,2,0,0,9,23,2,61,4,12,0,0.07109004739336493,0.2843601895734597,0.2843601895734597,0.1990521327014218,0.17758765208505267,0.02146448061636913
581,Patrice Čović,hr CRO,MF,Werder Bremen,de Bundesliga,18.0,2007.0,14,2,330,3.7,1,0,1,1,0,0,1,0,0.27,,,,,,,,,,,,,,,,,,,,,,,,,581,hr CRO,MF,de Bundesliga,18-307,2007.0,3.7,1,5,2,40.0,1.36,0.55,0.2,0.5,0,0,730,hr CRO,MF,de Bundesliga,18-307,2007.0,14,330,24,11.8,3.7,2,66.0,0,12,17.0,17,0.86,4,9,-5,-1.36,-0.89,581,hr CRO,MF,de Bundesliga,18-307,2007.0,3.7,1,0,0,5,2,0,6,4,4,0,0.2727272727272727,0.0,1.0909090909090908,0.4363636363636363,0.4149617279874399,0.021401908376196377
353,Kaïl Boudache,fr FRA,FW,Nice,fr Ligue 1,19.0,2006.0,11,1,416,4.6,1,0,1,1,0,0,1,0,0.22,,,,,,,,,,,,,,,,,,,,,,,,,353,fr FRA,FW,fr Ligue 1,19-317,2006.0,4.6,1,10,2,20.0,2.16,0.43,0.1,0.5,0,0,440,fr FRA,FW,fr Ligue 1,19-317,2006.0,11,416,38,14.9,4.6,1,62.0,0,10,35.0,1,0.73,5,8,-3,-0.65,0.07,353,fr FRA,FW,fr Ligue 1,19-317,2006.0,4.6,1,0,0,3,4,0,7,6,9,0,0.21634615384615385,0.0,1.2980769230769231,0.4759615384615385,0.45488514056655627,0.021076397894982224
1176,Emirhan İlkhan,tr TUR,MF,Torino,it Serie A,21.0,2004.0,15,10,775,8.6,1,2,3,1,0,0,2,1,0.35,,,,,,,,,,,,,,,,,,,,,,,,,1176,tr TUR,MF,it Serie A,21-331,2004.0,8.6,1,9,3,33.3,1.05,0.35,0.11,0.33,0,0,1468,tr TUR,MF,it Serie A,21-331,2004.0,15,775,52,25.3,8.6,10,67.0,1,5,22.0,18,0.93,10,19,-9,-1.05,-0.73,1176,tr TUR,MF,it Serie A,21-331,2004.0,8.6,2,1,0,10,15,0,5,12,14,0,0.11612903225806452,0.23225806451612904,1.3935483870967742,0.5341935483870968,0.5135312733764589,0.020662275010637887
251,Hannes Behrens,de GER,"DF,MF",Heidenheim,de Bundesliga,21.0,2005.0,13,12,1048,11.6,1,2,3,1,0,0,0,0,0.26,,,,,,,,,,,,,,,,,,,,,,,,,251,de GER,"DF,MF",de Bundesliga,21-099,2005.0,11.6,1,7,4,57.1,0.6,0.34,0.14,0.25,0,0,315,de GER,"DF,MF",de Bundesliga,21-099,2005.0,13,1048,81,37.6,11.6,12,86.0,10,1,14.0,0,0.69,17,23,-6,-0.52,0.78,251,de GER,"DF,MF",de Bundesliga,21-099,2005.0,11.6,0,0,0,3,23,1,48,13,16,1,0.08587786259541984,0.17175572519083968,1.116412213740458,0.4208015267175572,0.4001986403444063,0.02060288637315094
1449,Rico Lewis,eng ENG,DF,Manchester City,eng Premier League,21.0,2004.0,10,3,317,3.5,0,1,1,0,0,0,1,0,0.28,,,,,,,,,,,,,,,,,,,,,,,,,1449,eng ENG,DF,eng Premier League,21-158,2004.0,3.5,0,2,0,0.0,0.57,0.0,0.0,,0,0,1816,eng ENG,DF,eng Premier League,21-158,2004.0,10,317,32,10.7,3.5,3,82.0,2,7,10.0,16,1.9,6,5,1,0.28,-0.94,1449,eng ENG,DF,eng Premier League,21-158,2004.0,3.5,1,0,0,4,7,0,2,7,4,0,0.0,0.28391167192429023,1.9873817034700316,0.6813880126182965,0.6616024949373802,0.019785517680916298
844,Mateus Fernandes,pt POR,MF,West Ham United,eng Premier League,21.0,2004.0,32,31,2656,29.5,3,3,6,3,0,0,7,0,0.2,,,,,,,,,,,,,,,,,,,,,,,,,844,pt POR,MF,eng Premier League,21-292,2004.0,29.5,3,23,5,21.7,0.78,0.17,0.13,0.6,0,0,1055,pt POR,MF,eng Premier League,21-292,2004.0,32,2656,83,86.8,29.5,31,85.0,19,1,26.0,0,1.13,36,43,-7,-0.24,1.77,844,pt POR,MF,eng Premier League,21-292,2004.0,29.5,7,0,0,45,44,0,49,30,59,0,0.1016566265060241,0.1016566265060241,1.016566265060241,0.3761295180722891,0.35653792330074835,0.019591594771540766
966,Jamie Gittens,eng ENG,MF,Chelsea,eng Premier League,21.0,2004.0,16,5,495,5.5,0,2,2,0,0,0,0,0,0.36,,,,,,,,,,,,,,,,,,,,,,,,,966,eng ENG,MF,eng Premier League,21-263,2004.0,5.5,0,10,2,20.0,1.82,0.36,0.0,0.0,0,0,1215,eng ENG,MF,eng Premier League,21-263,2004.0,16,495,31,16.2,5.5,5,57.0,1,11,19.0,6,2.06,7,7,0,0.0,-0.28,966,eng ENG,MF,eng Premier League,21-263,2004.0,5.5,0,0,0,6,8,2,13,2,4,0,0.0,0.36363636363636365,0.36363636363636365,0.21818181818181817,0.19863944673568315,0.01954237144613502
1732,Wael Mohya,de GER,MF,Gladbach,de Bundesliga,17.0,2008.0,12,3,365,4.1,2,0,2,2,0,0,0,0,0.49,,,,,,,,,,,,,,,,,,,,,,,,,1732,de GER,MF,de Bundesliga,17-118,2008.0,4.1,2,8,5,62.5,1.97,1.23,0.25,0.4,0,0,2170,de GER,MF,de Bundesliga,17-118,2008.0,12,365,30,13.1,4.1,3,63.0,0,9,20.0,10,0.83,4,7,-3,-0.74,-0.33,1732,de GER,MF,de Bundesliga,17-118,2008.0,4.1,0,0,0,3,8,0,7,2,3,0,0.4931506849315069,0.0,0.4931506849315069,0.3452054794520548,0.3256970006731198,0.019508478778935023
2596,Álex Valle,es ESP,DF,Como,it Serie A,22.0,2004.0,26,21,1912,21.2,1,4,5,1,0,0,3,0,0.24,,,,,,,,,,,,,,,,,,,,,,,,,2596,es ESP,DF,it Serie A,22-003,2004.0,21.2,1,11,2,18.2,0.52,0.09,0.09,0.5,0,0,3272,es ESP,DF,it Serie A,22-003,2004.0,26,1912,74,62.5,21.2,21,87.0,18,5,17.0,8,1.81,34,17,17,0.8,-0.3,2596,es ESP,DF,it Serie A,22-003,2004.0,21.2,3,0,0,34,19,1,41,24,30,0,0.04707112970711297,0.18828451882845187,1.1297071129707112,0.41422594142259417,0.3948117007294291,0.019414240693165052
1814,Sebastian Nanasi,se SWE,MF,Strasbourg,fr Ligue 1,23.0,2002.0,16,8,790,8.8,4,1,5,4,0,0,0,0,0.57,,,,,,,,,,,,,,,,,,,,,,,,,1814,se SWE,MF,fr Ligue 1,23-347,2002.0,8.8,4,14,8,57.1,1.59,0.91,0.29,0.5,0,0,2272,se SWE,MF,fr Ligue 1,23-347,2002.0,16,790,49,29.3,8.8,8,78.0,4,8,21.0,9,1.56,16,11,5,0.57,0.33,1814,se SWE,MF,fr Ligue 1,23-347,2002.0,8.8,0,0,0,7,1,1,19,3,4,0,0.45569620253164556,0.11392405063291139,0.34177215189873417,0.3189873417721519,0.29960307905586453,0.019384262716287348
759,Claudio Echeverri,ar ARG,"FW,MF",Girona,es La Liga,20.0,2006.0,12,4,461,5.1,1,1,2,1,0,0,3,0,0.39,,,,,,,,,,,,,,,,,,,,,,,,,759,ar ARG,"FW,MF",es La Liga,20-116,2006.0,5.1,1,15,3,20.0,2.93,0.59,0.07,0.33,0,0,950,ar ARG,"FW,MF",es La Liga,20-116,2006.0,12,461,38,15.5,5.1,4,62.0,0,8,27.0,1,0.92,8,10,-2,-0.39,0.04,759,ar ARG,"FW,MF",es La Liga,20-116,2006.0,5.1,3,0,0,4,11,1,11,1,6,0,0.19522776572668113,0.19522776572668113,0.19522776572668113,0.19522776572668116,0.17642110615318501,0.018806659573496143
2660,Elye Wahi,ci CIV,FW,Nice,fr Ligue 1,23.0,2003.0,12,10,817,9.1,5,1,6,4,1,1,4,0,0.55,,,,,,,,,,,,,,,,,,,,,,,,,2660,ci CIV,FW,fr Ligue 1,23-116,2003.0,9.1,5,21,13,61.9,2.31,1.43,0.19,0.31,1,1,3353,ci CIV,FW,fr Ligue 1,23-116,2003.0,12,817,68,29.3,9.1,10,74.0,1,2,37.0,0,1.0,11,15,-4,-0.44,0.38,2660,ci CIV,FW,fr Ligue 1,23-116,2003.0,9.1,4,0,0,18,4,19,9,2,3,0,0.550795593635251,0.11015911872705017,0.22031823745410034,0.31946144430844553,0.3007017733023365,0.018759671006109035
924,Gonzalo García,es ESP,FW,Real Madrid,es La Liga,22.0,2004.0,25,6,693,7.7,4,0,4,4,0,0,1,0,0.52,,,,,,,,,,,,,,,,,,,,,,,,,924,es ESP,FW,es La Liga,22-035,2004.0,7.7,4,14,9,64.3,1.82,1.17,0.29,0.44,0,0,1164,es ESP,FW,es La Liga,22-035,2004.0,25,693,28,23.3,7.7,6,75.0,2,19,13.0,8,2.2,21,9,12,1.56,0.57,924,es ESP,FW,es La Liga,22-035,2004.0,7.7,1,0,0,5,3,0,1,2,7,0,0.5194805194805194,0.0,0.2597402597402597,0.2857142857142857,0.26698632768182445,0.018727958032461245
915,Ismaëlo Ganiou,fr FRA,DF,Lens,fr Ligue 1,21.0,2005.0,19,19,1692,18.8,3,0,3,3,0,0,4,1,0.16,,,,,,,,,,,,,,,,,,,,,,,,,915,fr FRA,DF,fr Ligue 1,21-045,2005.0,18.8,3,17,3,17.6,0.9,0.16,0.18,1.0,0,0,1154,fr FRA,DF,fr Ligue 1,21-045,2005.0,19,1692,89,62.7,18.8,19,89.0,18,0,,8,2.16,40,22,18,0.96,0.06,915,fr FRA,DF,fr Ligue 1,21-045,2005.0,18.8,4,1,1,22,19,0,16,22,20,0,0.1595744680851064,0.0,1.1702127659574468,0.4148936170212766,0.3962342186807984,0.018659398340478195
312,Tom Bischof,de GER,"DF,MF",Bayern Munich,de Bundesliga,20.0,2005.0,24,12,1122,12.5,2,3,5,2,0,0,2,0,0.4,,,,,,,,,,,,,,,,,,,,,,,,,312,de GER,"DF,MF",de Bundesliga,20-304,2005.0,12.5,2,27,7,25.9,2.17,0.56,0.07,0.29,0,0,388,de GER,"DF,MF",de Bundesliga,20-304,2005.0,24,1122,47,40.2,12.5,12,82.0,8,12,11.0,2,2.63,47,12,35,2.81,0.33,312,de GER,"DF,MF",de Bundesliga,20-304,2005.0,12.5,2,0,0,14,7,1,24,11,13,0,0.16042780748663102,0.24064171122994651,0.8823529411764706,0.40106951871657753,0.382493041757958,0.018576476958619526
1162,Riyad Idrissi,it ITA,"MF,DF",Cagliari,it Serie A,20.0,2005.0,23,4,783,8.7,2,0,2,2,0,0,3,0,0.23,,,,,,,,,,,,,,,,,,,,,,,,,1162,it ITA,"MF,DF",it Serie A,20-319,2005.0,8.7,2,6,6,100.0,0.69,0.69,0.33,0.33,0,0,1452,it ITA,"MF,DF",it Serie A,20-319,2005.0,23,783,34,25.6,8.7,4,90.0,4,19,22.0,5,0.96,14,15,-1,-0.11,0.36,1162,it ITA,"MF,DF",it Serie A,20-319,2005.0,8.7,3,0,0,9,6,1,23,9,15,0,0.2298850574712644,0.0,1.0344827586206897,0.40229885057471265,0.38391010270825143,0.01838874786646122
2067,Niccolò Pisilli,it ITA,MF,Roma,it Serie A,21.0,2004.0,21,10,1082,12.0,1,2,3,1,0,0,3,0,0.25,,,,,,,,,,,,,,,,,,,,,,,,,2067,it ITA,MF,it Serie A,21-217,2004.0,12.0,1,14,4,28.6,1.16,0.33,0.07,0.25,0,0,2596,it ITA,MF,it Serie A,21-217,2004.0,21,1082,52,35.4,12.0,10,87.0,8,11,19.0,13,1.76,22,15,7,0.58,0.04,2067,it ITA,MF,it Serie A,21-217,2004.0,12.0,3,0,0,14,4,2,7,18,10,0,0.08317929759704251,0.16635859519408502,1.497227356746765,0.532347504621072,0.5153693205978053,0.016978184023266785
3,Jones El-Abdellaoui,ma MAR,"MF,FW",Celta Vigo,es La Liga,20.0,2006.0,20,4,638,7.1,2,0,2,2,0,0,0,0,0.28,,,,,,,,,,,,,,,,,,,,,,,,,3,ma MAR,"MF,FW",es La Liga,20-106,2006.0,7.1,2,16,4,25.0,2.26,0.56,0.13,0.5,0,0,5,ma MAR,"MF,FW",es La Liga,20-106,2006.0,20,638,32,21.5,7.1,4,75.0,1,16,21.0,13,1.55,16,11,5,0.71,0.82,3,ma MAR,"MF,FW",es La Liga,20-106,2006.0,7.1,0,0,0,5,3,2,26,3,3,0,0.28213166144200624,0.0,0.42319749216300945,0.2398119122257053,0.22284427801634243,0.01696763420936287
1435,Félix Lemaréchal,fr FRA,"MF,FW",Strasbourg,fr Ligue 1,22.0,2003.0,11,7,555,6.2,0,2,2,0,0,0,1,0,0.32,,,,,,,,,,,,,,,,,,,,,,,,,1435,fr FRA,"MF,FW",fr Ligue 1,22-264,2003.0,6.2,0,10,2,20.0,1.62,0.32,0.0,0.0,0,0,1794,fr FRA,"MF,FW",fr Ligue 1,22-264,2003.0,11,555,50,20.6,6.2,7,68.0,1,4,20.0,1,1.73,10,6,4,0.65,0.4,1435,fr FRA,"MF,FW",fr Ligue 1,22-264,2003.0,6.2,1,0,0,9,6,0,15,3,6,0,0.0,0.32432432432432434,0.4864864864864865,0.24324324324324326,0.2263382922754677,0.016904950967775556
2658,Luka Vušković,hr CRO,DF,Hamburger SV,de Bundesliga,19.0,2007.0,25,25,2250,25.0,5,0,5,4,1,1,5,0,0.16,,,,,,,,,,,,,,,,,,,,,,,,,2658,hr CRO,DF,de Bundesliga,19-063,2007.0,25.0,5,29,8,27.6,1.16,0.32,0.14,0.5,1,1,3350,hr CRO,DF,de Bundesliga,19-063,2007.0,25,2250,90,80.6,25.0,25,90.0,25,0,,1,1.16,31,38,-7,-0.28,1.22,2658,hr CRO,DF,de Bundesliga,19-063,2007.0,25.0,5,0,0,25,30,1,2,31,16,0,0.2,0.0,1.24,0.452,0.4352092518106968,0.016790748189303206
1840,Luca Netz,de GER,"MF,DF",Gladbach,de Bundesliga,22.0,2003.0,15,10,940,10.4,0,2,2,0,0,0,1,0,0.19,,,,,,,,,,,,,,,,,,,,,,,,,1840,de GER,"MF,DF",de Bundesliga,22-348,2003.0,10.4,0,2,0,0.0,0.19,0.0,0.0,,0,0,2310,de GER,"MF,DF",de Bundesliga,22-348,2003.0,15,940,63,33.7,10.4,10,86.0,7,5,17.0,5,0.93,14,10,4,0.38,1.26,1840,de GER,"MF,DF",de Bundesliga,22-348,2003.0,10.4,1,0,0,8,2,0,26,7,10,0,0.0,0.19148936170212766,0.6702127659574468,0.25851063829787235,0.24176506303466008,0.01674557526321227
104,Samuel Amo-Ameyaw,eng ENG,"MF,DF",Strasbourg,fr Ligue 1,19.0,2006.0,22,7,848,9.4,1,2,3,1,0,0,2,0,0.32,,,,,,,,,,,,,,,,,,,,,,,,,104,eng ENG,"MF,DF",fr Ligue 1,19-284,2006.0,9.4,1,10,1,10.0,1.06,0.11,0.1,1.0,0,0,132,eng ENG,"MF,DF",fr Ligue 1,19-284,2006.0,22,848,39,31.4,9.4,7,74.0,3,15,22.0,4,1.41,11,15,-4,-0.42,-1.1,104,eng ENG,"MF,DF",fr Ligue 1,19-284,2006.0,9.4,2,0,0,13,18,2,49,3,10,0,0.1061320754716981,0.2122641509433962,0.31839622641509435,0.2016509433962264,0.1852214590521499,0.01642948434407651
2017,Dženan Pejčinović,de GER,FW,Wolfsburg,de Bundesliga,21.0,2005.0,27,13,1191,13.2,7,0,7,7,0,0,1,0,0.53,,,,,,,,,,,,,,,,,,,,,,,,,2017,de GER,FW,de Bundesliga,21-072,2005.0,13.2,7,37,16,43.2,2.8,1.21,0.19,0.44,0,0,2531,de GER,FW,de Bundesliga,21-072,2005.0,27,1191,44,42.7,13.2,13,76.0,5,14,14.0,3,0.78,15,34,-19,-1.44,-1.1,2017,de GER,FW,de Bundesliga,21-072,2005.0,13.2,1,0,0,19,7,4,3,3,8,0,0.5289672544080605,0.0,0.22670025188916876,0.2795969773299748,0.26330196867160555,0.016295008658369248
267,Jeanuël Belocian,fr FRA,DF,Wolfsburg,de Bundesliga,21.0,2005.0,11,11,984,10.9,0,1,1,0,0,0,3,0,0.09,,,,,,,,,,,,,,,,,,,,,,,,,267,fr FRA,DF,de Bundesliga,21-070,2005.0,10.9,0,2,0,0.0,0.18,0.0,0.0,,0,0,332,fr FRA,DF,de Bundesliga,21-070,2005.0,11,984,89,35.3,10.9,11,89.0,10,0,,0,0.55,13,23,-10,-0.91,-0.17,267,fr FRA,DF,de Bundesliga,21-070,2005.0,10.9,3,0,0,17,7,0,3,10,11,0,0.0,0.09146341463414635,0.9146341463414633,0.3018292682926829,0.28559751690650925,0.016231751386173665
2097,Kenny Quetant,fr FRA,FW,Le Havre,fr Ligue 1,19.0,2006.0,9,4,372,4.1,1,0,1,1,0,0,1,0,0.24,,,,,,,,,,,,,,,,,,,,,,,,,2097,fr FRA,FW,fr Ligue 1,19-285,2006.0,4.1,1,8,2,25.0,1.94,0.48,0.13,0.5,0,0,2641,fr FRA,FW,fr Ligue 1,19-285,2006.0,9,372,41,13.3,4.1,4,72.0,0,5,17.0,2,0.67,3,2,1,0.24,0.76,2097,fr FRA,FW,fr Ligue 1,19-285,2006.0,4.1,1,0,0,6,3,4,1,1,0,0,0.24193548387096775,0.0,0.24193548387096775,0.16935483870967744,0.1532352036618646,0.01611963504781283
2522,Malik Tillman,us USA,MF,Leverkusen,de Bundesliga,23.0,2002.0,26,17,1581,17.6,6,1,7,6,0,0,1,0,0.4,,,,,,,,,,,,,,,,,,,,,,,,,2522,us USA,MF,de Bundesliga,23-335,2002.0,17.6,6,32,11,34.4,1.82,0.63,0.19,0.55,0,0,3182,us USA,MF,de Bundesliga,23-335,2002.0,26,1581,61,56.7,17.6,17,80.0,7,9,24.0,0,1.85,30,24,6,0.34,-0.7,2522,us USA,MF,de Bundesliga,23-335,2002.0,17.6,1,0,0,16,27,1,16,17,29,0,0.3415559772296015,0.05692599620493359,0.967741935483871,0.44402277039848204,0.42801107568958713,0.016011694708894908
1909,Rafel Obrador,es ESP,MF,Torino,it Serie A,22.0,2004.0,12,10,815,9.1,0,2,2,0,0,0,0,0,0.22,,,,,,,,,,,,,,,,,,,,,,,,,1909,es ESP,MF,it Serie A,22-063,2004.0,9.1,0,5,1,20.0,0.55,0.11,0.0,0.0,0,0,2387,es ESP,MF,it Serie A,22-063,2004.0,12,815,68,26.6,9.1,10,77.0,3,2,23.0,0,1.5,14,13,1,0.11,0.83,1909,es ESP,MF,it Serie A,22-063,2004.0,9.1,0,0,0,4,4,1,38,11,5,0,0.0,0.22085889570552147,1.2147239263803682,0.4306748466257669,0.41480262643336546,0.01587222019240142
322,Oscar Bobb,no NOR,"MF,FW",Manchester City,eng Premier League,22.0,2003.0,9,5,468,5.2,0,1,1,0,0,0,1,0,0.19,,,,,,,,,,,,,,,,,,,,,,,,,322,no NOR,"MF,FW",eng Premier League,22-290,2003.0,5.2,0,4,0,0.0,0.77,0.0,0.0,,0,0,402,no NOR,"MF,FW",eng Premier League,22-290,2003.0,9,468,52,15.8,5.2,5,78.0,2,4,20.0,4,1.67,10,5,5,0.96,-0.19,322,no NOR,"MF,FW",eng Premier League,22-290,2003.0,5.2,1,0,0,5,9,0,5,3,5,0,0.0,0.19230769230769232,0.5769230769230769,0.23076923076923073,0.21496321087460785,0.01580601989462288
2081,Kacper Potulski,pl POL,DF,Mainz 05,de Bundesliga,18.0,2007.0,12,7,825,9.2,1,0,1,1,0,0,3,0,0.11,,,,,,,,,,,,,,,,,,,,,,,,,2081,pl POL,DF,de Bundesliga,18-191,2007.0,9.2,1,9,2,22.2,0.98,0.22,0.11,0.5,0,0,2616,pl POL,DF,de Bundesliga,18-191,2007.0,12,825,69,29.6,9.2,7,90.0,7,5,39.0,9,1.58,9,14,-5,-0.55,-0.32,2081,pl POL,DF,de Bundesliga,18-191,2007.0,9.2,3,0,0,11,3,0,2,17,9,0,0.10909090909090909,0.0,1.8545454545454547,0.6000000000000001,0.5844533875941681,0.015546612405831994
2679,Adam Wharton,eng ENG,MF,Crystal Palace,eng Premier League,22.0,2004.0,29,27,2280,25.3,0,5,5,0,0,0,6,1,0.2,,,,,,,,,,,,,,,,,,,,,,,,,2679,eng ENG,MF,eng Premier League,22-081,2004.0,25.3,0,26,4,15.4,1.03,0.16,0.0,0.0,0,0,3375,eng ENG,MF,eng Premier League,22-081,2004.0,29,2280,79,76.8,25.3,27,82.0,13,2,29.0,0,1.28,29,36,-7,-0.28,-0.8,2679,eng ENG,MF,eng Premier League,22-081,2004.0,25.3,6,1,1,30,27,0,76,24,33,0,0.0,0.19736842105263158,0.9473684210526315,0.34342105263157896,0.32830817659289324,0.015112876038685719
2715,Kenan Yıldız,tr TUR,"MF,FW",Juventus,it Serie A,20.0,2005.0,33,30,2564,28.5,10,6,16,9,1,2,2,0,0.53,,,,,,,,,,,,,,,,,,,,,,,,,2715,tr TUR,"MF,FW",it Serie A,20-359,2005.0,28.5,10,89,38,42.7,3.12,1.33,0.1,0.24,1,2,3416,tr TUR,"MF,FW",it Serie A,20-359,2005.0,33,2564,78,83.8,28.5,30,83.0,11,3,25.0,0,1.85,47,23,24,0.84,0.12,2715,tr TUR,"MF,FW",it Serie A,20-359,2005.0,28.5,2,0,0,20,52,6,108,7,7,0,0.3510140405616225,0.2106084243369735,0.24570982839313574,0.2773010920436818,0.26227234224371815,0.015028749799963659
1922,Bryan Okoh,ch SUI,DF,Auxerre,fr Ligue 1,22.0,2003.0,11,10,903,10.0,3,0,3,3,0,0,1,0,0.3,,,,,,,,,,,,,,,,,,,,,,,,,1922,ch SUI,DF,fr Ligue 1,22-347,2003.0,10.0,3,8,3,37.5,0.8,0.3,0.38,1.0,0,0,2405,ch SUI,DF,fr Ligue 1,22-347,2003.0,11,903,82,32.4,10.0,10,90.0,9,1,6.0,1,1.09,13,13,0,0.0,0.72,1922,ch SUI,DF,fr Ligue 1,22-347,2003.0,10.0,1,0,0,12,8,0,0,23,7,0,0.29900332225913623,0.0,2.292358803986711,0.8073089700996678,0.792389981292462,0.01491898880720588
986,Unai Gómez,es ESP,"MF,FW",Athletic Club,es La Liga,22.0,2003.0,21,8,689,7.7,1,1,2,1,0,0,1,0,0.26,,,,,,,,,,,,,,,,,,,,,,,,,986,es ESP,"MF,FW",es La Liga,22-338,2003.0,7.7,1,14,3,21.4,1.83,0.39,0.07,0.33,0,0,1240,es ESP,"MF,FW",es La Liga,22-338,2003.0,21,689,33,23.2,7.7,8,52.0,0,13,21.0,10,1.43,7,17,-10,-1.31,-1.23,986,es ESP,"MF,FW",es La Liga,22-338,2003.0,7.7,1,0,0,9,4,3,22,2,6,0,0.13062409288824384,0.13062409288824384,0.2612481857764877,0.169811320754717,0.1548987403823149,0.01491258037240209
2355,Kento Shiogai,jp JPN,MF,Wolfsburg,de Bundesliga,21.0,2005.0,10,2,298,3.3,1,0,1,1,0,0,1,0,0.3,,,,,,,,,,,,,,,,,,,,,,,,,2355,jp JPN,MF,de Bundesliga,21-033,2005.0,3.3,1,9,6,66.7,2.72,1.81,0.11,0.17,0,0,2968,jp JPN,MF,de Bundesliga,21-033,2005.0,10,298,30,10.7,3.3,2,61.0,0,8,22.0,3,0.4,4,4,0,0.0,0.9,2355,jp JPN,MF,de Bundesliga,21-033,2005.0,3.3,1,0,0,7,2,2,1,2,4,0,0.30201342281879195,0.0,0.6040268456375839,0.30201342281879195,0.28722981074715187,0.014783612071640084
1598,Eric Martel,de GER,"MF,DF",Köln,de Bundesliga,23.0,2002.0,29,28,2379,26.4,2,2,4,2,0,0,11,1,0.15,,,,,,,,,,,,,,,,,,,,,,,,,1598,de GER,"MF,DF",de Bundesliga,23-364,2002.0,26.4,2,21,4,19.0,0.79,0.15,0.1,0.5,0,0,2005,de GER,"MF,DF",de Bundesliga,23-364,2002.0,29,2379,82,85.3,26.4,28,84.0,20,1,14.0,0,1.03,38,43,-5,-0.19,0.47,1598,de GER,"MF,DF",de Bundesliga,23-364,2002.0,26.4,11,1,1,41,51,0,11,33,29,0,0.07566204287515763,0.07566204287515763,1.248423707440101,0.4274905422446406,0.41340562147904447,0.014084920765596143
2279,Sadibou Sané,sn SEN,DF,Metz,fr Ligue 1,21.0,2004.0,20,19,1670,18.6,2,1,3,2,0,0,4,2,0.16,,,,,,,,,,,,,,,,,,,,,,,,,2279,sn SEN,DF,fr Ligue 1,21-322,2004.0,18.6,2,5,2,40.0,0.27,0.11,0.4,1.0,0,0,2868,sn SEN,DF,fr Ligue 1,21-322,2004.0,20,1670,84,59.9,18.6,19,87.0,17,1,17.0,3,0.25,16,42,-26,-1.4,-0.36,2279,sn SEN,DF,fr Ligue 1,21-322,2004.0,18.6,4,2,0,19,12,0,0,33,31,1,0.10778443113772455,0.05389221556886228,1.7784431137724552,0.592814371257485,0.5794389674652158,0.013375403792269203
111,Elliot Anderson,eng ENG,MF,Nottingham Forest,eng Premier League,23.0,2002.0,34,34,3042,33.8,3,2,5,2,1,1,7,0,0.12,,,,,,,,,,,,,,,,,,,,,,,,,111,eng ENG,MF,eng Premier League,23-173,2002.0,33.8,3,40,9,22.5,1.18,0.27,0.05,0.22,1,1,140,eng ENG,MF,eng Premier League,23-173,2002.0,34,3042,89,99.4,33.8,34,89.0,31,0,,0,1.15,41,44,-3,-0.09,4.91,111,eng ENG,MF,eng Premier League,23-173,2002.0,33.8,7,0,0,52,73,2,166,38,56,0,0.08875739644970415,0.0591715976331361,1.1242603550295858,0.3905325443786982,0.3773655036670195,0.013167040711678735
1206,Luca Jaquez,ch SUI,DF,Stuttgart,de Bundesliga,22.0,2003.0,11,9,777,8.6,0,1,1,0,0,0,1,0,0.12,,,,,,,,,,,,,,,,,,,,,,,,,1206,ch SUI,DF,de Bundesliga,22-330,2003.0,8.6,0,4,0,0.0,0.46,0.0,0.0,,0,0,1504,ch SUI,DF,de Bundesliga,22-330,2003.0,11,777,71,27.8,8.6,9,81.0,5,2,23.0,4,1.82,13,9,4,0.46,-0.25,1206,ch SUI,DF,de Bundesliga,22-330,2003.0,8.6,1,0,0,3,2,0,0,9,6,0,0.0,0.11583011583011582,1.0424710424710424,0.34749034749034746,0.3345122498244057,0.012978097665941768
1312,Bilal El Khannouss,ma MAR,"MF,FW",Stuttgart,de Bundesliga,21.0,2004.0,23,18,1542,17.1,4,5,9,4,0,0,5,0,0.53,,,,,,,,,,,,,,,,,,,,,,,,,1312,ma MAR,"MF,FW",de Bundesliga,21-353,2004.0,17.1,4,40,15,37.5,2.33,0.88,0.1,0.27,0,0,1631,ma MAR,"MF,FW",de Bundesliga,21-353,2004.0,23,1542,67,55.3,17.1,18,81.0,7,5,18.0,1,1.83,31,27,4,0.23,-0.92,1312,ma MAR,"MF,FW",de Bundesliga,21-353,2004.0,17.1,5,0,0,17,9,1,64,10,21,0,0.23346303501945526,0.2918287937743191,0.5836575875486382,0.35603112840466933,0.34409920383663306,0.011931924568036267
2371,Giuliano Simeone,ar ARG,MF,Atlético Madrid,es La Liga,23.0,2002.0,29,23,2009,22.3,4,6,10,4,0,0,1,0,0.45,,,,,,,,,,,,,,,,,,,,,,,,,2371,ar ARG,MF,es La Liga,23-131,2002.0,22.3,4,34,13,38.2,1.52,0.58,0.12,0.31,0,0,2989,ar ARG,MF,es La Liga,23-131,2002.0,29,2009,69,67.6,22.3,23,78.0,7,6,35.0,2,1.93,40,22,18,0.81,0.71,2371,ar ARG,MF,es La Liga,23-131,2002.0,22.3,1,0,0,20,40,6,45,19,23,0,0.17919362867098057,0.26879044300647087,0.8511697361871577,0.4076655052264808,0.3959190471369444,0.011746458089536393
2533,Pablo Torre,es ESP,"MF,FW",Mallorca,es La Liga,23.0,2003.0,30,15,1270,14.1,3,3,6,3,0,0,3,0,0.43,,,,,,,,,,,,,,,,,,,,,,,,,2533,es ESP,"MF,FW",es La Liga,23-025,2003.0,14.1,3,17,9,52.9,1.2,0.64,0.18,0.33,0,0,3198,es ESP,"MF,FW",es La Liga,23-025,2003.0,30,1270,42,42.8,14.1,15,68.0,1,15,16.0,3,1.03,18,24,-6,-0.43,-0.21,2533,es ESP,"MF,FW",es La Liga,23-025,2003.0,14.1,3,0,0,24,31,1,68,8,11,0,0.2125984251968504,0.2125984251968504,0.5669291338582677,0.3188976377952756,0.3072843846087114,0.011613253186564199
285,Lucas Beraldo,br BRA,"DF,MF",Paris Saint-Germain,fr Ligue 1,22.0,2003.0,16,14,1207,13.4,2,1,3,2,0,0,2,0,0.22,,,,,,,,,,,,,,,,,,,,,,,,,285,br BRA,"DF,MF",fr Ligue 1,22-155,2003.0,13.4,2,11,4,36.4,0.82,0.3,0.18,0.5,0,0,356,br BRA,"DF,MF",fr Ligue 1,22-155,2003.0,16,1207,75,44.7,13.4,14,83.0,10,2,25.0,13,2.44,32,11,21,1.57,0.24,285,br BRA,"DF,MF",fr Ligue 1,22-155,2003.0,13.4,2,0,0,13,6,0,1,17,13,0,0.14913007456503727,0.07456503728251863,1.267605633802817,0.46230323115161553,0.45092995351685583,0.011373277634759704
228,Thierno Barry,fr FRA,FW,Everton,eng Premier League,23.0,2002.0,34,20,1765,19.6,6,0,6,6,0,0,3,0,0.31,,,,,,,,,,,,,,,,,,,,,,,,,228,fr FRA,FW,eng Premier League,23-189,2002.0,19.6,6,35,12,34.3,1.78,0.61,0.17,0.5,0,0,287,fr FRA,FW,eng Premier League,23-189,2002.0,34,1765,52,57.7,19.6,20,75.0,3,14,18.0,0,1.38,21,28,-7,-0.36,-0.84,228,fr FRA,FW,eng Premier League,23-189,2002.0,19.6,3,0,0,39,7,12,3,5,3,0,0.3059490084985836,0.0,0.254957507082153,0.19886685552407934,0.18794197983384428,0.010924875690235064
54,Abdelhamid Ait Boudlal,ma MAR,DF,Rennes,fr Ligue 1,20.0,2006.0,17,14,1133,12.6,2,1,3,2,0,0,3,1,0.24,,,,,,,,,,,,,,,,,,,,,,,,,54,ma MAR,DF,fr Ligue 1,20-012,2006.0,12.6,2,9,4,44.4,0.71,0.32,0.22,0.5,0,0,66,ma MAR,DF,fr Ligue 1,20-012,2006.0,17,1133,67,40.6,12.6,14,78.0,11,3,13.0,5,2.0,28,20,8,0.64,0.42,54,ma MAR,DF,fr Ligue 1,20-012,2006.0,12.6,3,1,0,9,7,0,2,16,9,0,0.1588702559576346,0.0794351279788173,1.2709620476610768,0.46866725507502205,0.45787165144582154,0.010795603629200512
851,Roberto Férnandez,es ESP,FW,Espanyol,es La Liga,23.0,2002.0,33,21,2052,22.8,6,2,8,5,1,1,3,0,0.31,,,,,,,,,,,,,,,,,,,,,,,,,851,es ESP,FW,es La Liga,23-299,2002.0,22.8,6,53,21,39.6,2.32,0.92,0.09,0.24,1,1,1069,es ESP,FW,es La Liga,23-299,2002.0,33,2052,62,69.1,22.8,21,80.0,10,12,30.0,0,1.18,24,31,-7,-0.31,0.18,851,es ESP,FW,es La Liga,23-299,2002.0,22.8,3,0,0,33,37,6,8,5,3,0,0.2631578947368421,0.08771929824561403,0.21929824561403508,0.19736842105263158,0.18683601209234116,0.010532408960290424
306,Mika Biereth,dk DEN,FW,Monaco,fr Ligue 1,23.0,2003.0,29,12,1031,11.5,2,2,4,2,0,0,0,0,0.35,,,,,,,,,,,,,,,,,,,,,,,,,306,dk DEN,FW,fr Ligue 1,23-079,2003.0,11.5,2,19,7,36.8,1.66,0.61,0.11,0.29,0,0,381,dk DEN,FW,fr Ligue 1,23-079,2003.0,29,1031,36,37.0,11.5,12,67.0,1,17,13.0,2,1.62,18,22,-4,-0.35,-0.91,306,dk DEN,FW,fr Ligue 1,23-079,2003.0,11.5,0,0,0,16,14,8,9,0,7,0,0.17458777885548013,0.17458777885548013,0.0,0.12221144519883609,0.11212252157141314,0.010088923627422947
1207,Ardon Jashari,ch SUI,MF,Milan,it Serie A,23.0,2002.0,11,4,491,5.5,0,1,1,0,0,0,0,0,0.18,,,,,,,,,,,,,,,,,,,,,,,,,1207,ch SUI,MF,it Serie A,23-272,2002.0,5.5,0,6,2,33.3,1.1,0.37,0.0,0.0,0,0,1505,ch SUI,MF,it Serie A,23-272,2002.0,11,491,45,16.0,5.5,4,81.0,2,7,24.0,15,1.36,3,3,0,0.0,-0.74,1207,ch SUI,MF,it Serie A,23-272,2002.0,5.5,0,0,0,8,5,0,8,5,8,0,0.0,0.18329938900203666,0.9164969450101833,0.32993890020366595,0.3201307352170243,0.009808164986641665
1965,Max Oyedele,pl POL,"MF,DF",Strasbourg,fr Ligue 1,21.0,2004.0,6,4,311,3.5,1,0,1,1,0,0,2,0,0.29,,,,,,,,,,,,,,,,,,,,,,,,,1965,pl POL,"MF,DF",fr Ligue 1,21-172,2004.0,3.5,1,2,1,50.0,0.58,0.29,0.5,1.0,0,0,2466,pl POL,"MF,DF",fr Ligue 1,21-172,2004.0,6,311,52,11.5,3.5,4,74.0,2,2,7.0,2,1.83,7,8,-1,-0.29,-0.7,1965,pl POL,"MF,DF",fr Ligue 1,21-172,2004.0,3.5,2,0,0,6,5,0,0,5,2,0,0.28938906752411575,0.0,1.4469453376205788,0.54983922829582,0.5401765536288007,0.009662674667019311
701,El Hadji Malick Diouf,sn SEN,"DF,MF",West Ham United,eng Premier League,21.0,2004.0,28,26,2364,26.3,0,5,5,0,0,0,5,0,0.19,,,,,,,,,,,,,,,,,,,,,,,,,701,sn SEN,"DF,MF",eng Premier League,21-121,2004.0,26.3,0,16,2,12.5,0.61,0.08,0.0,0.0,0,0,877,sn SEN,"DF,MF",eng Premier League,21-121,2004.0,28,2364,84,77.3,26.3,26,88.0,21,2,33.0,0,1.14,34,41,-7,-0.27,0.9,701,sn SEN,"DF,MF",eng Premier League,21-121,2004.0,26.3,5,0,0,25,22,2,87,28,17,0,0.0,0.19035532994923857,1.0659898477157361,0.3769035532994924,0.36762853570435156,0.009275017595140822
1461,Joseph Liteta,zm ZAM,MF,Cagliari,it Serie A,20.0,2006.0,4,4,264,2.9,0,0,0,0,0,0,0,0,0.0,,,,,,,,,,,,,,,,,,,,,,,,,1461,zm ZAM,MF,it Serie A,20-065,2006.0,2.9,0,0,0,0.0,0.0,0.0,,,0,0,1832,zm ZAM,MF,it Serie A,20-065,2006.0,4,264,66,8.6,2.9,4,66.0,1,0,,21,0.5,3,6,-3,-1.02,-0.7,1461,zm ZAM,MF,it Serie A,20-065,2006.0,2.9,0,0,0,4,0,0,0,8,2,0,0.0,0.0,2.7272727272727275,0.8181818181818182,0.8089795582786914,0.009202259903126842
2334,Alex Scott,eng ENG,MF,Bournemouth,eng Premier League,22.0,2003.0,34,31,2580,28.7,3,1,4,3,0,0,4,0,0.14,,,,,,,,,,,,,,,,,,,,,,,,,2334,eng ENG,MF,eng Premier League,22-250,2003.0,28.7,3,43,12,27.9,1.5,0.42,0.07,0.25,0,0,2935,eng ENG,MF,eng Premier League,22-250,2003.0,34,2580,76,84.3,28.7,31,79.0,17,3,39.0,0,1.44,45,41,4,0.14,0.89,2334,eng ENG,MF,eng Premier League,22-250,2003.0,28.7,4,0,0,38,56,1,78,34,34,0,0.10465116279069767,0.03488372093023256,1.1860465116279069,0.40813953488372084,0.39908306291143236,0.009056471972288482
1387,Sael Kumbedi,fr FRA,"DF,MF",Wolfsburg,de Bundesliga,21.0,2005.0,21,17,1535,17.1,0,5,5,0,0,0,2,0,0.29,,,,,,,,,,,,,,,,,,,,,,,,,1387,fr FRA,"DF,MF",de Bundesliga,21-033,2005.0,17.1,0,4,0,0.0,0.23,0.0,0.0,,0,0,1727,fr FRA,"DF,MF",de Bundesliga,21-033,2005.0,21,1535,73,55.0,17.1,17,85.0,10,4,24.0,5,0.81,26,42,-16,-0.94,-0.29,1387,fr FRA,"DF,MF",de Bundesliga,21-033,2005.0,17.1,2,0,0,19,16,4,33,13,28,0,0.0,0.2931596091205212,0.762214983713355,0.31661237785016283,0.308001641861053,0.00861073598910983
1668,Hannibal Mejbri,tn TUN,MF,Burnley,eng Premier League,23.0,2003.0,23,12,990,11.0,1,3,4,1,0,0,7,0,0.36,,,,,,,,,,,,,,,,,,,,,,,,,1668,tn TUN,MF,eng Premier League,23-097,2003.0,11.0,1,14,4,28.6,1.27,0.36,0.07,0.25,0,0,2090,tn TUN,MF,eng Premier League,23-097,2003.0,23,990,43,32.4,11.0,12,71.0,3,11,13.0,2,0.78,12,22,-10,-0.91,0.13,1668,tn TUN,MF,eng Premier League,23-097,2003.0,11.0,7,0,0,17,36,3,25,7,13,0,0.09090909090909091,0.2727272727272727,0.6363636363636364,0.3090909090909091,0.30067329559253286,0.00841761349837622
299,Lorenzo Bernasconi,it ITA,MF,Atalanta,it Serie A,22.0,2003.0,23,17,1572,17.5,0,3,3,0,0,0,3,0,0.17,,,,,,,,,,,,,,,,,,,,,,,,,299,it ITA,MF,it Serie A,22-163,2003.0,17.5,0,9,1,11.1,0.52,0.06,0.0,0.0,0,0,371,it ITA,MF,it Serie A,22-163,2003.0,23,1572,68,51.4,17.5,17,83.0,13,6,26.0,10,1.91,22,9,13,0.74,0.62,299,it ITA,MF,it Serie A,22-163,2003.0,17.5,3,0,0,8,5,3,113,14,16,0,0.0,0.17175572519083968,0.8015267175572519,0.29198473282442744,0.2837522132371742,0.00823251958725324
592,Montrell Culbreath,de GER,"MF,DF",Leverkusen,de Bundesliga,18.0,2007.0,9,6,535,5.9,1,0,1,1,0,0,0,0,0.17,,,,,,,,,,,,,,,,,,,,,,,,,592,de GER,"MF,DF",de Bundesliga,18-242,2007.0,5.9,1,4,1,25.0,0.67,0.17,0.25,1.0,0,0,745,de GER,"MF,DF",de Bundesliga,18-242,2007.0,9,535,59,19.2,5.9,6,80.0,2,3,19.0,4,2.0,15,9,6,1.01,0.45,592,de GER,"MF,DF",de Bundesliga,18-242,2007.0,5.9,0,0,0,4,8,0,16,6,10,0,0.16822429906542058,0.0,1.0093457943925233,0.37009345794392523,0.3620790547741812,0.008014403169744055
2577,Lesley Ugochukwu,fr FRA,MF,Burnley,eng Premier League,22.0,2004.0,32,24,2114,23.5,3,1,4,3,0,0,3,1,0.17,,,,,,,,,,,,,,,,,,,,,,,,,2577,fr FRA,MF,eng Premier League,22-033,2004.0,23.5,3,21,7,33.3,0.89,0.3,0.14,0.43,0,0,3253,fr FRA,MF,eng Premier League,22-033,2004.0,32,2114,66,69.1,23.5,24,78.0,5,8,29.0,1,0.59,25,46,-21,-0.89,0.34,2577,fr FRA,MF,eng Premier League,22-033,2004.0,23.5,3,1,1,26,26,1,6,15,25,0,0.12771996215704826,0.04257332071901608,0.6385998107852413,0.2554399243140965,0.24768903581813195,0.0077508884959645585
2139,Rocco Reitz,de GER,MF,Gladbach,de Bundesliga,23.0,2002.0,29,29,2448,27.2,0,2,2,0,0,0,8,1,0.07,,,,,,,,,,,,,,,,,,,,,,,,,2139,de GER,MF,de Bundesliga,23-334,2002.0,27.2,0,44,13,29.5,1.62,0.48,0.0,0.0,0,0,2694,de GER,MF,de Bundesliga,23-334,2002.0,29,2448,84,87.7,27.2,29,84.0,18,0,,0,1.0,25,43,-18,-0.66,-1.71,2139,de GER,MF,de Bundesliga,23-334,2002.0,27.2,8,1,0,33,53,6,85,49,35,0,0.0,0.07352941176470588,1.801470588235294,0.5625,0.5549168627266516,0.0075831372733483615
646,Rav van den Berg,nl NED,DF,Köln,de Bundesliga,21.0,2004.0,14,12,1131,12.6,0,1,1,0,0,0,0,1,0.08,,,,,,,,,,,,,,,,,,,,,,,,,646,nl NED,DF,de Bundesliga,21-295,2004.0,12.6,0,1,0,0.0,0.08,0.0,0.0,,0,0,812,nl NED,DF,de Bundesliga,21-295,2004.0,14,1131,81,40.5,12.6,12,87.0,9,2,42.0,7,0.93,17,21,-4,-0.32,-0.1,646,nl NED,DF,de Bundesliga,21-295,2004.0,12.6,0,1,0,10,3,1,1,14,8,0,0.0,0.07957559681697612,1.1140583554376657,0.35809018567639256,0.35058292198145574,0.0075072636949368166
2495,Mathys Tel,fr FRA,"MF,FW",Tottenham Hotspur,eng Premier League,21.0,2005.0,27,9,1014,11.3,3,0,3,3,0,0,0,0,0.27,,,,,,,,,,,,,,,,,,,,,,,,,2495,fr FRA,"MF,FW",eng Premier League,21-001,2005.0,11.3,3,28,7,25.0,2.49,0.62,0.11,0.43,0,0,3151,fr FRA,"MF,FW",eng Premier League,21-001,2005.0,27,1014,38,33.1,11.3,9,75.0,2,18,19.0,7,0.89,21,20,1,0.09,0.57,2495,fr FRA,"MF,FW",eng Premier League,21-001,2005.0,11.3,0,0,0,14,19,3,68,2,11,0,0.2662721893491124,0.0,0.1775147928994083,0.15976331360946744,0.152480097377485,0.007283216231982442
2222,Matteo Ruggeri,it ITA,DF,Atlético Madrid,es La Liga,23.0,2002.0,22,17,1459,16.2,0,3,3,0,0,0,4,0,0.19,,,,,,,,,,,,,,,,,,,,,,,,,2222,it ITA,DF,es La Liga,23-291,2002.0,16.2,0,4,2,50.0,0.25,0.12,0.0,0.0,0,0,2796,it ITA,DF,es La Liga,23-291,2002.0,22,1459,66,49.1,16.2,17,79.0,10,5,24.0,10,1.73,30,20,10,0.62,0.08,2222,it ITA,DF,es La Liga,23-291,2002.0,16.2,4,0,0,25,2,1,68,18,22,0,0.0,0.1850582590815627,1.1103495544893762,0.38862234407128166,0.3813442548916219,0.007278089179659775
2358,Armindo Sieb,de GER,FW,Mainz 05,de Bundesliga,23.0,2003.0,20,3,519,5.8,2,0,2,2,0,0,1,0,0.35,,,,,,,,,,,,,,,,,,,,,,,,,2358,de GER,FW,de Bundesliga,23-070,2003.0,5.8,2,17,6,35.3,2.95,1.04,0.12,0.33,0,0,2972,de GER,FW,de Bundesliga,23-070,2003.0,20,519,26,18.6,5.8,3,72.0,0,17,18.0,6,0.75,10,12,-2,-0.35,-0.03,2358,de GER,FW,de Bundesliga,23-070,2003.0,5.8,1,0,0,15,2,2,12,0,4,0,0.3468208092485549,0.0,0.0,0.13872832369942198,0.13154313420048955,0.007185189498932432
1795,Yunus Musah,us USA,MF,Atalanta,it Serie A,23.0,2002.0,16,3,450,5.0,1,0,1,1,0,0,1,0,0.2,,,,,,,,,,,,,,,,,,,,,,,,,1795,us USA,MF,it Serie A,23-150,2002.0,5.0,1,6,1,16.7,1.2,0.2,0.17,1.0,0,0,2251,us USA,MF,it Serie A,23-150,2002.0,16,450,28,14.7,5.0,3,63.0,1,13,20.0,16,2.0,4,7,-3,-0.6,-1.22,1795,us USA,MF,it Serie A,23-150,2002.0,5.0,1,0,0,6,15,2,9,4,4,0,0.2,0.0,0.8,0.32,0.3129539490500552,0.007046050949944815
2210,Tom Rothe,de GER,"MF,DF",Union Berlin,de Bundesliga,21.0,2004.0,18,7,790,8.8,1,0,1,1,0,0,1,1,0.11,,,,,,,,,,,,,,,,,,,,,,,,,2210,de GER,"MF,DF",de Bundesliga,21-181,2004.0,8.8,1,15,4,26.7,1.71,0.46,0.07,0.25,0,0,2777,de GER,"MF,DF",de Bundesliga,21-181,2004.0,18,790,44,28.3,8.8,7,81.0,3,11,20.0,1,0.89,10,19,-9,-1.03,-0.53,2210,de GER,"MF,DF",de Bundesliga,21-181,2004.0,8.8,1,1,0,9,4,2,27,19,11,0,0.11392405063291139,0.0,2.1645569620253164,0.6949367088607595,0.6881977128121113,0.006738996048648249
1768,Samir El Mourabet,ma MAR,MF,Strasbourg,fr Ligue 1,20.0,2005.0,30,23,1903,21.1,1,2,3,1,0,0,4,0,0.14,,,,,,,,,,,,,,,,,,,,,,,,,1768,ma MAR,MF,fr Ligue 1,20-204,2005.0,21.1,1,11,1,9.1,0.52,0.05,0.09,1.0,0,0,2219,ma MAR,MF,fr Ligue 1,20-204,2005.0,30,1903,63,70.5,21.1,23,75.0,8,7,24.0,0,1.53,34,22,12,0.57,0.79,1768,ma MAR,MF,fr Ligue 1,20-204,2005.0,21.1,4,0,0,22,19,3,18,26,33,0,0.04729374671571203,0.09458749343142406,1.229637414608513,0.4161849710982659,0.4097687446609592,0.006416226437306716
2291,Alisson Santos,br BRA,MF,Napoli,it Serie A,23.0,2002.0,10,5,566,6.3,3,0,3,3,0,0,0,0,0.48,,,,,,,,,,,,,,,,,,,,,,,,,2291,br BRA,MF,it Serie A,23-213,2002.0,6.3,3,22,12,54.5,3.5,1.91,0.14,0.25,0,0,2881,br BRA,MF,it Serie A,23-213,2002.0,10,566,57,18.5,6.3,5,82.0,1,5,32.0,1,2.0,13,6,7,1.11,0.68,2291,br BRA,MF,it Serie A,23-213,2002.0,6.3,0,0,0,1,5,1,31,2,7,0,0.4770318021201414,0.0,0.31802120141342755,0.28621908127208484,0.27981475230614183,0.006404328965943007
2449,Luka Sučić,hr CRO,"MF,FW",Real Sociedad,es La Liga,23.0,2002.0,17,8,762,8.5,3,1,4,3,0,0,1,0,0.47,,,,,,,,,,,,,,,,,,,,,,,,,2449,hr CRO,"MF,FW",es La Liga,23-232,2002.0,8.5,3,19,6,31.6,2.24,0.71,0.16,0.5,0,0,3092,hr CRO,"MF,FW",es La Liga,23-232,2002.0,17,762,45,25.7,8.5,8,64.0,0,9,27.0,13,1.41,16,13,3,0.35,0.48,2449,hr CRO,"MF,FW",es La Liga,23-232,2002.0,8.5,1,0,0,7,5,1,4,3,5,0,0.3543307086614173,0.11811023622047244,0.3543307086614173,0.28346456692913385,0.27706344274837663,0.006401124180757223
1049,Daouda Guindo,ml MLI,DF,Brest,fr Ligue 1,23.0,2002.0,22,16,1425,15.8,1,1,2,1,0,0,4,1,0.13,,,,,,,,,,,,,,,,,,,,,,,,,1049,ml MLI,DF,fr Ligue 1,23-196,2002.0,15.8,1,18,5,27.8,1.14,0.32,0.06,0.2,0,0,1318,ml MLI,DF,fr Ligue 1,23-196,2002.0,22,1425,65,52.8,15.8,16,82.0,10,6,19.0,4,1.32,20,22,-2,-0.13,0.16,1049,ml MLI,DF,fr Ligue 1,23-196,2002.0,15.8,4,1,0,24,14,2,26,25,26,0,0.06315789473684211,0.06315789473684211,1.5789473684210527,0.5178947368421052,0.5115789990244357,0.006315737817669476
854,Matias Fernandez-Pardo,be BEL,"MF,FW",Lille,fr Ligue 1,21.0,2005.0,26,24,2100,23.3,8,5,13,6,2,2,4,0,0.47,,,,,,,,,,,,,,,,,,,,,,,,,854,be BEL,"MF,FW",fr Ligue 1,21-084,2005.0,23.3,8,64,29,45.3,2.74,1.24,0.09,0.21,2,2,1072,be BEL,"MF,FW",fr Ligue 1,21-084,2005.0,26,2100,81,75.3,23.3,24,84.0,12,2,38.0,2,1.73,30,23,7,0.3,-0.87,854,be BEL,"MF,FW",fr Ligue 1,21-084,2005.0,23.3,4,0,0,13,35,13,52,8,13,0,0.34285714285714286,0.2142857142857143,0.34285714285714286,0.3042857142857143,0.29805019201033356,0.006235522275380767
1606,Arnau Martinez,es ESP,"DF,MF",Girona,es La Liga,23.0,2003.0,30,28,2282,25.4,1,2,3,1,0,0,6,0,0.12,,,,,,,,,,,,,,,,,,,,,,,,,1606,es ESP,"DF,MF",es La Liga,23-003,2003.0,25.4,1,15,2,13.3,0.59,0.08,0.07,0.5,0,0,2016,es ESP,"DF,MF",es La Liga,23-003,2003.0,30,2282,76,76.8,25.4,28,81.0,16,2,14.0,2,1.23,32,31,1,0.04,2.0,1606,es ESP,"DF,MF",es La Liga,23-003,2003.0,25.4,6,0,0,22,26,3,34,34,34,0,0.03943908851884312,0.07887817703768624,1.340929009640666,0.44171779141104295,0.4358107673559357,0.005907024055107235
92,Hugo Álvarez,es ESP,"FW,MF",Celta Vigo,es La Liga,22.0,2003.0,23,13,1148,12.8,3,1,4,3,0,0,2,0,0.31,,,,,,,,,,,,,,,,,,,,,,,,,92,es ESP,"FW,MF",es La Liga,22-300,2003.0,12.8,3,10,5,50.0,0.78,0.39,0.3,0.6,0,0,119,es ESP,"FW,MF",es La Liga,22-300,2003.0,23,1148,50,38.7,12.8,13,71.0,4,10,23.0,6,1.3,21,20,1,0.08,0.03,92,es ESP,"FW,MF",es La Liga,22-300,2003.0,12.8,2,0,0,15,14,2,20,10,8,0,0.23519163763066203,0.078397212543554,0.7839721254355401,0.352787456445993,0.3471037501033754,0.0056837063426176115
2654,Alexis Vossah,fr FRA,MF,Toulouse,fr Ligue 1,18.0,2008.0,21,10,951,10.6,1,1,2,1,0,0,3,1,0.19,,,,,,,,,,,,,,,,,,,,,,,,,2654,fr FRA,MF,fr Ligue 1,18-048,2008.0,10.6,1,9,2,22.2,0.85,0.19,0.11,0.5,0,0,3345,fr FRA,MF,fr Ligue 1,18-048,2008.0,21,951,45,34.1,10.6,10,73.0,2,11,20.0,6,1.24,20,14,6,0.57,0.91,2654,fr FRA,MF,fr Ligue 1,18-048,2008.0,10.6,3,1,0,14,9,0,5,5,7,0,0.0946372239747634,0.0946372239747634,0.47318611987381703,0.2082018927444795,0.20252290689710256,0.005678985847376944
542,Nnamdi Collins,de GER,DF,Eintracht Frankfurt,de Bundesliga,22.0,2004.0,23,16,1500,16.7,1,2,3,1,0,0,4,0,0.18,,,,,,,,,,,,,,,,,,,,,,,,,542,de GER,DF,de Bundesliga,22-108,2004.0,16.7,1,4,1,25.0,0.24,0.06,0.25,1.0,0,0,681,de GER,DF,de Bundesliga,22-108,2004.0,23,1500,65,53.8,16.7,16,85.0,12,7,20.0,3,1.57,38,32,6,0.36,0.92,542,de GER,DF,de Bundesliga,22-108,2004.0,16.7,4,0,0,22,19,0,4,24,38,0,0.06,0.12,1.44,0.492,0.4864530165419425,0.005546983458057486
515,Sidiki Cherif,fr FRA,"FW,MF",Angers,fr Ligue 1,19.0,2006.0,19,14,1157,12.9,4,0,4,4,0,0,3,0,0.31,,,,,,,,,,,,,,,,,,,,,,,,,515,fr FRA,"FW,MF",fr Ligue 1,19-134,2006.0,12.9,4,28,12,42.9,2.18,0.93,0.14,0.33,0,0,645,fr FRA,"FW,MF",fr Ligue 1,19-134,2006.0,19,1157,61,41.5,12.9,14,70.0,2,5,36.0,0,1.21,13,16,-3,-0.23,0.54,515,fr FRA,"FW,MF",fr Ligue 1,19-134,2006.0,12.9,3,0,0,15,16,11,6,6,3,0,0.3111495246326707,0.0,0.46672428694900603,0.2644770959377701,0.25907392270044255,0.00540317323732753
1812,Mahamadou Nagida,cm CMR,DF,Rennes,fr Ligue 1,20.0,2005.0,16,5,620,6.9,0,0,0,0,0,0,2,0,0.0,,,,,,,,,,,,,,,,,,,,,,,,,1812,cm CMR,DF,fr Ligue 1,20-304,2005.0,6.9,0,12,3,25.0,1.74,0.44,0.0,0.0,0,0,2268,cm CMR,DF,fr Ligue 1,20-304,2005.0,16,620,39,22.2,6.9,5,85.0,3,11,18.0,14,2.06,13,9,4,0.58,0.25,1812,cm CMR,DF,fr Ligue 1,20-304,2005.0,6.9,2,0,0,11,7,0,9,18,9,0,0.0,0.0,2.6129032258064515,0.7838709677419354,0.7786862292365168,0.005184738505418673
1012,Ryan Gravenberch,nl NED,MF,Liverpool,eng Premier League,23.0,2002.0,32,30,2665,29.6,4,3,7,4,0,0,5,0,0.24,,,,,,,,,,,,,,,,,,,,,,,,,1012,nl NED,MF,eng Premier League,23-347,2002.0,29.6,4,32,9,28.1,1.08,0.3,0.13,0.44,0,0,1275,nl NED,MF,eng Premier League,23-347,2002.0,32,2665,83,87.1,29.6,30,87.0,26,2,29.0,0,1.72,45,35,10,0.34,-0.35,1012,nl NED,MF,eng Premier League,23-347,2002.0,29.6,5,0,0,34,37,0,6,39,31,0,0.1350844277673546,0.10131332082551595,1.3170731707317074,0.47954971857410883,0.4746974339507598,0.0048522846233490236
2500,Filippo Terracciano,it ITA,DF,Cremonese,it Serie A,23.0,2003.0,32,29,2659,29.5,2,0,2,2,0,0,6,0,0.07,,,,,,,,,,,,,,,,,,,,,,,,,2500,it ITA,DF,it Serie A,23-079,2003.0,29.5,2,14,4,28.6,0.47,0.14,0.14,0.5,0,0,3157,it ITA,DF,it Serie A,23-079,2003.0,32,2659,83,86.9,29.5,29,89.0,25,3,29.0,0,0.88,22,39,-17,-0.58,1.22,2500,it ITA,DF,it Serie A,23-079,2003.0,29.5,6,0,0,16,23,0,26,50,22,2,0.06769462203836028,0.0,1.6923655509590072,0.5347875141030463,0.5299699384924189,0.004817575610627345
2628,Nikolas Veratschnig,at AUT,"MF,DF",Mainz 05,de Bundesliga,23.0,2003.0,20,6,639,7.1,0,1,1,0,0,0,3,0,0.14,,,,,,,,,,,,,,,,,,,,,,,,,2628,at AUT,"MF,DF",de Bundesliga,23-094,2003.0,7.1,0,4,1,25.0,0.56,0.14,0.0,0.0,0,0,3311,at AUT,"MF,DF",de Bundesliga,23-094,2003.0,20,639,32,22.9,7.1,6,67.0,2,14,17.0,6,1.15,9,11,-2,-0.28,0.05,2628,at AUT,"MF,DF",de Bundesliga,23-094,2003.0,7.1,3,0,0,12,9,1,20,10,11,0,0.0,0.14084507042253522,1.4084507042253522,0.46478873239436624,0.45997922792593365,0.0048095044684325905
1633,Alan Matturro,uy URU,DF,Levante,es La Liga,21.0,2004.0,17,9,842,9.4,1,0,1,1,0,0,0,1,0.11,,,,,,,,,,,,,,,,,,,,,,,,,1633,uy URU,DF,es La Liga,21-199,2004.0,9.4,1,8,1,12.5,0.86,0.11,0.13,1.0,0,0,2045,uy URU,DF,es La Liga,21-199,2004.0,17,842,50,28.4,9.4,9,78.0,7,8,17.0,8,0.94,11,17,-6,-0.64,-0.35,1633,uy URU,DF,es La Liga,21-199,2004.0,9.4,0,1,0,7,9,0,0,6,12,0,0.10688836104513065,0.0,0.6413301662707839,0.23515439429928742,0.23045425997847116,0.004700134320816257
1209,Mikel Jauregizar,es ESP,MF,Athletic Club,es La Liga,22.0,2003.0,31,30,2514,27.9,2,0,2,2,0,0,5,1,0.07,,,,,,,,,,,,,,,,,,,,,,,,,1209,es ESP,MF,es La Liga,22-166,2003.0,27.9,2,32,9,28.1,1.15,0.32,0.06,0.22,0,0,1508,es ESP,MF,es La Liga,22-166,2003.0,31,2514,81,84.6,27.9,30,83.0,18,1,29.0,0,1.23,27,37,-10,-0.36,0.04,1209,es ESP,MF,es La Liga,22-166,2003.0,27.9,5,1,1,42,32,0,58,45,40,0,0.07159904534606205,0.0,1.6109785202863962,0.5119331742243437,0.5072683325289757,0.0046648416953679606
420,Riccardo Calafiori,it ITA,DF,Arsenal,eng Premier League,23.0,2002.0,22,18,1448,16.1,1,2,3,1,0,0,5,0,0.19,,,,,,,,,,,,,,,,,,,,,,,,,420,it ITA,DF,eng Premier League,23-344,2002.0,16.1,1,28,6,21.4,1.74,0.37,0.04,0.17,0,0,518,it ITA,DF,eng Premier League,23-344,2002.0,22,1448,66,47.3,16.1,18,77.0,6,4,14.0,2,2.27,27,8,19,1.18,0.12,420,it ITA,DF,eng Premier League,23-344,2002.0,16.1,5,0,0,25,9,2,21,13,18,0,0.06215469613259668,0.12430939226519336,0.8080110497237569,0.30455801104972374,0.30003927782990564,0.004518733219818105
1286,Dermane Karim,tg TOG,MF,Lorient,fr Ligue 1,22.0,2003.0,27,14,1261,14.0,1,2,3,1,0,0,3,0,0.21,,,,,,,,,,,,,,,,,,,,,,,,,1286,tg TOG,MF,fr Ligue 1,22-123,2003.0,14.0,1,15,2,13.3,1.07,0.14,0.07,0.5,0,0,1600,tg TOG,MF,fr Ligue 1,22-123,2003.0,27,1261,47,45.2,14.0,14,72.0,2,13,19.0,1,1.37,16,25,-9,-0.64,-0.88,1286,tg TOG,MF,fr Ligue 1,22-123,2003.0,14.0,3,0,0,19,37,0,16,10,14,0,0.07137192704203013,0.14274385408406026,0.7137192704203013,0.2854877081681205,0.2810212197511104,0.004466488417010139
186,Samson Baidoo,at AUT,DF,Lens,fr Ligue 1,22.0,2004.0,20,17,1588,17.6,2,1,3,2,0,0,2,0,0.17,,,,,,,,,,,,,,,,,,,,,,,,,186,at AUT,DF,fr Ligue 1,22-028,2004.0,17.6,2,15,4,26.7,0.85,0.23,0.13,0.5,0,0,233,at AUT,DF,fr Ligue 1,22-028,2004.0,20,1588,79,58.8,17.6,17,88.0,16,3,30.0,1,2.35,36,12,24,1.36,1.04,186,at AUT,DF,fr Ligue 1,22-028,2004.0,17.6,2,0,0,19,5,1,0,24,20,0,0.11335012594458438,0.05667506297229219,1.3602015113350125,0.47040302267002515,0.466138834985191,0.004264187684834164
2686,Estêvão Willian,br BRA,MF,Chelsea,eng Premier League,19.0,2007.0,22,12,848,9.4,2,2,4,2,0,0,4,0,0.42,,,,,,,,,,,,,,,,,,,,,,,,,2686,br BRA,MF,eng Premier League,19-004,2007.0,9.4,2,28,8,28.6,2.97,0.85,0.07,0.25,0,0,3384,br BRA,MF,eng Premier League,19-004,2007.0,22,848,39,27.7,9.4,12,54.0,0,10,20.0,3,1.36,19,11,8,0.85,0.85,2686,br BRA,MF,eng Premier League,19-004,2007.0,9.4,4,0,0,12,9,6,16,4,6,0,0.2122641509433962,0.2122641509433962,0.4245283018867924,0.27594339622641506,0.27188406014046357,0.004059336085951493
334,Hugo Bolin,se SWE,"MF,FW",Gladbach,de Bundesliga,22.0,2003.0,10,4,425,4.7,0,1,1,0,0,0,0,0,0.21,,,,,,,,,,,,,,,,,,,,,,,,,334,se SWE,"MF,FW",de Bundesliga,22-278,2003.0,4.7,0,11,2,18.2,2.33,0.42,0.0,0.0,0,0,414,se SWE,"MF,FW",de Bundesliga,22-278,2003.0,10,425,43,15.2,4.7,4,71.0,0,6,24.0,1,1.0,5,7,-2,-0.42,0.03,334,se SWE,"MF,FW",de Bundesliga,22-278,2003.0,4.7,0,0,0,2,10,1,14,1,1,0,0.0,0.2117647058823529,0.2117647058823529,0.12705882352941175,0.12302542725988445,0.004033396269527298
2568,Kareem Tunde,es ESP,MF,Levante,es La Liga,20.0,2005.0,16,14,975,10.8,0,1,1,0,0,0,3,0,0.09,,,,,,,,,,,,,,,,,,,,,,,,,2568,es ESP,MF,es La Liga,20-252,2005.0,10.8,0,15,2,13.3,1.38,0.18,0.0,0.0,0,0,3241,es ESP,MF,es La Liga,20-252,2005.0,16,975,61,32.8,10.8,14,68.0,2,2,10.0,0,1.25,10,14,-4,-0.37,0.04,2568,es ESP,MF,es La Liga,20-252,2005.0,10.8,3,0,0,16,19,1,8,12,11,0,0.0,0.09230769230769231,1.1076923076923078,0.36,0.3560000145164481,0.003999985483551904
1845,João Neves,pt POR,MF,Paris Saint-Germain,fr Ligue 1,21.0,2004.0,17,12,1138,12.6,5,1,6,5,0,0,0,0,0.47,,,,,,,,,,,,,,,,,,,,,,,,,1845,pt POR,MF,fr Ligue 1,21-213,2004.0,12.6,5,22,6,27.3,1.74,0.47,0.23,0.83,0,0,2315,pt POR,MF,fr Ligue 1,21-213,2004.0,17,1138,67,42.1,12.6,12,81.0,7,5,34.0,2,2.53,33,11,22,1.74,0.53,1845,pt POR,MF,fr Ligue 1,21-213,2004.0,12.6,0,0,0,12,11,0,2,5,12,0,0.39543057996485065,0.07908611599297012,0.39543057996485065,0.3005272407732865,0.2966543442433628,0.0038728965299237306
166,Arthur Atta,fr FRA,MF,Udinese,it Serie A,23.0,2003.0,28,25,2204,24.5,5,3,8,5,0,0,3,0,0.33,,,,,,,,,,,,,,,,,,,,,,,,,166,fr FRA,MF,it Serie A,23-104,2003.0,24.5,5,51,19,37.3,2.08,0.78,0.1,0.26,0,0,206,fr FRA,MF,it Serie A,23-104,2003.0,28,2204,79,72.0,24.5,25,84.0,16,3,31.0,0,1.32,27,34,-7,-0.29,-0.5,166,fr FRA,MF,it Serie A,23-104,2003.0,24.5,3,0,0,19,31,7,51,21,13,0,0.20417422867513613,0.12250453720508167,0.8575317604355717,0.3756805807622504,0.37183640209874597,0.0038441786635044495
2227,Jacen Russell-Rowe,ca CAN,FW,Toulouse,fr Ligue 1,23.0,2002.0,11,3,350,3.9,1,0,1,1,0,0,0,0,0.26,,,,,,,,,,,,,,,,,,,,,,,,,2227,ca CAN,FW,fr Ligue 1,23-227,2002.0,3.9,1,9,2,22.2,2.31,0.51,0.11,0.5,0,0,2801,ca CAN,FW,fr Ligue 1,23-227,2002.0,11,350,32,12.5,3.9,3,66.0,0,8,19.0,0,0.73,5,9,-4,-1.03,-1.14,2227,ca CAN,FW,fr Ligue 1,23-227,2002.0,3.9,0,0,0,7,1,1,3,1,2,0,0.2571428571428571,0.0,0.2571428571428571,0.18,0.17618402952108586,0.0038159704789141324
2138,Vitor Reis,br BRA,DF,Girona,es La Liga,20.0,2006.0,31,30,2688,29.9,1,1,2,1,0,0,7,1,0.07,,,,,,,,,,,,,,,,,,,,,,,,,2138,br BRA,DF,es La Liga,20-106,2006.0,29.9,1,15,3,20.0,0.5,0.1,0.07,0.33,0,0,2693,br BRA,DF,es La Liga,20-106,2006.0,31,2688,87,90.5,29.9,30,89.0,29,1,33.0,0,1.1,31,43,-12,-0.4,0.24,2138,br BRA,DF,es La Liga,20-106,2006.0,29.9,7,1,0,32,21,1,0,29,29,1,0.033482142857142856,0.033482142857142856,0.9709821428571428,0.31473214285714285,0.3109613482899433,0.0037707945671995313
2135,Alejandro Rego,es ESP,MF,Athletic Club,es La Liga,22.0,2003.0,24,8,978,10.9,1,1,2,1,0,0,5,0,0.18,,,,,,,,,,,,,,,,,,,,,,,,,2135,es ESP,MF,es La Liga,22-321,2003.0,10.9,1,11,3,27.3,1.01,0.28,0.09,0.33,0,0,2690,es ESP,MF,es La Liga,22-321,2003.0,24,978,41,32.9,10.9,8,73.0,3,16,25.0,7,1.42,15,18,-3,-0.28,0.13,2135,es ESP,MF,es La Liga,22-321,2003.0,10.9,5,0,0,30,4,0,3,17,17,0,0.09202453987730062,0.09202453987730062,1.5644171779141105,0.5337423312883436,0.5300485645409487,0.0036937667473948554
1122,Omar El Hilali,ma MAR,DF,Espanyol,es La Liga,22.0,2003.0,31,28,2454,27.3,0,2,2,0,0,0,7,0,0.07,,,,,,,,,,,,,,,,,,,,,,,,,1122,ma MAR,DF,es La Liga,22-228,2003.0,27.3,0,1,0,0.0,0.04,0.0,0.0,,0,0,1408,ma MAR,DF,es La Liga,22-228,2003.0,31,2454,79,82.6,27.3,28,86.0,22,3,14.0,1,1.26,29,41,-12,-0.44,-0.44,1122,ma MAR,DF,es La Liga,22-228,2003.0,27.3,7,0,0,36,22,2,52,33,47,0,0.0,0.07334963325183373,1.2102689486552567,0.3850855745721271,0.3814364330541379,0.0036491415179892295
469,Álvaro Carreras,es ESP,DF,Real Madrid,es La Liga,23.0,2003.0,26,24,2152,23.9,2,2,4,2,0,0,5,1,0.17,,,,,,,,,,,,,,,,,,,,,,,,,469,es ESP,DF,es La Liga,23-036,2003.0,23.9,2,8,2,25.0,0.33,0.08,0.25,1.0,0,0,579,es ESP,DF,es La Liga,23-036,2003.0,26,2152,83,72.5,23.9,24,89.0,21,2,3.0,2,2.19,50,21,29,1.21,0.33,469,es ESP,DF,es La Liga,23-036,2003.0,23.9,5,1,0,17,31,5,29,36,18,0,0.08364312267657992,0.08364312267657992,1.5055762081784385,0.5102230483271375,0.5066980570395665,0.003524991287571
2269,Juanlu Sánchez,es ESP,"MF,DF",Sevilla,es La Liga,22.0,2003.0,28,23,1902,21.1,0,3,3,0,0,0,5,1,0.14,,,,,,,,,,,,,,,,,,,,,,,,,2269,es ESP,"MF,DF",es La Liga,22-256,2003.0,21.1,0,13,1,7.7,0.62,0.05,0.0,0.0,0,0,2857,es ESP,"MF,DF",es La Liga,22-256,2003.0,28,1902,68,64.0,21.1,23,75.0,9,5,35.0,3,0.75,21,36,-15,-0.71,-0.71,2269,es ESP,"MF,DF",es La Liga,22-256,2003.0,21.1,5,1,1,21,38,4,55,11,38,0,0.0,0.14195583596214512,0.5205047318611987,0.19873817034700314,0.19551966849612368,0.0032185018508794627
27,Jayden Addai,nl NED,MF,Como,it Serie A,20.0,2005.0,12,7,686,7.6,3,0,3,3,0,0,4,0,0.39,,,,,,,,,,,,,,,,,,,,,,,,,27,nl NED,MF,it Serie A,20-245,2005.0,7.6,3,13,6,46.2,1.71,0.79,0.23,0.5,0,0,32,nl NED,MF,it Serie A,20-245,2005.0,12,686,57,22.4,7.6,7,75.0,2,5,32.0,6,1.25,11,6,5,0.66,-0.33,27,nl NED,MF,it Serie A,20-245,2005.0,7.6,4,0,0,13,14,2,10,2,2,0,0.3935860058309038,0.0,0.26239067055393583,0.23615160349854228,0.23324675834783226,0.002904845150710017
1958,Abdoul Ouattara,fr FRA,"MF,DF",Strasbourg,fr Ligue 1,20.0,2005.0,24,15,1453,16.1,2,0,2,2,0,0,2,0,0.12,,,,,,,,,,,,,,,,,,,,,,,,,1958,fr FRA,"MF,DF",fr Ligue 1,20-188,2005.0,16.1,2,25,10,40.0,1.55,0.62,0.08,0.2,0,0,2456,fr FRA,"MF,DF",fr Ligue 1,20-188,2005.0,24,1453,61,53.8,16.1,15,79.0,10,9,29.0,0,1.79,28,20,8,0.5,0.35,1958,fr FRA,"MF,DF",fr Ligue 1,20-188,2005.0,16.1,2,0,0,10,8,1,16,12,12,0,0.12388162422573984,0.0,0.7432897453544391,0.2725395732966277,0.2696919940773164,0.0028475792193112803
1746,Diego Moreira,be BEL,MF,Strasbourg,fr Ligue 1,21.0,2004.0,24,21,1845,20.5,3,4,7,3,0,0,4,0,0.34,,,,,,,,,,,,,,,,,,,,,,,,,1746,be BEL,MF,fr Ligue 1,21-265,2004.0,20.5,3,23,9,39.1,1.12,0.44,0.13,0.33,0,0,2193,be BEL,MF,fr Ligue 1,21-265,2004.0,24,1845,77,68.3,20.5,21,84.0,7,3,25.0,0,1.46,36,25,11,0.54,0.64,1746,be BEL,MF,fr Ligue 1,21-265,2004.0,20.5,4,0,0,15,25,8,83,16,23,0,0.14634146341463414,0.1951219512195122,0.7804878048780488,0.35121951219512193,0.34839140249643075,0.0028281096986911836
2086,Matteo Prati,it ITA,MF,Cagliari,it Serie A,22.0,2003.0,20,15,1268,14.1,1,0,1,1,0,0,4,0,0.07,,,,,,,,,,,,,,,,,,,,,,,,,2086,it ITA,MF,it Serie A,22-121,2003.0,14.1,1,19,1,5.3,1.35,0.07,0.05,1.0,0,0,2621,it ITA,MF,it Serie A,22-121,2003.0,20,1268,63,41.4,14.1,15,74.0,5,5,30.0,2,1.05,13,20,-7,-0.5,-0.2,2086,it ITA,MF,it Serie A,22-121,2003.0,14.1,4,0,0,17,3,0,13,15,12,0,0.07097791798107256,0.0,1.0646687697160884,0.3477917981072555,0.34500026057515126,0.00279153753210426
2080,Freddie Potts,eng ENG,MF,West Ham United,eng Premier League,22.0,2003.0,22,12,1171,13.0,0,1,1,0,0,0,1,0,0.08,,,,,,,,,,,,,,,,,,,,,,,,,2080,eng ENG,MF,eng Premier League,22-228,2003.0,13.0,0,3,1,33.3,0.23,0.08,0.0,0.0,0,0,2615,eng ENG,MF,eng Premier League,22-228,2003.0,22,1171,53,38.3,13.0,12,77.0,4,10,25.0,8,1.09,17,25,-8,-0.61,-0.23,2080,eng ENG,MF,eng Premier League,22-228,2003.0,13.0,1,0,0,15,14,0,34,16,18,0,0.0,0.07685738684884715,1.2297181895815543,0.39197267292912047,0.38934407759508816,0.002628595334032313
1093,Ayden Heaven,eng ENG,DF,Manchester Utd,eng Premier League,19.0,2006.0,16,10,834,9.3,0,1,1,0,0,0,2,0,0.11,,,,,,,,,,,,,,,,,,,,,,,,,1093,eng ENG,DF,eng Premier League,19-218,2006.0,9.3,0,3,0,0.0,0.32,0.0,0.0,,0,0,1371,eng ENG,DF,eng Premier League,19-218,2006.0,16,834,52,27.3,9.3,10,79.0,6,6,8.0,18,1.94,17,13,4,0.43,0.03,1093,eng ENG,DF,eng Premier League,19-218,2006.0,9.3,2,0,0,7,7,0,1,1,12,1,0.0,0.1079136690647482,0.1079136690647482,0.06474820143884892,0.06236828802172893,0.0023799134171199887
1707,Lennon Miller,sct SCO,MF,Udinese,it Serie A,19.0,2006.0,20,6,724,8.0,0,1,1,0,0,0,3,0,0.12,,,,,,,,,,,,,,,,,,,,,,,,,1707,sct SCO,MF,it Serie A,19-246,2006.0,8.0,0,9,1,11.1,1.12,0.12,0.0,0.0,0,0,2141,sct SCO,MF,it Serie A,19-246,2006.0,20,724,36,23.7,8.0,6,72.0,0,14,21.0,13,1.2,15,12,3,0.37,0.68,1707,sct SCO,MF,it Serie A,19-246,2006.0,8.0,3,0,0,12,12,0,21,7,9,0,0.0,0.12430939226519336,0.8701657458563535,0.29834254143646405,0.2961062154615302,0.0022363259749338393
1482,Fer López,es ESP,"MF,FW",Celta Vigo,es La Liga,21.0,2004.0,12,8,738,8.2,1,0,1,1,0,0,2,0,0.12,,,,,,,,,,,,,,,,,,,,,,,,,1482,es ESP,"MF,FW",es La Liga,21-339,2004.0,8.2,1,9,3,33.3,1.1,0.37,0.11,0.33,0,0,1859,es ESP,"MF,FW",es La Liga,21-339,2004.0,12,738,62,24.8,8.2,8,77.0,2,4,30.0,0,1.0,9,14,-5,-0.61,-0.89,1482,es ESP,"MF,FW",es La Liga,21-339,2004.0,8.2,2,0,0,17,12,0,14,3,5,0,0.12195121951219512,0.0,0.3658536585365854,0.1585365853658537,0.1563134170057697,0.002223168360083988
513,Chema,es ESP,MF,Stuttgart,de Bundesliga,21.0,2005.0,23,12,1130,12.6,2,0,2,2,0,0,4,0,0.16,,,,,,,,,,,,,,,,,,,,,,,,,513,es ESP,MF,de Bundesliga,21-003,2005.0,12.6,2,12,4,33.3,0.96,0.32,0.17,0.5,0,0,643,es ESP,MF,de Bundesliga,21-003,2005.0,23,1130,49,40.5,12.6,12,85.0,6,11,10.0,8,1.87,27,21,6,0.48,-0.28,513,es ESP,MF,de Bundesliga,21-003,2005.0,12.6,4,0,0,15,8,1,0,25,14,0,0.1592920353982301,0.0,1.991150442477876,0.6610619469026549,0.6588743128894472,0.002187634013207651
1480,Diego López,es ESP,"MF,FW",Valencia,es La Liga,23.0,2002.0,29,16,1447,16.1,3,0,3,3,0,0,2,0,0.19,,,,,,,,,,,,,,,,,,,,,,,,,1480,es ESP,"MF,FW",es La Liga,23-350,2002.0,16.1,3,23,7,30.4,1.43,0.44,0.13,0.43,0,0,1857,es ESP,"MF,FW",es La Liga,23-350,2002.0,29,1447,50,48.7,16.1,16,75.0,5,13,19.0,2,1.24,12,24,-12,-0.75,-0.81,1480,es ESP,"MF,FW",es La Liga,23-350,2002.0,16.1,2,0,0,15,30,3,31,12,12,0,0.18659295093296477,0.0,0.7463718037318591,0.29854872149274364,0.2963774710753558,0.00217125041738786
496,Lucas Cepeda,cl CHI,MF,Elche,es La Liga,23.0,2002.0,8,4,381,4.2,1,0,1,1,0,0,1,0,0.24,,,,,,,,,,,,,,,,,,,,,,,,,496,cl CHI,MF,es La Liga,23-179,2002.0,4.2,1,12,5,41.7,2.83,1.18,0.08,0.2,0,0,616,cl CHI,MF,es La Liga,23-179,2002.0,8,381,48,12.8,4.2,4,76.0,1,4,19.0,4,1.0,4,7,-3,-0.71,-0.6,496,cl CHI,MF,es La Liga,23-179,2002.0,4.2,1,0,0,4,9,1,16,1,6,0,0.23622047244094488,0.0,0.23622047244094488,0.1653543307086614,0.1631984122470186,0.002155918461642814
2149,Rodrigo Ribeiro,pt POR,FW,Augsburg,de Bundesliga,21.0,2005.0,11,6,564,6.3,2,0,2,2,0,0,1,0,0.32,,,,,,,,,,,,,,,,,,,,,,,,,2149,pt POR,FW,de Bundesliga,21-000,2005.0,6.3,2,25,7,28.0,3.99,1.12,0.08,0.29,0,0,2705,pt POR,FW,de Bundesliga,21-000,2005.0,11,564,51,20.2,6.3,6,71.0,0,5,27.0,3,1.36,5,11,-6,-0.96,-0.55,2149,pt POR,FW,de Bundesliga,21-000,2005.0,6.3,1,0,0,9,2,8,2,3,1,0,0.3191489361702128,0.0,0.4787234042553191,0.2712765957446809,0.2691341435454107,0.002142452199270173
2307,Mario Sauer,sk SVK,MF,Toulouse,fr Ligue 1,21.0,2004.0,24,6,642,7.1,1,0,1,1,0,0,4,0,0.14,,,,,,,,,,,,,,,,,,,,,,,,,2307,sk SVK,MF,fr Ligue 1,21-348,2004.0,7.1,1,13,3,23.1,1.82,0.42,0.08,0.33,0,0,2903,sk SVK,MF,fr Ligue 1,21-348,2004.0,24,642,27,23.0,7.1,6,64.0,1,18,14.0,4,1.13,10,16,-6,-0.84,-1.05,2307,sk SVK,MF,fr Ligue 1,21-348,2004.0,7.1,4,0,0,12,3,0,7,9,6,0,0.14018691588785046,0.0,1.2616822429906542,0.43457943925233644,0.4325156461953826,0.0020637930569538665
2351,Benjamin Šeško,si SVN,FW,Manchester Utd,eng Premier League,22.0,2003.0,29,16,1598,17.8,10,1,11,10,0,0,2,0,0.62,,,,,,,,,,,,,,,,,,,,,,,,,2351,si SVN,FW,eng Premier League,22-332,2003.0,17.8,10,58,32,55.2,3.27,1.8,0.17,0.31,0,0,2959,si SVN,FW,eng Premier League,22-332,2003.0,29,1598,55,52.2,17.8,16,81.0,8,13,23.0,1,1.76,35,30,5,0.28,-0.27,2351,si SVN,FW,eng Premier League,22-332,2003.0,17.8,2,0,0,16,6,5,2,3,3,0,0.5632040050062578,0.056320400500625784,0.16896120150187735,0.2928660826032541,0.29098027259739534,0.0018858100058587457
2160,Chris Rigg,eng ENG,MF,Sunderland,eng Premier League,18.0,2007.0,16,11,746,8.3,1,0,1,1,0,0,1,0,0.12,,,,,,,,,,,,,,,,,,,,,,,,,2160,eng ENG,MF,eng Premier League,18-314,2007.0,8.3,1,12,3,25.0,1.45,0.36,0.08,0.33,0,0,2717,eng ENG,MF,eng Premier League,18-314,2007.0,16,746,47,24.4,8.3,11,65.0,2,5,6.0,16,1.63,8,11,-3,-0.36,-0.13,2160,eng ENG,MF,eng Premier League,18-314,2007.0,8.3,1,0,0,8,8,2,10,3,8,0,0.12064343163538874,0.0,0.36193029490616624,0.15683646112600536,0.15525963143817376,0.001576829687831599
2320,Derry Scherhant,de GER,MF,Freiburg,de Bundesliga,23.0,2002.0,28,11,1168,13.0,4,1,5,4,0,0,2,0,0.39,,,,,,,,,,,,,,,,,,,,,,,,,2320,de GER,MF,de Bundesliga,23-169,2002.0,13.0,4,33,12,36.4,2.54,0.92,0.12,0.33,0,0,2918,de GER,MF,de Bundesliga,23-169,2002.0,28,1168,42,41.9,13.0,11,74.0,1,17,21.0,3,1.39,20,23,-3,-0.23,0.05,2320,de GER,MF,de Bundesliga,23-169,2002.0,13.0,2,0,0,17,33,4,69,7,7,0,0.3082191780821918,0.07705479452054795,0.5393835616438356,0.3082191780821918,0.30665535254778664,0.00156382553440515
1838,Martim Neto,pt POR,MF,Elche,es La Liga,23.0,2003.0,24,15,1314,14.6,2,5,7,2,0,0,2,0,0.48,,,,,,,,,,,,,,,,,,,,,,,,,1838,pt POR,MF,es La Liga,23-104,2003.0,14.6,2,12,4,33.3,0.82,0.27,0.17,0.5,0,0,2308,pt POR,MF,es La Liga,23-104,2003.0,24,1314,55,44.2,14.6,15,68.0,1,9,32.0,6,0.96,18,22,-4,-0.27,-0.17,1838,pt POR,MF,es La Liga,23-104,2003.0,14.6,2,0,0,19,11,0,33,2,11,0,0.136986301369863,0.3424657534246575,0.136986301369863,0.19863013698630136,0.19719817036036832,0.0014319666259330344
1756,Ilaix Moriba,gn GUI,MF,Celta Vigo,es La Liga,23.0,2003.0,32,22,2135,23.7,1,2,3,1,0,0,6,0,0.13,,,,,,,,,,,,,,,,,,,,,,,,,1756,gn GUI,MF,es La Liga,23-099,2003.0,23.7,1,16,4,25.0,0.67,0.17,0.06,0.25,0,0,2204,gn GUI,MF,es La Liga,23-099,2003.0,32,2135,67,71.9,23.7,22,86.0,18,10,25.0,0,1.38,34,28,6,0.25,0.68,1756,gn GUI,MF,es La Liga,23-099,2003.0,23.7,6,0,0,29,52,0,2,14,38,0,0.04215456674473068,0.08430913348946135,0.5901639344262295,0.21920374707259951,0.21781455676733205,0.0013891903052674626
2156,Clemens Riedel,de GER,DF,Espanyol,es La Liga,22.0,2003.0,18,14,1216,13.5,0,1,1,0,0,0,5,0,0.07,,,,,,,,,,,,,,,,,,,,,,,,,2156,de GER,DF,es La Liga,22-283,2003.0,13.5,0,3,1,33.3,0.22,0.07,0.0,0.0,0,0,2713,de GER,DF,es La Liga,22-283,2003.0,18,1216,68,40.9,13.5,14,81.0,9,4,20.0,11,1.0,17,21,-4,-0.3,0.11,2156,de GER,DF,es La Liga,22-283,2003.0,13.5,5,0,0,22,7,2,3,10,13,0,0.0,0.07401315789473684,0.7401315789473684,0.24424342105263155,0.24301300738311235,0.0012304136695192036
2479,Chemsdine Talbi,ma MAR,"MF,FW",Sunderland,eng Premier League,20.0,2005.0,25,14,1362,15.1,4,1,5,4,0,0,0,0,0.33,,,,,,,,,,,,,,,,,,,,,,,,,2479,ma MAR,"MF,FW",eng Premier League,20-354,2005.0,15.1,4,22,9,40.9,1.45,0.59,0.18,0.44,0,0,3131,ma MAR,"MF,FW",eng Premier League,20-354,2005.0,25,1362,54,44.5,15.1,14,77.0,1,11,25.0,3,1.44,20,13,7,0.46,1.31,2479,ma MAR,"MF,FW",eng Premier League,20-354,2005.0,15.1,0,0,0,5,1,1,41,3,5,0,0.2643171806167401,0.06607929515418502,0.19823788546255508,0.18502202643171806,0.183860871391129,0.001161155040589057
1816,Noah Nartey,dk DEN,"MF,FW",Lyon,fr Ligue 1,20.0,2005.0,9,5,536,6.0,2,0,2,2,0,0,0,0,0.34,,,,,,,,,,,,,,,,,,,,,,,,,1816,dk DEN,"MF,FW",fr Ligue 1,20-205,2005.0,6.0,2,4,2,50.0,0.67,0.34,0.5,1.0,0,0,2275,dk DEN,"MF,FW",fr Ligue 1,20-205,2005.0,9,536,60,19.2,6.0,5,81.0,4,4,33.0,3,1.56,8,7,1,0.17,-0.43,1816,dk DEN,"MF,FW",fr Ligue 1,20-205,2005.0,6.0,0,0,0,5,7,1,5,2,6,0,0.33582089552238803,0.0,0.33582089552238803,0.23507462686567163,0.23399851509135383,0.001076111774317795
902,Tiago Gabriel,pt POR,DF,Lecce,it Serie A,21.0,2004.0,33,32,2859,31.8,2,0,2,2,0,0,5,0,0.06,,,,,,,,,,,,,,,,,,,,,,,,,902,pt POR,DF,it Serie A,21-123,2004.0,31.8,2,19,4,21.1,0.6,0.13,0.11,0.5,0,0,1140,pt POR,DF,it Serie A,21-123,2004.0,33,2859,87,93.4,31.8,32,89.0,30,1,12.0,0,0.85,22,42,-20,-0.63,1.16,902,pt POR,DF,it Serie A,21-123,2004.0,31.8,5,0,0,25,38,0,2,44,37,1,0.06295907660020987,0.0,1.3850996852046171,0.4407135362014691,0.4398836770149599,0.0008298591865091853
571,Abdoul Coulibaly,de GER,DF,Werder Bremen,de Bundesliga,18.0,2007.0,25,22,1985,22.1,1,0,1,1,0,0,5,1,0.05,,,,,,,,,,,,,,,,,,,,,,,,,571,de GER,DF,de Bundesliga,18-340,2007.0,22.1,1,6,1,16.7,0.27,0.05,0.17,1.0,0,0,719,de GER,DF,de Bundesliga,18-340,2007.0,25,1985,79,71.1,22.1,22,86.0,18,3,29.0,1,1.0,24,39,-15,-0.68,-0.34,571,de GER,DF,de Bundesliga,18-340,2007.0,22.1,5,1,1,18,9,1,11,22,14,1,0.04534005037783375,0.0,0.9974811083123425,0.31738035264483627,0.31656564135674264,0.000814711288093628
1955,William Osula,dk DEN,FW,Newcastle United,eng Premier League,22.0,2003.0,20,4,533,5.9,4,0,4,4,0,0,0,0,0.68,,,,,,,,,,,,,,,,,,,,,,,,,1955,dk DEN,FW,eng Premier League,22-267,2003.0,5.9,4,12,7,58.3,2.03,1.18,0.33,0.57,0,0,2451,dk DEN,FW,eng Premier League,22-267,2003.0,20,533,27,17.4,5.9,4,82.0,2,16,13.0,2,0.9,6,11,-5,-0.84,-0.88,1955,dk DEN,FW,eng Premier League,22-267,2003.0,5.9,0,0,0,18,10,1,2,1,2,0,0.6754221388367729,0.0,0.16885553470919323,0.32082551594746717,0.3200169524070418,0.0008085635404253555
982,Diego Gómez,py PAR,"MF,FW",Brighton,eng Premier League,23.0,2003.0,30,25,2036,22.6,5,1,6,5,0,0,9,0,0.27,,,,,,,,,,,,,,,,,,,,,,,,,982,py PAR,"MF,FW",eng Premier League,23-032,2003.0,22.6,5,36,14,38.9,1.59,0.62,0.14,0.36,0,0,1234,py PAR,"MF,FW",eng Premier League,23-032,2003.0,30,2036,68,66.5,22.6,25,76.0,2,5,28.0,0,1.5,26,25,1,0.04,-0.66,982,py PAR,"MF,FW",eng Premier League,23-032,2003.0,22.6,9,0,0,49,10,1,22,17,48,0,0.22102161100196463,0.04420432220039292,0.7514734774066798,0.32711198428290766,0.32633134641143985,0.0007806378714678153
434,Eduardo Camavinga,fr FRA,MF,Real Madrid,es La Liga,23.0,2002.0,25,14,1341,14.9,1,0,1,1,0,0,1,0,0.07,,,,,,,,,,,,,,,,,,,,,,,,,434,fr FRA,MF,es La Liga,23-169,2002.0,14.9,1,12,2,16.7,0.81,0.13,0.08,0.5,0,0,537,fr FRA,MF,es La Liga,23-169,2002.0,25,1341,54,45.2,14.9,14,76.0,6,11,25.0,1,2.24,32,14,18,1.21,0.16,434,fr FRA,MF,es La Liga,23-169,2002.0,14.9,1,0,0,31,29,1,2,15,33,0,0.06711409395973154,0.0,1.0067114093959733,0.3288590604026846,0.3280923059415872,0.0007667544610973631
2110,Jacobo Ramón,es ESP,DF,Como,it Serie A,21.0,2005.0,29,27,2472,27.5,2,0,2,2,0,0,9,1,0.07,,,,,,,,,,,,,,,,,,,,,,,,,2110,es ESP,DF,it Serie A,21-112,2005.0,27.5,2,32,7,21.9,1.17,0.25,0.06,0.29,0,0,2660,es ESP,DF,it Serie A,21-112,2005.0,29,2472,85,80.8,27.5,27,88.0,25,2,45.0,1,1.79,48,23,25,0.91,-0.01,2110,es ESP,DF,it Serie A,21-112,2005.0,27.5,9,1,0,29,7,0,11,33,30,0,0.07281553398058253,0.0,1.2014563106796117,0.3895631067961165,0.3888119963739252,0.0007511104221912812
2189,Morgan Rogers,eng ENG,MF,Aston Villa,eng Premier League,23.0,2002.0,34,34,3010,33.4,9,5,14,9,0,0,6,0,0.42,,,,,,,,,,,,,,,,,,,,,,,,,2189,eng ENG,MF,eng Premier League,23-276,2002.0,33.4,9,79,31,39.2,2.36,0.93,0.11,0.29,0,0,2754,eng ENG,MF,eng Premier League,23-276,2002.0,34,3010,89,98.4,33.4,34,89.0,29,0,,0,1.71,46,42,4,0.12,-1.68,2189,eng ENG,MF,eng Premier League,23-276,2002.0,33.4,6,0,0,43,44,3,46,13,18,0,0.2691029900332226,0.14950166112956811,0.38870431893687707,0.2691029900332226,0.268516611540664,0.0005863784925586035
1462,Valentino Livramento,eng ENG,DF,Newcastle United,eng Premier League,23.0,2002.0,17,14,1328,14.8,0,1,1,0,0,0,1,0,0.07,,,,,,,,,,,,,,,,,,,,,,,,,1462,eng ENG,DF,eng Premier League,23-167,2002.0,14.8,0,3,0,0.0,0.2,0.0,0.0,,0,0,1835,eng ENG,DF,eng Premier League,23-167,2002.0,17,1328,78,43.4,14.8,14,88.0,12,3,33.0,0,1.47,22,14,8,0.54,1.17,1462,eng ENG,DF,eng Premier League,23-167,2002.0,14.8,1,0,0,7,16,2,36,2,14,0,0.0,0.06777108433734941,0.13554216867469882,0.06099397590361447,0.06077697087841466,0.0002170050251998068
1982,Marco Palestra,it ITA,"MF,DF",Cagliari,it Serie A,21.0,2005.0,33,31,2812,31.2,1,4,5,1,0,0,3,0,0.16,,,,,,,,,,,,,,,,,,,,,,,,,1982,it ITA,"MF,DF",it Serie A,21-056,2005.0,31.2,1,23,5,21.7,0.74,0.16,0.04,0.2,0,0,2486,it ITA,"MF,DF",it Serie A,21-056,2005.0,33,2812,85,91.9,31.2,31,88.0,25,2,36.0,0,1.06,29,44,-15,-0.48,-1.21,1982,it ITA,"MF,DF",it Serie A,21-056,2005.0,31.2,3,0,0,37,104,6,100,18,31,0,0.032005689900426744,0.12802275960170698,0.5761024182076814,0.22403982930298721,0.223881869463046,0.000157959839941213
823,Giovanni Fabbian,it ITA,MF,Bologna,it Serie A,23.0,2003.0,14,8,705,7.8,2,0,2,2,0,0,0,0,0.26,,,,,,,,,,,,,,,,,,,,,,,,,823,it ITA,MF,it Serie A,23-104,2003.0,7.8,2,14,4,28.6,1.79,0.51,0.14,0.5,0,0,1024,it ITA,MF,it Serie A,23-104,2003.0,14,705,50,23.0,7.8,8,72.0,1,6,21.0,7,1.43,10,7,3,0.38,0.46,823,it ITA,MF,it Serie A,23-104,2003.0,7.8,0,0,0,13,18,2,2,5,4,0,0.25531914893617025,0.0,0.6382978723404256,0.2936170212765958,0.29348301398461013,0.00013400729198564942
556,Francesco Coppola,it ITA,DF,Pisa,it Serie A,21.0,2005.0,7,5,458,5.1,0,0,0,0,0,0,3,0,0.0,,,,,,,,,,,,,,,,,,,,,,,,,556,it ITA,DF,it Serie A,21-017,2005.0,5.1,0,2,0,0.0,0.39,0.0,0.0,,0,0,699,it ITA,DF,it Serie A,21-017,2005.0,7,458,65,15.0,5.1,5,90.0,5,2,4.0,18,0.29,3,15,-12,-2.36,-1.49,556,it ITA,DF,it Serie A,21-017,2005.0,5.1,3,0,0,7,8,0,2,5,5,0,0.0,0.0,0.982532751091703,0.2947598253275109,0.2947152512587785,4.4574068732372574e-05
848,Ezequiél Fernández,ar ARG,MF,Leverkusen,de Bundesliga,23.0,2002.0,19,12,978,10.9,0,1,1,0,0,0,4,1,0.09,,,,,,,,,,,,,,,,,,,,,,,,,848,ar ARG,MF,de Bundesliga,23-277,2002.0,10.9,0,11,1,9.1,1.01,0.09,0.0,0.0,0,0,1063,ar ARG,MF,de Bundesliga,23-277,2002.0,19,978,51,35.1,10.9,12,67.0,2,7,24.0,3,2.0,20,20,0,0.0,-0.99,848,ar ARG,MF,de Bundesliga,23-277,2002.0,10.9,4,1,1,13,23,1,4,14,17,0,0.0,0.09202453987730062,1.2883435582822087,0.4141104294478528,0.41415975188982473,-4.9322441971921815e-05
2488,Tylel Tati,fr FRA,DF,Nantes,fr Ligue 1,18.0,2008.0,20,20,1721,19.1,0,0,0,0,0,0,5,1,0.0,,,,,,,,,,,,,,,,,,,,,,,,,2488,fr FRA,DF,fr Ligue 1,18-099,2008.0,19.1,0,3,0,0.0,0.16,0.0,0.0,,0,0,3143,fr FRA,DF,fr Ligue 1,18-099,2008.0,20,1721,86,61.7,19.1,20,86.0,17,0,,2,0.7,19,37,-18,-0.94,-0.35,2488,fr FRA,DF,fr Ligue 1,18-099,2008.0,19.1,5,1,0,25,15,0,1,14,13,0,0.0,0.0,0.7321324811156305,0.21963974433468914,0.21979067631495156,-0.00015093198026241983
1642,Ibrahim Maza,dz ALG,MF,Leverkusen,de Bundesliga,20.0,2005.0,25,17,1585,17.6,3,3,6,3,0,0,2,0,0.34,,,,,,,,,,,,,,,,,,,,,,,,,1642,dz ALG,MF,de Bundesliga,20-155,2005.0,17.6,3,44,14,31.8,2.5,0.79,0.07,0.21,0,0,2057,dz ALG,MF,de Bundesliga,20-155,2005.0,25,1585,63,56.8,17.6,17,78.0,7,8,33.0,2,1.68,37,22,15,0.85,0.48,1642,dz ALG,MF,de Bundesliga,20-155,2005.0,17.6,2,0,0,17,32,3,55,15,22,0,0.17034700315457413,0.17034700315457413,0.8517350157728707,0.3747634069400631,0.3749170811474135,-0.00015367420735040715
2085,Matteo Prati,it ITA,MF,Torino,it Serie A,22.0,2003.0,9,5,434,4.8,0,0,0,0,0,0,1,0,0.0,,,,,,,,,,,,,,,,,,,,,,,,,2085,it ITA,MF,it Serie A,22-121,2003.0,4.8,0,8,0,0.0,1.66,0.0,0.0,,0,0,2620,it ITA,MF,it Serie A,22-121,2003.0,9,434,48,14.2,4.8,5,67.0,0,4,24.0,2,1.67,4,7,-3,-0.62,-0.14,2085,it ITA,MF,it Serie A,22-121,2003.0,4.8,1,0,0,8,5,0,1,3,2,0,0.0,0.0,0.6221198156682028,0.18663594470046085,0.18680019715335786,-0.0001642524528970013
1709,Veljko Milosavljević,rs SRB,DF,Bournemouth,eng Premier League,18.0,2007.0,7,4,368,4.1,0,0,0,0,0,0,0,0,0.0,,,,,,,,,,,,,,,,,,,,,,,,,1709,rs SRB,DF,eng Premier League,18-304,2007.0,4.1,0,1,0,0.0,0.24,0.0,0.0,,0,0,2143,rs SRB,DF,eng Premier League,18-304,2007.0,7,368,53,12.0,4.1,4,90.0,4,3,3.0,15,1.86,5,6,-1,-0.24,-0.28,1709,rs SRB,DF,eng Premier League,18-304,2007.0,4.1,0,0,0,0,0,0,0,4,4,0,0.0,0.0,0.9782608695652174,0.2934782608695652,0.29364263747898867,-0.00016437660942347776
2304,Mamadou Sarr,sn SEN,DF,Chelsea,eng Premier League,20.0,2005.0,2,1,92,1.0,0,0,0,0,0,0,0,0,0.0,,,,,,,,,,,,,,,,,,,,,,,,,2304,sn SEN,DF,eng Premier League,20-242,2005.0,1.0,0,1,0,0.0,0.98,0.0,0.0,,0,0,2899,sn SEN,DF,eng Premier League,20-242,2005.0,2,92,46,3.0,1.0,1,89.0,0,1,3.0,7,0.5,1,3,-2,-1.96,-2.26,2304,sn SEN,DF,eng Premier League,20-242,2005.0,1.0,0,0,0,0,0,0,0,1,0,0,0.0,0.0,0.9782608695652174,0.2934782608695652,0.29364263747898867,-0.00016437660942347776
214,Noahkai Banks,us USA,DF,Augsburg,de Bundesliga,19.0,2006.0,22,20,1695,18.8,1,1,2,1,0,0,8,0,0.11,,,,,,,,,,,,,,,,,,,,,,,,,214,us USA,DF,de Bundesliga,19-148,2006.0,18.8,1,9,5,55.6,0.48,0.27,0.11,0.2,0,0,268,us USA,DF,de Bundesliga,19-148,2006.0,22,1695,77,60.8,18.8,20,83.0,14,2,17.0,7,1.14,22,30,-8,-0.42,0.23,214,us USA,DF,de Bundesliga,19-148,2006.0,18.8,8,0,0,29,18,3,3,18,25,0,0.05309734513274336,0.05309734513274336,0.9557522123893805,0.3238938053097345,0.3240670789164991,-0.00017327360676461234
1211,Finn Jeltsch,de GER,DF,Stuttgart,de Bundesliga,19.0,2006.0,22,17,1507,16.7,0,1,1,0,0,0,3,0,0.06,,,,,,,,,,,,,,,,,,,,,,,,,1211,de GER,DF,de Bundesliga,19-285,2006.0,16.7,0,3,0,0.0,0.18,0.0,0.0,,0,0,1511,de GER,DF,de Bundesliga,19-285,2006.0,22,1507,69,54.0,16.7,17,85.0,14,5,14.0,6,1.95,37,22,15,0.9,0.55,1211,de GER,DF,de Bundesliga,19-285,2006.0,16.7,3,0,0,13,16,3,3,19,14,0,0.0,0.059721300597213006,1.1347047113470472,0.35832780358327804,0.35851336378459975,-0.00018556020132171058
2294,Tiago Santos,pt POR,DF,Lille,fr Ligue 1,23.0,2002.0,14,8,703,7.8,0,0,0,0,0,0,0,0,0.0,,,,,,,,,,,,,,,,,,,,,,,,,2294,pt POR,DF,fr Ligue 1,23-279,2002.0,7.8,0,8,0,0.0,1.02,0.0,0.0,,0,0,2885,pt POR,DF,fr Ligue 1,23-279,2002.0,14,703,50,25.2,7.8,8,79.0,1,6,12.0,9,1.36,7,8,-1,-0.13,-0.86,2294,pt POR,DF,fr Ligue 1,23-279,2002.0,7.8,0,0,0,13,21,0,31,5,8,0,0.0,0.0,0.6401137980085349,0.19203413940256045,0.1922201762258595,-0.0001860368232990406
1139,Ali Houary,ma MAR,MF,Elche,es La Liga,20.0,2005.0,2,2,123,1.4,0,0,0,0,0,0,0,0,0.0,,,,,,,,,,,,,,,,,,,,,,,,,1139,ma MAR,MF,es La Liga,20-266,2005.0,1.4,0,2,0,0.0,1.46,0.0,0.0,,0,0,1427,ma MAR,MF,es La Liga,20-266,2005.0,2,123,62,4.1,1.4,2,62.0,0,0,,8,1.0,1,2,-1,-0.73,-0.57,1139,ma MAR,MF,es La Liga,20-266,2005.0,1.4,0,0,0,7,2,0,0,1,2,0,0.0,0.0,0.7317073170731708,0.21951219512195125,0.21974093212198373,-0.00022873700003248065
11,Matthis Abline,fr FRA,"FW,MF",Nantes,fr Ligue 1,23.0,2003.0,30,25,2323,25.8,5,3,8,5,0,1,5,0,0.31,,,,,,,,,,,,,,,,,,,,,,,,,11,fr FRA,"FW,MF",fr Ligue 1,23-031,2003.0,25.8,5,76,21,27.6,2.94,0.81,0.07,0.24,0,1,14,fr FRA,"FW,MF",fr Ligue 1,23-031,2003.0,30,2323,77,83.3,25.8,25,88.0,18,5,26.0,0,0.57,22,48,-26,-1.01,-1.2,11,fr FRA,"FW,MF",fr Ligue 1,23-031,2003.0,25.8,5,0,0,28,42,5,57,9,12,0,0.19371502367628068,0.11622901420576841,0.3486870426173052,0.21696082651743437,0.21729755623238212,-0.0003367297149477477
217,Valentín Barco,ar ARG,MF,Strasbourg,fr Ligue 1,21.0,2004.0,25,22,2021,22.5,1,4,5,1,0,0,5,1,0.22,,,,,,,,,,,,,,,,,,,,,,,,,217,ar ARG,MF,fr Ligue 1,21-279,2004.0,22.5,1,24,8,33.3,1.07,0.36,0.04,0.13,0,0,273,ar ARG,MF,fr Ligue 1,21-279,2004.0,25,2021,81,74.9,22.5,22,87.0,18,3,36.0,0,1.72,41,28,13,0.58,0.98,217,ar ARG,MF,fr Ligue 1,21-279,2004.0,22.5,5,1,0,23,58,2,101,13,33,0,0.044532409698169226,0.1781296387926769,0.5789213260761998,0.24492825333993073,0.24539030381895519,-0.0004620504790244506
650,Daniel Denoon,ch SUI,DF,Pisa,it Serie A,22.0,2004.0,2,2,122,1.4,0,0,0,0,0,0,1,0,0.0,,,,,,,,,,,,,,,,,,,,,,,,,650,ch SUI,DF,it Serie A,22-090,2004.0,1.4,0,0,0,0.0,0.0,0.0,,,0,0,817,ch SUI,DF,it Serie A,22-090,2004.0,2,122,61,4.0,1.4,2,61.0,0,0,,11,1.0,1,1,0,0.0,1.13,650,ch SUI,DF,it Serie A,22-090,2004.0,1.4,1,0,0,4,3,0,0,1,2,0,0.0,0.0,0.7377049180327869,0.22131147540983606,0.22178450034544872,-0.00047302493561265924
447,Jaydee Canvot,fr FRA,DF,Crystal Palace,eng Premier League,19.0,2006.0,16,10,976,10.8,0,0,0,0,0,0,2,0,0.0,,,,,,,,,,,,,,,,,,,,,,,,,447,fr FRA,DF,eng Premier League,19-273,2006.0,10.8,0,5,0,0.0,0.46,0.0,0.0,,0,0,551,fr FRA,DF,eng Premier League,19-273,2006.0,16,976,61,32.9,10.8,10,86.0,8,6,19.0,13,1.63,9,13,-4,-0.37,-0.41,447,fr FRA,DF,eng Premier League,19-273,2006.0,10.8,2,0,0,10,4,0,3,8,19,0,0.0,0.0,0.7377049180327869,0.22131147540983606,0.22178450034544872,-0.00047302493561265924
1399,Yoel Lago,es ESP,DF,Celta Vigo,es La Liga,22.0,2004.0,7,6,488,5.4,0,0,0,0,0,0,3,0,0.0,,,,,,,,,,,,,,,,,,,,,,,,,1399,es ESP,DF,es La Liga,22-034,2004.0,5.4,0,0,0,0.0,0.0,0.0,,,0,0,1744,es ESP,DF,es La Liga,22-034,2004.0,7,488,70,16.4,5.4,6,81.0,3,1,3.0,17,0.71,4,10,-6,-1.11,-1.4,1399,es ESP,DF,es La Liga,22-034,2004.0,5.4,3,0,0,14,6,1,0,4,6,0,0.0,0.0,0.7377049180327869,0.22131147540983606,0.22178450034544872,-0.00047302493561265924
1414,Roméo Lavia,be BEL,MF,Chelsea,eng Premier League,22.0,2004.0,11,3,325,3.6,0,0,0,0,0,0,0,0,0.0,,,,,,,,,,,,,,,,,,,,,,,,,1414,be BEL,MF,eng Premier League,22-112,2004.0,3.6,0,2,0,0.0,0.55,0.0,0.0,,0,0,1767,be BEL,MF,eng Premier League,22-112,2004.0,11,325,30,10.6,3.6,3,58.0,0,8,19.0,2,1.09,1,7,-6,-1.66,-2.12,1414,be BEL,MF,eng Premier League,22-112,2004.0,3.6,0,0,0,7,7,0,1,5,4,0,0.0,0.0,1.3846153846153846,0.41538461538461535,0.4159135693637024,-0.0005289539790870323
1013,Archie Gray,eng ENG,"MF,DF",Tottenham Hotspur,eng Premier League,20.0,2006.0,23,18,1469,16.3,2,2,4,2,0,0,5,0,0.25,,,,,,,,,,,,,,,,,,,,,,,,,1013,eng ENG,"MF,DF",eng Premier League,20-047,2006.0,16.3,2,11,5,45.5,0.67,0.31,0.18,0.4,0,0,1276,eng ENG,"MF,DF",eng Premier League,20-047,2006.0,23,1469,64,48.0,16.3,18,78.0,9,5,12.0,8,0.74,18,28,-10,-0.61,-0.61,1013,eng ENG,"MF,DF",eng Premier League,20-047,2006.0,16.3,5,0,0,12,2,0,12,17,8,0,0.12253233492171545,0.12253233492171545,1.0415248468345812,0.3982300884955752,0.39881777559015424,-0.0005876870945790702
2511,Jan Thielmann,de GER,"MF,FW",Köln,de Bundesliga,23.0,2002.0,24,20,1509,16.8,3,1,4,3,0,0,4,0,0.24,,,,,,,,,,,,,,,,,,,,,,,,,2511,de GER,"MF,FW",de Bundesliga,23-337,2002.0,16.8,3,27,10,37.0,1.61,0.6,0.11,0.3,0,0,3169,de GER,"MF,FW",de Bundesliga,23-337,2002.0,24,1509,63,54.1,16.8,20,72.0,4,4,19.0,0,1.08,22,28,-6,-0.36,-0.22,2511,de GER,"MF,FW",de Bundesliga,23-337,2002.0,16.8,4,0,0,11,21,4,36,12,11,0,0.17892644135188865,0.05964214711729622,0.7157057654075546,0.30417495029821073,0.30476928404822595,-0.000594333750015219
2183,Javi Rodríguez,es ESP,DF,Celta Vigo,es La Liga,22.0,2003.0,28,23,2108,23.4,0,1,1,0,0,0,5,0,0.04,,,,,,,,,,,,,,,,,,,,,,,,,2183,es ESP,DF,es La Liga,22-306,2003.0,23.4,0,10,1,10.0,0.43,0.04,0.0,0.0,0,0,2746,es ESP,DF,es La Liga,22-306,2003.0,28,2108,75,71.0,23.4,23,84.0,16,5,33.0,3,1.32,23,28,-5,-0.21,-0.94,2183,es ESP,DF,es La Liga,22-306,2003.0,23.4,5,0,0,30,27,1,1,24,20,0,0.0,0.04269449715370019,1.0246679316888045,0.3202087286527514,0.32086761836343597,-0.0006588897106845626
2375,Xavi Simons,nl NED,MF,RB Leipzig,de Bundesliga,23.0,2003.0,1,1,90,1.0,0,0,0,0,0,0,0,0,0.0,,,,,,,,,,,,,,,,,,,,,,,,,2375,nl NED,MF,de Bundesliga,23-007,2003.0,1.0,0,0,0,0.0,0.0,0.0,,,0,0,2994,nl NED,MF,de Bundesliga,23-007,2003.0,1,90,90,3.2,1.0,1,90.0,1,0,,0,0.0,0,6,-6,-6.0,-7.0,2375,nl NED,MF,de Bundesliga,23-007,2003.0,1.0,0,0,0,1,3,0,2,1,0,0,0.0,0.0,1.0,0.3,0.3007028810374059,-0.0007028810374059002
1607,Daniel Martinez,es ESP,DF,Atlético Madrid,es La Liga,21.0,2004.0,1,1,90,1.0,0,0,0,0,0,0,0,0,0.0,,,,,,,,,,,,,,,,,,,,,,,,,1607,es ESP,DF,es La Liga,21-358,2004.0,1.0,0,0,0,0.0,0.0,0.0,,,0,0,2017,es ESP,DF,es La Liga,21-358,2004.0,1,90,90,3.0,1.0,1,90.0,1,0,,2,0.0,1,2,-1,-1.0,-1.62,1607,es ESP,DF,es La Liga,21-358,2004.0,1.0,0,0,0,1,0,0,1,1,0,0,0.0,0.0,1.0,0.3,0.3007028810374059,-0.0007028810374059002
1775,Ngal'Ayel Mukau,cd COD,MF,Lille,fr Ligue 1,21.0,2004.0,27,16,1363,15.1,1,0,1,1,0,0,3,0,0.07,,,,,,,,,,,,,,,,,,,,,,,,,1775,cd COD,MF,fr Ligue 1,21-176,2004.0,15.1,1,18,4,22.2,1.19,0.26,0.06,0.25,0,0,2226,cd COD,MF,fr Ligue 1,21-176,2004.0,27,1363,50,48.9,15.1,16,74.0,3,11,16.0,1,1.85,23,19,4,0.26,-0.49,1775,cd COD,MF,fr Ligue 1,21-176,2004.0,15.1,3,0,0,23,19,4,1,10,17,0,0.06603081438004402,0.0,0.6603081438004402,0.22450476889214965,0.2252323283802147,-0.0007275594880650493
2195,Miguel Román,es ESP,MF,Celta Vigo,es La Liga,23.0,2002.0,19,14,1311,14.6,1,0,1,1,0,0,3,0,0.07,,,,,,,,,,,,,,,,,,,,,,,,,2195,es ESP,MF,es La Liga,23-123,2002.0,14.6,1,9,2,22.2,0.62,0.14,0.11,0.5,0,0,2760,es ESP,MF,es La Liga,23-123,2002.0,19,1311,69,44.1,14.6,14,88.0,10,5,17.0,7,1.63,18,13,5,0.34,0.51,2195,es ESP,MF,es La Liga,23-123,2002.0,14.6,3,0,0,20,11,0,21,12,17,0,0.06864988558352403,0.0,0.8237986270022883,0.2745995423340961,0.27539360622248327,-0.0007940638883871531
952,Daniele Ghilardi,it ITA,DF,Roma,it Serie A,23.0,2003.0,20,8,995,11.1,0,0,0,0,0,0,1,0,0.0,,,,,,,,,,,,,,,,,,,,,,,,,952,it ITA,DF,it Serie A,23-112,2003.0,11.1,0,1,0,0.0,0.09,0.0,0.0,,0,0,1200,it ITA,DF,it Serie A,23-112,2003.0,20,995,50,32.5,11.1,8,84.0,7,12,27.0,14,1.85,17,14,3,0.27,-0.43,952,it ITA,DF,it Serie A,23-112,2003.0,11.1,1,0,0,21,16,0,3,20,13,0,0.0,0.0,1.8090452261306533,0.542713567839196,0.5436612309507123,-0.0009476631115162837
121,Samuele Angori,it ITA,MF,Pisa,it Serie A,22.0,2003.0,31,27,2302,25.6,0,2,2,0,0,0,2,0,0.08,,,,,,,,,,,,,,,,,,,,,,,,,121,it ITA,MF,it Serie A,22-203,2003.0,25.6,0,13,2,15.4,0.51,0.08,0.0,0.0,0,0,153,it ITA,MF,it Serie A,22-203,2003.0,31,2302,74,75.2,25.6,27,81.0,17,4,30.0,3,0.42,17,44,-27,-1.06,0.13,121,it ITA,MF,it Serie A,22-203,2003.0,25.6,2,0,0,15,49,3,155,22,22,0,0.0,0.07819287576020852,0.8601216333622937,0.28149435273675066,0.28247017164635996,-0.000975818909609294
2143,Guillaume Restes,fr FRA,GK,Toulouse,fr Ligue 1,21.0,2005.0,31,31,2759,30.7,0,0,0,0,0,0,3,0,0.0,128.0,fr FRA,GK,fr Ligue 1,21-048,2005.0,31.0,31.0,2759.0,30.7,43.0,1.4,117.0,79.0,67.5,10.0,8.0,13.0,9.0,29.0,5.0,5.0,0.0,0.0,2143,fr FRA,GK,fr Ligue 1,21-048,2005.0,30.7,0,0,0,0.0,0.0,0.0,,,0,0,2698,fr FRA,GK,fr Ligue 1,21-048,2005.0,31,2759,89,98.9,30.7,31,89.0,30,0,,0,1.23,42,43,-1,-0.03,-0.03,2143,fr FRA,GK,fr Ligue 1,21-048,2005.0,30.7,3,0,0,0,8,0,0,1,0,0,0.0,0.0,0.032620514679231605,0.009786154403769481,0.010822982298062677,-0.0010368278942931956
167,Noah Atubolu,de GER,GK,Freiburg,de Bundesliga,23.0,2002.0,31,31,2790,31.0,0,0,0,0,0,0,1,0,0.0,6.0,de GER,GK,de Bundesliga,23-338,2002.0,31.0,31.0,2790.0,31.0,52.0,1.68,141.0,90.0,63.1,12.0,7.0,12.0,6.0,19.4,1.0,0.0,1.0,0.0,167,de GER,GK,de Bundesliga,23-338,2002.0,31.0,0,0,0,0.0,0.0,0.0,,,0,0,207,de GER,GK,de Bundesliga,23-338,2002.0,31,2790,90,100.0,31.0,31,90.0,31,0,,0,1.39,44,52,-8,-0.26,,167,de GER,GK,de Bundesliga,23-338,2002.0,31.0,1,0,0,0,5,0,0,1,0,0,0.0,0.0,0.03225806451612903,0.009677419354838708,0.010772964175554518,-0.00109554482071581
1061,Malo Gusto,fr FRA,DF,Chelsea,eng Premier League,22.0,2003.0,31,23,1997,22.2,2,3,5,2,0,0,4,1,0.23,,,,,,,,,,,,,,,,,,,,,,,,,1061,fr FRA,DF,eng Premier League,22-344,2003.0,22.2,2,11,5,45.5,0.5,0.23,0.18,0.4,0,0,1333,fr FRA,DF,eng Premier League,22-344,2003.0,31,1997,64,65.3,22.2,23,79.0,8,8,24.0,1,1.42,39,29,10,0.45,0.62,1061,fr FRA,DF,eng Premier League,22-344,2003.0,22.2,4,1,1,16,18,1,49,26,22,0,0.0901352028042063,0.13520280420630948,1.171757636454682,0.42814221331998,0.4293739574292592,-0.0012317441092792314
268,Jeanuël Belocian,fr FRA,DF,Leverkusen,de Bundesliga,21.0,2005.0,8,3,292,3.2,0,0,0,0,0,0,0,0,0.0,,,,,,,,,,,,,,,,,,,,,,,,,268,fr FRA,DF,de Bundesliga,21-070,2005.0,3.2,0,1,0,0.0,0.31,0.0,0.0,,0,0,333,fr FRA,DF,de Bundesliga,21-070,2005.0,8,292,37,10.5,3.2,3,73.0,1,5,14.0,8,2.25,3,8,-5,-1.54,-2.44,268,fr FRA,DF,de Bundesliga,21-070,2005.0,3.2,0,0,0,5,5,0,4,2,2,0,0.0,0.0,0.6164383561643836,0.18493150684931506,0.18619711224133964,-0.0012656053920245824
1099,Eivind Helland,no NOR,DF,Bologna,it Serie A,21.0,2005.0,2,2,143,1.6,0,0,0,0,0,0,0,0,0.0,,,,,,,,,,,,,,,,,,,,,,,,,1099,no NOR,DF,it Serie A,21-003,2005.0,1.6,0,0,0,0.0,0.0,0.0,,,0,0,1378,no NOR,DF,it Serie A,21-003,2005.0,2,143,72,4.7,1.6,2,72.0,0,0,,10,0.0,0,4,-4,-2.52,-2.67,1099,no NOR,DF,it Serie A,21-003,2005.0,1.6,0,0,0,0,0,0,0,1,2,0,0.0,0.0,0.6293706293706294,0.1888111888111888,0.1901084479325485,-0.0012972591213596951
1451,Myles Lewis-Skelly,eng ENG,DF,Arsenal,eng Premier League,19.0,2006.0,16,2,421,4.7,0,0,0,0,0,0,3,0,0.0,,,,,,,,,,,,,,,,,,,,,,,,,1451,eng ENG,DF,eng Premier League,19-214,2006.0,4.7,0,2,0,0.0,0.43,0.0,0.0,,0,0,1818,eng ENG,DF,eng Premier League,19-214,2006.0,16,421,26,13.8,4.7,2,80.0,1,14,19.0,17,2.38,10,7,3,0.64,-0.55,1451,eng ENG,DF,eng Premier League,19-214,2006.0,4.7,3,0,0,7,6,1,0,3,5,0,0.0,0.0,0.6413301662707839,0.19239904988123516,0.193774655097576,-0.001375605216340836
1571,Filippo Mane,it ITA,DF,Dortmund,de Bundesliga,21.0,2005.0,4,2,131,1.5,0,0,0,0,0,0,0,1,0.0,,,,,,,,,,,,,,,,,,,,,,,,,1571,it ITA,DF,de Bundesliga,21-051,2005.0,1.5,0,0,0,0.0,0.0,0.0,,,0,0,1967,it ITA,DF,de Bundesliga,21-051,2005.0,4,131,33,4.7,1.5,2,65.0,0,2,1.0,7,2.5,4,2,2,1.37,0.29,1571,it ITA,DF,de Bundesliga,21-051,2005.0,1.5,0,1,0,1,2,0,1,2,0,0,0.0,0.0,1.3740458015267174,0.41221374045801523,0.41360400528399455,-0.0013902648259793149
817,Karl Etta Eyong,cm CMR,FW,Levante,es La Liga,22.0,2003.0,26,15,1372,15.2,5,2,7,5,0,1,3,0,0.46,,,,,,,,,,,,,,,,,,,,,,,,,817,cm CMR,FW,es La Liga,22-196,2003.0,15.2,5,36,16,44.4,2.36,1.05,0.14,0.31,0,1,1018,cm CMR,FW,es La Liga,22-196,2003.0,26,1372,53,46.2,15.2,15,79.0,6,11,17.0,2,1.0,20,30,-10,-0.66,-0.49,817,cm CMR,FW,es La Liga,22-196,2003.0,15.2,3,0,0,27,30,6,13,4,11,0,0.3279883381924198,0.13119533527696792,0.26239067055393583,0.24927113702623904,0.25073421763562503,-0.0014630806093859916
2685,Nico Williams,es ESP,MF,Athletic Club,es La Liga,23.0,2002.0,23,18,1551,17.2,4,2,6,3,1,2,1,0,0.29,,,,,,,,,,,,,,,,,,,,,,,,,2685,es ESP,MF,es La Liga,23-290,2002.0,17.2,4,41,14,34.1,2.38,0.81,0.07,0.21,1,2,3383,es ESP,MF,es La Liga,23-290,2002.0,23,1551,67,52.2,17.2,18,75.0,2,5,40.0,0,1.3,20,25,-5,-0.29,0.15,2685,es ESP,MF,es La Liga,23-290,2002.0,17.2,1,0,0,20,27,6,66,7,9,0,0.23210831721470018,0.11605415860735009,0.4061895551257253,0.24951644100580272,0.25100400423934915,-0.0014875632335464295
1081,Hákon Haraldsson,is ISL,MF,Lille,fr Ligue 1,23.0,2003.0,29,26,2201,24.5,7,2,9,7,0,0,5,0,0.37,,,,,,,,,,,,,,,,,,,,,,,,,1081,is ISL,MF,fr Ligue 1,23-018,2003.0,24.5,7,44,14,31.8,1.8,0.57,0.16,0.5,0,0,1356,is ISL,MF,fr Ligue 1,23-018,2003.0,29,2201,76,78.9,24.5,26,82.0,8,3,22.0,0,1.86,40,24,16,0.65,0.65,1081,is ISL,MF,fr Ligue 1,23-018,2003.0,24.5,5,0,0,25,36,0,67,11,12,0,0.2862335302135393,0.0817810086324398,0.4497955474784189,0.27396637891867337,0.27559698743129746,-0.0016306085126240877
633,Koni De Winter,be BEL,DF,Milan,it Serie A,23.0,2002.0,24,18,1728,19.2,1,1,2,1,0,0,1,0,0.1,,,,,,,,,,,,,,,,,,,,,,,,,633,be BEL,DF,it Serie A,23-320,2002.0,19.2,1,7,1,14.3,0.36,0.05,0.14,1.0,0,0,795,be BEL,DF,it Serie A,23-320,2002.0,24,1728,72,56.5,19.2,18,90.0,17,6,19.0,10,2.0,26,17,9,0.47,-0.34,633,be BEL,DF,it Serie A,23-320,2002.0,19.2,1,0,0,25,8,1,4,13,18,0,0.05208333333333333,0.05208333333333333,0.6770833333333333,0.23958333333333331,0.24123271948151334,-0.0016493861481800265
2711,Gessime Yassine,ma MAR,MF,Strasbourg,fr Ligue 1,20.0,2005.0,10,5,404,4.5,0,1,1,0,0,0,0,0,0.22,,,,,,,,,,,,,,,,,,,,,,,,,2711,ma MAR,MF,fr Ligue 1,20-157,2005.0,4.5,0,7,1,14.3,1.56,0.22,0.0,0.0,0,0,3412,ma MAR,MF,fr Ligue 1,20-157,2005.0,10,404,40,15.0,4.5,5,69.0,1,5,12.0,3,1.8,7,7,0,0.0,-0.39,2711,ma MAR,MF,fr Ligue 1,20-157,2005.0,4.5,0,0,0,7,16,1,13,1,8,0,0.0,0.22277227722772278,0.22277227722772278,0.13366336633663367,0.1353671888527325,-0.001703822516098824
358,Kieron Bowie,sct SCO,FW,Hellas Verona,it Serie A,23.0,2002.0,10,10,840,9.3,2,0,2,2,0,0,1,0,0.21,,,,,,,,,,,,,,,,,,,,,,,,,358,sct SCO,FW,it Serie A,23-219,2002.0,9.3,2,19,6,31.6,2.04,0.64,0.11,0.33,0,0,448,sct SCO,FW,it Serie A,23-219,2002.0,10,840,84,27.5,9.3,10,84.0,6,0,,0,0.5,5,13,-8,-0.86,0.16,358,sct SCO,FW,it Serie A,23-219,2002.0,9.3,1,0,0,24,17,2,6,0,1,0,0.2142857142857143,0.0,0.0,0.08571428571428573,0.08751785915348378,-0.0018035734391980557
1678,Nobel Mendy,sn SEN,DF,Rayo Vallecano,es La Liga,21.0,2004.0,20,19,1524,16.9,2,0,2,2,0,0,8,2,0.12,,,,,,,,,,,,,,,,,,,,,,,,,1678,sn SEN,DF,es La Liga,21-237,2004.0,16.9,2,11,3,27.3,0.65,0.18,0.18,0.67,0,0,2101,sn SEN,DF,es La Liga,21-237,2004.0,20,1524,76,51.3,16.9,19,78.0,9,1,51.0,6,1.1,16,23,-7,-0.41,-0.35,1678,sn SEN,DF,es La Liga,21-237,2004.0,16.9,8,2,1,27,10,1,6,21,9,0,0.11811023622047244,0.0,1.2401574803149606,0.4192913385826772,0.42121406033377945,-0.001922721751102252
198,Luís Balbo,ve VEN,DF,Fiorentina,it Serie A,20.0,2006.0,4,1,180,2.0,0,0,0,0,0,0,0,0,0.0,,,,,,,,,,,,,,,,,,,,,,,,,198,ve VEN,DF,it Serie A,20-031,2006.0,2.0,0,0,0,0.0,0.0,0.0,,,0,0,248,ve VEN,DF,it Serie A,20-031,2006.0,4,180,45,5.9,2.0,1,74.0,0,3,35.0,10,2.0,2,1,1,0.5,0.75,198,ve VEN,DF,it Serie A,20-031,2006.0,2.0,0,0,0,2,5,0,4,1,5,0,0.0,0.0,0.5,0.15,0.15207035932323318,-0.002070359323233184
1657,James Mcatee,eng ENG,MF,Nottingham Forest,eng Premier League,23.0,2002.0,10,1,180,2.0,0,0,0,0,0,0,1,0,0.0,,,,,,,,,,,,,,,,,,,,,,,,,1657,eng ENG,MF,eng Premier League,23-192,2002.0,2.0,0,1,0,0.0,0.5,0.0,0.0,,0,0,2075,eng ENG,MF,eng Premier League,23-192,2002.0,10,180,18,5.9,2.0,1,59.0,0,9,13.0,21,0.5,0,8,-8,-4.0,-4.12,1657,eng ENG,MF,eng Premier League,23-192,2002.0,2.0,1,0,0,4,3,1,8,1,3,0,0.0,0.0,0.5,0.15,0.15207035932323318,-0.002070359323233184
2464,Williot Swedberg,se SWE,"FW,MF",Celta Vigo,es La Liga,22.0,2004.0,24,10,1012,11.2,4,3,7,4,0,0,2,0,0.62,,,,,,,,,,,,,,,,,,,,,,,,,2464,se SWE,"FW,MF",es La Liga,22-086,2004.0,11.2,4,20,11,55.0,1.78,0.98,0.2,0.36,0,0,3111,se SWE,"FW,MF",es La Liga,22-086,2004.0,24,1012,42,34.1,11.2,10,60.0,0,14,29.0,2,1.33,15,14,1,0.09,0.04,2464,se SWE,"FW,MF",es La Liga,22-086,2004.0,11.2,2,0,0,25,31,6,7,2,14,0,0.3557312252964427,0.266798418972332,0.17786561264822134,0.27569169960474305,0.2778240032623673,-0.002132303657624235
1823,Bara Ndiaye,sn SEN,MF,Bayern Munich,de Bundesliga,18.0,2007.0,3,1,98,1.1,0,0,0,0,0,0,0,0,0.0,,,,,,,,,,,,,,,,,,,,,,,,,1823,sn SEN,MF,de Bundesliga,18-118,2007.0,1.1,0,0,0,0.0,0.0,0.0,,,0,0,2288,sn SEN,MF,de Bundesliga,18-118,2007.0,3,98,33,3.5,1.1,1,76.0,0,2,11.0,0,3.0,3,4,-1,-0.92,-3.66,1823,sn SEN,MF,de Bundesliga,18-118,2007.0,1.1,0,0,0,0,3,0,1,2,4,0,0.0,0.0,1.8367346938775508,0.5510204081632653,0.5531650483498125,-0.002144640186547253
339,Warren Bondo,fr FRA,MF,Cremonese,it Serie A,22.0,2003.0,26,22,1732,19.2,0,0,0,0,0,0,5,0,0.0,,,,,,,,,,,,,,,,,,,,,,,,,339,fr FRA,MF,it Serie A,22-225,2003.0,19.2,0,6,0,0.0,0.31,0.0,0.0,,0,0,422,fr FRA,MF,it Serie A,22-225,2003.0,26,1732,67,56.6,19.2,22,73.0,8,4,34.0,2,0.88,16,29,-13,-0.68,0.14,339,fr FRA,MF,it Serie A,22-225,2003.0,19.2,5,0,0,38,31,0,3,9,15,0,0.0,0.0,0.46766743648960735,0.1403002309468822,0.14248494855135366,-0.002184717604471448
81,Mohamed Ali Cho,fr FRA,"FW,MF",Nice,fr Ligue 1,22.0,2004.0,21,18,1477,16.4,4,3,7,4,0,0,1,0,0.43,,,,,,,,,,,,,,,,,,,,,,,,,81,fr FRA,"FW,MF",fr Ligue 1,22-099,2004.0,16.4,4,25,12,48.0,1.52,0.73,0.16,0.33,0,0,104,fr FRA,"FW,MF",fr Ligue 1,22-099,2004.0,21,1477,70,52.9,16.4,18,76.0,4,3,34.0,0,0.67,20,32,-12,-0.73,-0.05,81,fr FRA,"FW,MF",fr Ligue 1,22-099,2004.0,16.4,1,0,0,14,30,4,37,4,9,0,0.24373730534867974,0.18280297901150983,0.24373730534867974,0.22545700744752878,0.22771788578878124,-0.0022608783412524647
2165,Robin Risser,fr FRA,GK,Lens,fr Ligue 1,21.0,2004.0,30,30,2700,30.0,0,1,1,0,0,0,2,0,0.03,131.0,fr FRA,GK,fr Ligue 1,21-147,2004.0,30.0,30.0,2700.0,30.0,32.0,1.07,98.0,71.0,70.4,20.0,3.0,7.0,10.0,33.3,6.0,3.0,2.0,1.0,2165,fr FRA,GK,fr Ligue 1,21-147,2004.0,30.0,0,0,0,0.0,0.0,0.0,,,0,0,2725,fr FRA,GK,fr Ligue 1,21-147,2004.0,30,2700,90,100.0,30.0,30,90.0,30,0,,0,2.1,60,32,28,0.93,,2165,fr FRA,GK,fr Ligue 1,21-147,2004.0,30.0,2,0,0,0,5,0,0,0,0,0,0.0,0.03333333333333333,0.0,0.01,0.012316013691387843,-0.0023160136913878433
2191,Merlin Röhl,de GER,MF,Everton,eng Premier League,23.0,2002.0,12,2,366,4.1,0,0,0,0,0,0,0,0,0.0,,,,,,,,,,,,,,,,,,,,,,,,,2191,de GER,MF,eng Premier League,23-297,2002.0,4.1,0,7,0,0.0,1.72,0.0,0.0,,0,0,2756,de GER,MF,eng Premier League,23-297,2002.0,12,366,31,12.0,4.1,2,90.0,2,10,19.0,11,1.25,6,6,0,0.0,0.0,2191,de GER,MF,eng Premier League,23-297,2002.0,4.1,0,0,0,9,3,1,4,2,10,0,0.0,0.0,0.4918032786885246,0.14754098360655737,0.1499010270561398,-0.002360043449582433
1655,Pathé Mboup,sn SEN,MF,Brest,fr Ligue 1,22.0,2003.0,25,8,952,10.6,1,0,1,1,0,0,6,0,0.09,,,,,,,,,,,,,,,,,,,,,,,,,1655,sn SEN,MF,fr Ligue 1,22-191,2003.0,10.6,1,20,10,50.0,1.89,0.95,0.05,0.1,0,0,2072,sn SEN,MF,fr Ligue 1,22-191,2003.0,25,952,38,35.3,10.6,8,70.0,1,17,23.0,2,1.24,11,16,-5,-0.47,-0.42,1655,sn SEN,MF,fr Ligue 1,22-191,2003.0,10.6,6,0,0,32,16,5,7,12,16,0,0.09453781512605042,0.0,1.134453781512605,0.37815126050420167,0.38059787228909664,-0.0024466117848949698
315,Emmanuel Biumla,fr FRA,DF,Angers,fr Ligue 1,20.0,2005.0,7,3,369,4.1,0,0,0,0,0,0,0,0,0.0,,,,,,,,,,,,,,,,,,,,,,,,,315,fr FRA,DF,fr Ligue 1,20-355,2005.0,4.1,0,1,0,0.0,0.24,0.0,0.0,,0,0,391,fr FRA,DF,fr Ligue 1,20-355,2005.0,7,369,53,13.2,4.1,3,69.0,1,4,41.0,14,0.57,0,9,-9,-2.2,-1.9,315,fr FRA,DF,fr Ligue 1,20-355,2005.0,4.1,0,0,0,8,5,0,1,2,5,0,0.0,0.0,0.4878048780487805,0.14634146341463414,0.14910448471051127,-0.0027630212958771327
351,Badredine Bouanani,dz ALG,MF,Nice,fr Ligue 1,21.0,2004.0,2,1,93,1.0,0,0,0,0,0,0,0,0,0.0,,,,,,,,,,,,,,,,,,,,,,,,,351,dz ALG,MF,fr Ligue 1,21-141,2004.0,1.0,0,1,0,0.0,0.97,0.0,0.0,,0,0,437,dz ALG,MF,fr Ligue 1,21-141,2004.0,2,93,47,3.3,1.0,1,75.0,0,1,18.0,0,1.5,1,0,1,0.97,1.74,351,dz ALG,MF,fr Ligue 1,21-141,2004.0,1.0,0,0,0,0,2,0,5,1,0,0,0.0,0.0,0.967741935483871,0.2903225806451613,0.2931266460627073,-0.0028040654175459645
1590,Rafa Marín,es ESP,DF,Villarreal,es La Liga,23.0,2002.0,20,18,1709,19.0,1,0,1,1,0,0,1,0,0.05,,,,,,,,,,,,,,,,,,,,,,,,,1590,es ESP,DF,es La Liga,23-344,2002.0,19.0,1,5,1,20.0,0.26,0.05,0.2,1.0,0,0,1991,es ESP,DF,es La Liga,23-344,2002.0,20,1709,85,57.5,19.0,18,89.0,16,2,56.0,11,2.15,33,22,11,0.58,-0.13,1590,es ESP,DF,es La Liga,23-344,2002.0,19.0,1,0,0,13,7,3,0,20,20,1,0.0526623756582797,0.0,1.0532475131655938,0.33703920421299005,0.3398446201368004,-0.0028054159238103393
473,Marc Casado,es ESP,MF,Barcelona,es La Liga,22.0,2003.0,21,9,914,10.2,0,1,1,0,0,0,1,0,0.1,,,,,,,,,,,,,,,,,,,,,,,,,473,es ESP,MF,es La Liga,22-226,2003.0,10.2,0,10,0,0.0,0.98,0.0,0.0,,0,0,584,es ESP,MF,es La Liga,22-226,2003.0,21,914,44,30.8,10.2,9,78.0,5,12,18.0,12,2.86,25,8,17,1.67,-0.08,473,es ESP,MF,es La Liga,22-226,2003.0,10.2,1,0,0,22,19,0,0,7,8,0,0.0,0.09846827133479212,0.6892778993435449,0.2363238512035011,0.23915096461636742,-0.0028271134128663167
2311,Joe Scally,us USA,"MF,DF",Gladbach,de Bundesliga,23.0,2002.0,29,26,2338,26.0,2,3,5,2,0,0,7,0,0.19,,,,,,,,,,,,,,,,,,,,,,,,,2311,us USA,"MF,DF",de Bundesliga,23-118,2002.0,26.0,2,15,9,60.0,0.58,0.35,0.13,0.22,0,0,2909,us USA,"MF,DF",de Bundesliga,23-118,2002.0,29,2338,81,83.8,26.0,26,88.0,20,3,18.0,1,1.1,32,37,-5,-0.19,1.6,2311,us USA,"MF,DF",de Bundesliga,23-118,2002.0,26.0,7,0,0,30,46,2,45,16,24,1,0.07698887938408897,0.11548331907613345,0.6159110350727117,0.2502138579982891,0.2530745583801089,-0.002860700381819792
555,Diego Coppola,it ITA,DF,Brighton,eng Premier League,22.0,2003.0,5,2,194,2.2,0,0,0,0,0,0,2,0,0.0,,,,,,,,,,,,,,,,,,,,,,,,,555,it ITA,DF,eng Premier League,22-121,2003.0,2.2,0,0,0,0.0,0.0,0.0,,,0,0,698,it ITA,DF,eng Premier League,22-121,2003.0,5,194,39,6.3,2.2,2,88.0,1,3,6.0,17,1.6,1,3,-2,-0.93,-1.27,555,it ITA,DF,eng Premier League,22-121,2003.0,2.2,2,0,0,4,0,0,0,1,2,0,0.0,0.0,0.4639175257731959,0.13917525773195877,0.14212066600466242,-0.002945408272703648
1631,Chrislain Matsima,fr FRA,DF,Augsburg,de Bundesliga,23.0,2002.0,15,14,1265,14.1,1,1,2,1,0,0,5,0,0.14,,,,,,,,,,,,,,,,,,,,,,,,,1631,fr FRA,DF,de Bundesliga,23-348,2002.0,14.1,1,6,1,16.7,0.43,0.07,0.17,1.0,0,0,2042,fr FRA,DF,de Bundesliga,23-348,2002.0,15,1265,84,45.3,14.1,14,90.0,14,1,5.0,0,0.93,17,28,-11,-0.78,-0.49,1631,fr FRA,DF,de Bundesliga,23-348,2002.0,14.1,5,0,0,8,4,0,4,29,9,0,0.07114624505928854,0.07114624505928854,2.0632411067193677,0.6687747035573123,0.6717310853711487,-0.002956381813836395
549,Francisco Conceição,pt POR,"MF,FW",Juventus,it Serie A,23.0,2002.0,27,23,1780,19.8,3,4,7,3,0,0,2,0,0.35,,,,,,,,,,,,,,,,,,,,,,,,,549,pt POR,"MF,FW",it Serie A,23-135,2002.0,19.8,3,62,19,30.6,3.13,0.96,0.05,0.16,0,0,689,pt POR,"MF,FW",it Serie A,23-135,2002.0,27,1780,66,58.2,19.8,23,73.0,2,4,25.0,2,1.74,26,15,11,0.56,-0.64,549,pt POR,"MF,FW",it Serie A,23-135,2002.0,19.8,2,0,0,27,30,3,71,7,21,0,0.15168539325842698,0.20224719101123598,0.35393258426966295,0.22752808988764045,0.23049147227026928,-0.002963382382628832
2096,Leopold Querfeld,at AUT,DF,Union Berlin,de Bundesliga,22.0,2003.0,30,30,2700,30.0,3,0,3,1,2,3,7,0,0.03,,,,,,,,,,,,,,,,,,,,,,,,,2096,at AUT,DF,de Bundesliga,22-129,2003.0,30.0,3,29,10,34.5,0.97,0.33,0.03,0.1,2,3,2640,at AUT,DF,de Bundesliga,22-129,2003.0,30,2700,90,96.8,30.0,30,90.0,30,0,,0,0.97,34,55,-21,-0.7,-1.7,2096,at AUT,DF,de Bundesliga,22-129,2003.0,30.0,7,0,0,46,28,0,3,35,27,0,0.1,0.0,1.1666666666666667,0.39,0.3930676086585704,-0.0030676086585703644
548,Pietro Comuzzo,it ITA,DF,Fiorentina,it Serie A,21.0,2005.0,24,17,1534,17.0,1,0,1,1,0,0,2,0,0.06,,,,,,,,,,,,,,,,,,,,,,,,,548,it ITA,DF,it Serie A,21-067,2005.0,17.0,1,10,2,20.0,0.59,0.12,0.1,0.5,0,0,688,it ITA,DF,it Serie A,21-067,2005.0,24,1534,64,50.1,17.0,17,84.0,10,7,16.0,10,0.96,19,26,-7,-0.41,-0.41,548,it ITA,DF,it Serie A,21-067,2005.0,17.0,2,0,0,21,3,0,1,20,14,0,0.05867014341590612,0.0,1.1734028683181226,0.37548891786179917,0.3786485980861334,-0.003159680224334216
1219,Álex Jiménez,es ESP,"DF,MF",Bournemouth,eng Premier League,20.0,2005.0,30,25,2227,24.7,1,0,1,1,0,0,10,0,0.04,,,,,,,,,,,,,,,,,,,,,,,,,1219,es ESP,"DF,MF",eng Premier League,20-355,2005.0,24.7,1,20,4,20.0,0.81,0.16,0.05,0.25,0,0,1519,es ESP,"DF,MF",eng Premier League,20-355,2005.0,30,2227,74,72.8,24.7,25,83.0,11,5,29.0,1,1.43,38,38,0,0.0,0.0,1219,es ESP,"DF,MF",eng Premier League,20-355,2005.0,24.7,10,0,0,33,19,0,46,27,44,0,0.04041311180960934,0.0,1.0911540188594522,0.34351145038167935,0.34671463828921334,-0.0032031879075339886
1268,Justin-Noël Kalumba,fr FRA,"FW,MF",Angers,fr Ligue 1,21.0,2004.0,4,3,224,2.5,0,0,0,0,0,0,0,0,0.0,,,,,,,,,,,,,,,,,,,,,,,,,1268,fr FRA,"FW,MF",fr Ligue 1,21-124,2004.0,2.5,0,1,0,0.0,0.4,0.0,0.0,,0,0,1578,fr FRA,"FW,MF",fr Ligue 1,21-124,2004.0,4,224,56,8.0,2.5,3,71.0,1,1,11.0,2,0.25,1,5,-4,-1.61,-1.15,1268,fr FRA,"FW,MF",fr Ligue 1,21-124,2004.0,2.5,0,0,0,3,3,0,15,1,3,0,0.0,0.0,0.40178571428571425,0.12053571428571427,0.12376050219949412,-0.00322478791377985
1672,Rodrigo Mendoza,es ESP,"MF,FW",Elche,es La Liga,21.0,2005.0,16,6,794,8.8,1,0,1,1,0,0,4,0,0.11,,,,,,,,,,,,,,,,,,,,,,,,,1672,es ESP,"MF,FW",es La Liga,21-044,2005.0,8.8,1,11,2,18.2,1.25,0.23,0.09,0.5,0,0,2095,es ESP,"MF,FW",es La Liga,21-044,2005.0,16,794,50,26.7,8.8,6,85.0,2,10,29.0,3,0.94,11,15,-4,-0.45,-0.37,1672,es ESP,"MF,FW",es La Liga,21-044,2005.0,8.8,4,0,0,19,16,2,17,5,9,0,0.11335012594458438,0.0,0.5667506297229219,0.21536523929471033,0.21864680074768406,-0.0032815614529737303
1362,Christ-Owen Kouassi,fr FRA,DF,Lecce,it Serie A,23.0,2003.0,4,3,228,2.5,0,0,0,0,0,0,0,0,0.0,,,,,,,,,,,,,,,,,,,,,,,,,1362,fr FRA,DF,it Serie A,23-013,2003.0,2.5,0,0,0,0.0,0.0,0.0,,,0,0,1698,fr FRA,DF,it Serie A,23-013,2003.0,4,228,57,7.5,2.5,3,68.0,1,1,23.0,18,0.5,2,6,-4,-1.58,-0.94,1362,fr FRA,DF,it Serie A,23-013,2003.0,2.5,0,0,0,1,3,0,2,1,6,0,0.0,0.0,0.39473684210526316,0.11842105263157894,0.12170651182062317,-0.003285459189044229
889,Alex Freeman,us USA,DF,Villarreal,es La Liga,21.0,2004.0,7,1,166,1.8,0,0,0,0,0,0,0,0,0.0,,,,,,,,,,,,,,,,,,,,,,,,,889,us USA,DF,es La Liga,21-262,2004.0,1.8,0,1,0,0.0,0.54,0.0,0.0,,0,0,1119,us USA,DF,es La Liga,21-262,2004.0,7,166,24,5.6,1.8,1,90.0,1,6,13.0,6,1.57,3,2,1,0.54,-0.1,889,us USA,DF,es La Liga,21-262,2004.0,1.8,0,0,0,1,0,0,1,4,3,0,0.0,0.0,2.168674698795181,0.6506024096385543,0.6539859936291041,-0.003383583990549832
1090,Jorrel Hato,nl NED,DF,Chelsea,eng Premier League,20.0,2006.0,19,9,917,10.2,0,0,0,0,0,0,5,0,0.0,,,,,,,,,,,,,,,,,,,,,,,,,1090,nl NED,DF,eng Premier League,20-052,2006.0,10.2,0,4,0,0.0,0.39,0.0,0.0,,0,0,1367,nl NED,DF,eng Premier League,20-052,2006.0,19,917,48,30.0,10.2,9,77.0,5,10,23.0,12,1.32,10,23,-13,-1.28,-2.16,1090,nl NED,DF,eng Premier League,20-052,2006.0,10.2,5,0,0,14,2,0,7,11,17,0,0.0,0.0,1.0796074154852782,0.3238822246455834,0.3272690682703232,-0.003386843624739788
197,Dilane Bakwa,fr FRA,MF,Nottingham Forest,eng Premier League,23.0,2002.0,11,4,390,4.3,0,1,1,0,0,0,1,0,0.23,,,,,,,,,,,,,,,,,,,,,,,,,197,fr FRA,MF,eng Premier League,23-245,2002.0,4.3,0,8,3,37.5,1.85,0.69,0.0,0.0,0,0,247,fr FRA,MF,eng Premier League,23-245,2002.0,11,390,35,12.7,4.3,4,61.0,0,7,21.0,7,0.64,4,9,-5,-1.15,-1.19,197,fr FRA,MF,eng Premier League,23-245,2002.0,4.3,1,0,0,9,9,0,30,0,2,0,0.0,0.23076923076923078,0.0,0.06923076923076923,0.07268578113740994,-0.003455011906640701
2314,Oliver Scarles,eng ENG,"DF,MF",West Ham United,eng Premier League,20.0,2005.0,12,9,656,7.3,0,0,0,0,0,0,1,0,0.0,,,,,,,,,,,,,,,,,,,,,,,,,2314,eng ENG,"DF,MF",eng Premier League,20-137,2005.0,7.3,0,3,0,0.0,0.41,0.0,0.0,,0,0,2912,eng ENG,"DF,MF",eng Premier League,20-137,2005.0,12,656,55,21.4,7.3,9,69.0,4,3,11.0,14,0.92,8,16,-8,-1.1,-0.8,2314,eng ENG,"DF,MF",eng Premier League,20-137,2005.0,7.3,1,0,0,6,7,1,35,13,18,0,0.0,0.0,1.7835365853658536,0.5350609756097561,0.5385333996466012,-0.003472424036845112
2561,Mariano Troilo,ar ARG,DF,Parma,it Serie A,22.0,2003.0,17,14,1265,14.1,1,0,1,1,0,0,7,2,0.07,,,,,,,,,,,,,,,,,,,,,,,,,2561,ar ARG,DF,it Serie A,22-310,2003.0,14.1,1,9,2,22.2,0.64,0.14,0.11,0.5,0,0,3233,ar ARG,DF,it Serie A,22-310,2003.0,17,1265,74,41.3,14.1,14,84.0,10,3,31.0,12,1.17,11,20,-9,-0.64,-0.34,2561,ar ARG,DF,it Serie A,22-310,2003.0,14.1,7,2,1,23,19,0,1,11,15,0,0.07114624505928854,0.0,0.782608695652174,0.2632411067193676,0.2668242684832369,-0.0035831617638693025
1548,Hamidou Makalou,ml MLI,MF,Brest,fr Ligue 1,19.0,2006.0,13,1,203,2.3,0,0,0,0,0,0,0,0,0.0,,,,,,,,,,,,,,,,,,,,,,,,,1548,ml MLI,MF,fr Ligue 1,19-287,2006.0,2.3,0,2,0,0.0,0.89,0.0,0.0,,0,0,1940,ml MLI,MF,fr Ligue 1,19-287,2006.0,13,203,16,7.5,2.3,1,67.0,0,12,11.0,16,0.69,2,6,-4,-1.77,-1.7,1548,ml MLI,MF,fr Ligue 1,19-287,2006.0,2.3,0,0,0,1,2,0,8,3,3,0,0.0,0.0,1.3300492610837438,0.3990147783251231,0.4027798373197692,-0.0037650589946460755
172,Leon Avdullahu,xk KVX,MF,Hoffenheim,de Bundesliga,22.0,2004.0,30,29,2564,28.5,0,1,1,0,0,0,4,0,0.04,,,,,,,,,,,,,,,,,,,,,,,,,172,xk KVX,MF,de Bundesliga,22-064,2004.0,28.5,0,13,2,15.4,0.46,0.07,0.0,0.0,0,0,213,xk KVX,MF,de Bundesliga,22-064,2004.0,30,2564,85,91.9,28.5,29,87.0,24,1,30.0,0,1.9,59,37,22,0.77,3.16,172,xk KVX,MF,de Bundesliga,22-064,2004.0,28.5,4,0,0,25,12,1,14,28,28,0,0.0,0.035101404056162244,0.982839313572543,0.30538221528861154,0.3092282195322674,-0.0038460042436558872
1685,Rafik Messali,fr FRA,MF,Toulouse,fr Ligue 1,23.0,2003.0,12,5,502,5.6,0,0,0,0,0,0,2,0,0.0,,,,,,,,,,,,,,,,,,,,,,,,,1685,fr FRA,MF,fr Ligue 1,23-000,2003.0,5.6,0,0,0,0.0,0.0,0.0,,,0,0,2114,fr FRA,MF,fr Ligue 1,23-000,2003.0,12,502,42,18.0,5.6,5,70.0,2,7,22.0,1,1.25,8,2,6,1.08,1.35,1685,fr FRA,MF,fr Ligue 1,23-000,2003.0,5.6,2,0,0,11,9,0,9,12,6,0,0.0,0.0,2.151394422310757,0.6454183266932271,0.6492801546394777,-0.0038618279462506733
771,CJ Egan-Riley,eng ENG,"DF,MF",Marseille,fr Ligue 1,23.0,2003.0,11,8,624,6.9,0,0,0,0,0,0,1,1,0.0,,,,,,,,,,,,,,,,,,,,,,,,,771,eng ENG,"DF,MF",fr Ligue 1,23-116,2003.0,6.9,0,0,0,0.0,0.0,0.0,,,0,0,964,eng ENG,"DF,MF",fr Ligue 1,23-116,2003.0,11,624,57,22.4,6.9,8,75.0,4,3,9.0,15,1.55,9,9,0,0.0,-0.75,771,eng ENG,"DF,MF",fr Ligue 1,23-116,2003.0,6.9,1,1,0,5,5,0,1,2,7,0,0.0,0.0,0.28846153846153844,0.08653846153846152,0.09043259985492577,-0.003894138316464249
131,Antoniu,es ESP,MF,Espanyol,es La Liga,23.0,2002.0,9,1,137,1.5,0,0,0,0,0,0,1,0,0.0,,,,,,,,,,,,,,,,,,,,,,,,,131,es ESP,MF,es La Liga,23-235,2002.0,1.5,0,3,0,0.0,1.97,0.0,0.0,,0,0,164,es ESP,MF,es La Liga,23-235,2002.0,9,137,15,4.6,1.5,1,45.0,0,8,12.0,21,1.0,3,3,0,0.0,0.38,131,es ESP,MF,es La Liga,23-235,2002.0,1.5,1,0,0,6,4,0,2,1,2,0,0.0,0.0,0.656934306569343,0.1970802919708029,0.20108250347329823,-0.004002211502495329
32,Jonas Adjetey,gh GHA,DF,Wolfsburg,de Bundesliga,22.0,2003.0,4,1,137,1.5,0,0,0,0,0,0,1,0,0.0,,,,,,,,,,,,,,,,,,,,,,,,,32,gh GHA,DF,de Bundesliga,22-136,2003.0,1.5,0,3,0,0.0,1.97,0.0,0.0,,0,0,38,gh GHA,DF,de Bundesliga,22-136,2003.0,4,137,34,4.9,1.5,1,90.0,1,3,16.0,4,0.25,1,3,-2,-1.31,-0.53,32,gh GHA,DF,de Bundesliga,22-136,2003.0,1.5,1,0,0,4,0,0,4,1,1,0,0.0,0.0,0.656934306569343,0.1970802919708029,0.20108250347329823,-0.004002211502495329
518,Fabio Chiarodia,it ITA,DF,Gladbach,de Bundesliga,20.0,2005.0,13,6,548,6.1,0,0,0,0,0,0,1,0,0.0,,,,,,,,,,,,,,,,,,,,,,,,,518,it ITA,DF,de Bundesliga,20-327,2005.0,6.1,0,4,1,25.0,0.66,0.16,0.0,0.0,0,0,649,it ITA,DF,de Bundesliga,20-327,2005.0,13,548,42,19.6,6.1,6,75.0,1,7,14.0,5,0.69,2,11,-9,-1.48,-1.28,518,it ITA,DF,de Bundesliga,20-327,2005.0,6.1,1,0,0,7,1,0,0,11,8,0,0.0,0.0,1.8065693430656935,0.541970802919708,0.5460617333442719,-0.004090930424563877
192,Johan Bakayoko,be BEL,"FW,MF",RB Leipzig,de Bundesliga,23.0,2003.0,19,8,766,8.5,2,0,2,2,0,0,1,0,0.23,,,,,,,,,,,,,,,,,,,,,,,,,192,be BEL,"FW,MF",de Bundesliga,23-008,2003.0,8.5,2,24,9,37.5,2.82,1.06,0.08,0.22,0,0,240,be BEL,"FW,MF",de Bundesliga,23-008,2003.0,19,766,40,27.5,8.5,8,72.0,0,11,18.0,7,1.89,15,9,6,0.7,-0.1,192,be BEL,"FW,MF",de Bundesliga,23-008,2003.0,8.5,1,0,0,12,11,3,14,2,3,0,0.2349869451697128,0.0,0.2349869451697128,0.16449086161879897,0.16858614609739586,-0.004095284478596889
1240,Mateo Joseph,es ESP,"MF,FW",Mallorca,es La Liga,22.0,2003.0,29,19,1699,18.9,2,3,5,2,0,0,2,0,0.26,,,,,,,,,,,,,,,,,,,,,,,,,1240,es ESP,"MF,FW",es La Liga,22-191,2003.0,18.9,2,33,14,42.4,1.75,0.74,0.06,0.14,0,0,1544,es ESP,"MF,FW",es La Liga,22-191,2003.0,29,1699,59,57.2,18.9,19,76.0,4,10,25.0,1,1.03,24,29,-5,-0.26,0.09,1240,es ESP,"MF,FW",es La Liga,22-191,2003.0,18.9,2,0,0,19,31,4,14,13,19,0,0.10594467333725721,0.15891701000588582,0.6886403766921718,0.29664508534432016,0.30074313093455063,-0.00409804559023047
1941,Gift Orban,ng NGA,FW,Hellas Verona,it Serie A,23.0,2002.0,28,23,2027,22.5,7,2,9,5,2,2,4,1,0.31,,,,,,,,,,,,,,,,,,,,,,,,,1941,ng NGA,FW,it Serie A,23-285,2002.0,22.5,7,85,28,32.9,3.77,1.24,0.06,0.18,2,2,2435,ng NGA,FW,it Serie A,23-285,2002.0,28,2027,72,66.2,22.5,23,79.0,9,5,40.0,1,0.5,14,33,-19,-0.84,0.38,1941,ng NGA,FW,it Serie A,23-285,2002.0,22.5,4,1,0,22,20,20,14,3,3,0,0.3108041440552541,0.08880118401578689,0.1332017760236803,0.1909225456339418,0.19507992184598397,-0.00415737621204218
332,Adama Boiro,es ESP,DF,Athletic Club,es La Liga,23.0,2002.0,11,6,633,7.0,0,0,0,0,0,0,1,0,0.0,,,,,,,,,,,,,,,,,,,,,,,,,332,es ESP,DF,es La Liga,23-310,2002.0,7.0,0,1,0,0.0,0.14,0.0,0.0,,0,0,412,es ESP,DF,es La Liga,23-310,2002.0,11,633,58,21.3,7.0,6,80.0,4,5,31.0,22,0.82,6,14,-8,-1.14,-0.98,332,es ESP,DF,es La Liga,23-310,2002.0,7.0,1,0,0,4,8,0,17,15,8,0,0.0,0.0,2.132701421800948,0.6398104265402843,0.6440395146315808,-0.004229088091296518
144,Iñigo Arguibide,es ESP,DF,Osasuna,es La Liga,21.0,2005.0,6,2,187,2.1,0,0,0,0,0,0,0,1,0.0,,,,,,,,,,,,,,,,,,,,,,,,,144,es ESP,DF,es La Liga,21-009,2005.0,2.1,0,0,0,0.0,0.0,0.0,,,0,0,179,es ESP,DF,es La Liga,21-009,2005.0,6,187,31,6.3,2.1,2,68.0,0,4,13.0,16,1.67,6,1,5,2.41,2.6,144,es ESP,DF,es La Liga,21-009,2005.0,2.1,0,1,0,3,0,0,5,1,3,0,0.0,0.0,0.48128342245989303,0.1443850267379679,0.14862368463645415,-0.004238657898486237
482,Castrin,es ESP,DF,Sevilla,es La Liga,23.0,2003.0,15,10,1002,11.1,0,0,0,0,0,0,3,0,0.0,,,,,,,,,,,,,,,,,,,,,,,,,482,es ESP,DF,es La Liga,23-117,2003.0,11.1,0,7,1,14.3,0.63,0.09,0.0,0.0,0,0,600,es ESP,DF,es La Liga,23-117,2003.0,15,1002,67,33.7,11.1,10,84.0,8,5,32.0,13,0.93,17,14,3,0.27,1.09,482,es ESP,DF,es La Liga,23-117,2003.0,11.1,3,0,0,9,10,1,1,18,12,0,0.0,0.0,1.6167664670658681,0.4850299401197604,0.4893498086547899,-0.00431986853502947
1073,Lewis Hall,eng ENG,DF,Newcastle United,eng Premier League,21.0,2004.0,26,21,1888,21.0,1,1,2,1,0,0,3,0,0.1,,,,,,,,,,,,,,,,,,,,,,,,,1073,eng ENG,DF,eng Premier League,21-232,2004.0,21.0,1,22,5,22.7,1.05,0.24,0.05,0.2,0,0,1346,eng ENG,DF,eng Premier League,21-232,2004.0,26,1888,73,61.7,21.0,21,86.0,16,5,18.0,4,1.23,29,35,-6,-0.29,-0.44,1073,eng ENG,DF,eng Premier League,21-232,2004.0,21.0,3,0,0,15,37,0,92,26,28,0,0.04766949152542373,0.04766949152542373,1.2394067796610169,0.40519067796610164,0.4095204725124926,-0.00432979454639093
1523,Mathias Løvik,no NOR,MF,Parma,it Serie A,22.0,2003.0,9,5,471,5.2,0,0,0,0,0,0,0,0,0.0,,,,,,,,,,,,,,,,,,,,,,,,,1523,no NOR,MF,it Serie A,22-143,2003.0,5.2,0,3,0,0.0,0.57,0.0,0.0,,0,0,1913,no NOR,MF,it Serie A,22-143,2003.0,9,471,52,15.4,5.2,5,79.0,2,4,19.0,10,1.0,5,8,-3,-0.57,-0.16,1523,no NOR,MF,it Serie A,22-143,2003.0,5.2,0,0,0,3,2,2,15,7,8,0,0.0,0.0,1.3375796178343948,0.40127388535031844,0.4056269848379957,-0.004353099487677259
1783,Believe Munongo,fr FRA,MF,Metz,fr Ligue 1,16.0,2009.0,8,4,334,3.7,0,0,0,0,0,0,1,0,0.0,,,,,,,,,,,,,,,,,,,,,,,,,1783,fr FRA,MF,fr Ligue 1,16-156,2009.0,3.7,0,4,0,0.0,1.08,0.0,0.0,,0,0,2238,fr FRA,MF,fr Ligue 1,16-156,2009.0,8,334,42,12.0,3.7,4,61.0,1,4,22.0,4,0.38,2,8,-6,-1.62,-0.41,1783,fr FRA,MF,fr Ligue 1,16-156,2009.0,3.7,1,0,0,13,2,0,2,4,4,0,0.0,0.0,1.0778443113772456,0.32335329341317365,0.32771875185349225,-0.004365458440318604
18,Mathieu Acapandié,mg MAD,DF,Nantes,fr Ligue 1,21.0,2004.0,4,1,106,1.2,0,0,0,0,0,0,0,0,0.0,,,,,,,,,,,,,,,,,,,,,,,,,18,mg MAD,DF,fr Ligue 1,21-135,2004.0,1.2,0,0,0,0.0,0.0,0.0,,,0,0,22,mg MAD,DF,fr Ligue 1,21-135,2004.0,4,106,27,3.8,1.2,1,78.0,0,3,9.0,1,0.25,0,6,-6,-5.09,-4.46,18,mg MAD,DF,fr Ligue 1,21-135,2004.0,1.2,0,0,0,1,0,0,6,1,0,0,0.0,0.0,0.8490566037735848,0.2547169811320754,0.2593060650957971,-0.004589083963721707
227,Pablo Barrios,es ESP,MF,Atlético Madrid,es La Liga,22.0,2003.0,23,20,1661,18.5,1,1,2,1,0,0,0,0,0.11,,,,,,,,,,,,,,,,,,,,,,,,,227,es ESP,MF,es La Liga,22-317,2003.0,18.5,1,23,6,26.1,1.25,0.33,0.04,0.17,0,0,285,es ESP,MF,es La Liga,22-317,2003.0,23,1661,72,55.9,18.5,20,78.0,13,3,34.0,0,1.96,30,16,14,0.76,0.41,227,es ESP,MF,es La Liga,22-317,2003.0,18.5,0,0,0,12,23,0,30,26,16,0,0.054184226369656835,0.054184226369656835,1.4087898856110779,0.46056592414208314,0.4653573414724005,-0.004791417330317349
2132,Federico Redondo,ar ARG,MF,Elche,es La Liga,23.0,2003.0,11,1,179,2.0,0,0,0,0,0,0,0,1,0.0,,,,,,,,,,,,,,,,,,,,,,,,,2132,ar ARG,MF,es La Liga,23-100,2003.0,2.0,0,1,0,0.0,0.5,0.0,0.0,,0,0,2686,ar ARG,MF,es La Liga,23-100,2003.0,11,179,16,6.0,2.0,1,63.0,0,10,12.0,19,1.17,3,6,-3,-1.51,-1.41,2132,ar ARG,MF,es La Liga,23-100,2003.0,2.0,0,1,0,8,5,0,0,5,2,0,0.0,0.0,2.513966480446927,0.7541899441340781,0.7591092897829728,-0.004919345648894624
1647,Samuel Mbangula,be BEL,"MF,FW",Werder Bremen,de Bundesliga,22.0,2004.0,23,12,1085,12.1,3,2,5,3,0,0,0,0,0.41,,,,,,,,,,,,,,,,,,,,,,,,,1647,be BEL,"MF,FW",de Bundesliga,22-102,2004.0,12.1,3,15,7,46.7,1.24,0.58,0.2,0.43,0,0,2063,be BEL,"MF,FW",de Bundesliga,22-102,2004.0,23,1085,47,38.9,12.1,12,72.0,1,11,21.0,3,0.96,14,20,-6,-0.5,0.14,1647,be BEL,"MF,FW",de Bundesliga,22-102,2004.0,12.1,0,0,0,4,22,3,22,3,10,0,0.2488479262672811,0.16589861751152074,0.2488479262672811,0.223963133640553,0.22895632070867794,-0.004993187068124932
1952,Ibrahim Osman,gh GHA,"MF,FW",Auxerre,fr Ligue 1,21.0,2004.0,14,7,625,6.9,0,2,2,0,0,0,0,0,0.29,,,,,,,,,,,,,,,,,,,,,,,,,1952,gh GHA,"MF,FW",fr Ligue 1,21-150,2004.0,6.9,0,18,6,33.3,2.59,0.86,0.0,0.0,0,0,2448,gh GHA,"MF,FW",fr Ligue 1,21-150,2004.0,14,625,45,22.4,6.9,7,72.0,2,7,17.0,2,0.43,3,11,-8,-1.15,-0.86,1952,gh GHA,"MF,FW",fr Ligue 1,21-150,2004.0,6.9,0,0,0,7,14,3,10,6,7,0,0.0,0.28800000000000003,0.8639999999999999,0.3455999999999999,0.35060298155680125,-0.005002981556801345
2465,Lamine Sy,mr MTN,DF,Auxerre,fr Ligue 1,23.0,2002.0,21,14,1286,14.3,0,0,0,0,0,0,1,0,0.0,,,,,,,,,,,,,,,,,,,,,,,,,2465,mr MTN,DF,fr Ligue 1,23-261,2002.0,14.3,0,9,1,11.1,0.63,0.07,0.0,0.0,0,0,3114,mr MTN,DF,fr Ligue 1,23-261,2002.0,21,1286,61,46.1,14.3,14,84.0,10,7,16.0,10,0.76,14,19,-5,-0.35,0.25,2465,mr MTN,DF,fr Ligue 1,23-261,2002.0,14.3,1,0,0,17,13,2,39,16,24,0,0.0,0.0,1.119751166407465,0.3359253499222395,0.3410919267591311,-0.00516657683689159
99,Aurele Amenda,ch SUI,DF,Eintracht Frankfurt,de Bundesliga,22.0,2003.0,21,15,1408,15.6,0,0,0,0,0,0,4,0,0.0,,,,,,,,,,,,,,,,,,,,,,,,,99,ch SUI,DF,de Bundesliga,22-271,2003.0,15.6,0,10,2,20.0,0.64,0.13,0.0,0.0,0,0,126,ch SUI,DF,de Bundesliga,22-271,2003.0,21,1408,67,50.5,15.6,15,89.0,14,6,11.0,7,1.29,23,27,-4,-0.26,-0.39,99,ch SUI,DF,de Bundesliga,22-271,2003.0,15.6,4,0,0,15,10,0,3,26,10,1,0.0,0.0,1.6619318181818183,0.49857954545454547,0.5037911258699966,-0.005211580415451167
1790,Murillo,br BRA,DF,Nottingham Forest,eng Premier League,23.0,2002.0,25,25,2130,23.7,1,0,1,1,0,0,5,0,0.04,,,,,,,,,,,,,,,,,,,,,,,,,1790,br BRA,DF,eng Premier League,23-298,2002.0,23.7,1,11,4,36.4,0.46,0.17,0.09,0.25,0,0,2246,br BRA,DF,eng Premier League,23-298,2002.0,25,2130,85,69.6,23.7,25,85.0,22,0,,1,1.24,29,29,0,0.0,0.39,1790,br BRA,DF,eng Premier League,23-298,2002.0,23.7,5,0,0,23,7,0,2,29,23,2,0.04225352112676056,0.0,1.2253521126760563,0.38450704225352106,0.38982287718144404,-0.00531583492792298
105,Amorim,br BRA,MF,Genoa,it Serie A,20.0,2005.0,7,2,246,2.7,0,0,0,0,0,0,0,0,0.0,,,,,,,,,,,,,,,,,,,,,,,,,105,br BRA,MF,it Serie A,20-345,2005.0,2.7,0,2,0,0.0,0.73,0.0,0.0,,0,0,134,br BRA,MF,it Serie A,20-345,2005.0,7,246,35,8.0,2.7,2,73.0,0,5,20.0,4,1.43,4,5,-1,-0.37,-0.14,105,br BRA,MF,it Serie A,20-345,2005.0,2.7,0,0,0,3,8,1,7,3,3,0,0.0,0.0,1.0975609756097562,0.32926829268292684,0.33468792536097475,-0.005419632678047903
1906,Adam Obert,sk SVK,"DF,MF",Cagliari,it Serie A,23.0,2002.0,31,29,2414,26.8,0,3,3,0,0,0,10,1,0.11,,,,,,,,,,,,,,,,,,,,,,,,,1906,sk SVK,"DF,MF",it Serie A,23-248,2002.0,26.8,0,10,3,30.0,0.37,0.11,0.0,0.0,0,0,2383,sk SVK,"DF,MF",it Serie A,23-248,2002.0,31,2414,78,78.9,26.8,29,82.0,16,2,21.0,1,1.13,24,37,-13,-0.48,-0.48,1906,sk SVK,"DF,MF",it Serie A,23-248,2002.0,26.8,10,1,1,38,11,0,55,41,28,0,0.0,0.11184755592377797,1.5285832642916322,0.49212924606462305,0.4975584351727914,-0.005429189108168364
2753,Luck Zogbé,ci CIV,DF,Brest,fr Ligue 1,21.0,2005.0,8,2,198,2.2,0,0,0,0,0,0,0,0,0.0,,,,,,,,,,,,,,,,,,,,,,,,,2753,ci CIV,DF,fr Ligue 1,21-035,2005.0,2.2,0,2,0,0.0,0.91,0.0,0.0,,0,0,3464,ci CIV,DF,fr Ligue 1,21-035,2005.0,8,198,25,7.3,2.2,2,90.0,2,6,3.0,17,1.5,4,3,1,0.45,0.71,2753,ci CIV,DF,fr Ligue 1,21-035,2005.0,2.2,0,0,0,7,5,0,9,2,5,0,0.0,0.0,0.9090909090909092,0.27272727272727276,0.2781696991264212,-0.005442426399148437
1762,Daren Mosengo,fr FRA,MF,Le Havre,fr Ligue 1,19.0,2006.0,7,0,108,1.2,0,0,0,0,0,0,0,0,0.0,,,,,,,,,,,,,,,,,,,,,,,,,1762,fr FRA,MF,fr Ligue 1,19-260,2006.0,1.2,0,0,0,0.0,0.0,0.0,,,0,0,2212,fr FRA,MF,fr Ligue 1,19-260,2006.0,7,108,15,3.9,1.2,0,,0,7,15.0,15,1.57,1,0,1,0.83,1.3,1762,fr FRA,MF,fr Ligue 1,19-260,2006.0,1.2,0,0,0,1,2,0,0,1,0,0,0.0,0.0,0.8333333333333333,0.24999999999999997,0.2554753399034826,-0.005475339903482618
863,Jack Fletcher,eng ENG,MF,Manchester Utd,eng Premier League,19.0,2007.0,3,0,108,1.2,0,0,0,0,0,0,0,0,0.0,,,,,,,,,,,,,,,,,,,,,,,,,863,eng ENG,MF,eng Premier League,19-040,2007.0,1.2,0,1,0,0.0,0.83,0.0,0.0,,0,0,1084,eng ENG,MF,eng Premier League,19-040,2007.0,3,108,36,3.5,1.2,0,,0,3,36.0,4,1.33,0,0,0,0.0,-0.43,863,eng ENG,MF,eng Premier League,19-040,2007.0,1.2,0,0,0,2,1,0,0,1,1,0,0.0,0.0,0.8333333333333333,0.24999999999999997,0.2554753399034826,-0.005475339903482618
588,Pau Cubarsí,es ESP,DF,Barcelona,es La Liga,19.0,2007.0,28,28,2462,27.4,1,0,1,1,0,0,3,0,0.04,,,,,,,,,,,,,,,,,,,,,,,,,588,es ESP,DF,es La Liga,19-096,2007.0,27.4,1,10,2,20.0,0.37,0.07,0.1,0.5,0,0,738,es ESP,DF,es La Liga,19-096,2007.0,28,2462,88,82.9,27.4,28,88.0,23,0,,5,2.57,72,27,45,1.65,-0.48,588,es ESP,DF,es La Liga,19-096,2007.0,27.4,3,0,0,24,8,0,0,26,25,0,0.036555645816409424,0.0,0.950446791226645,0.29975629569455725,0.3052675755221493,-0.0055112798275920305
329,Lamare Bogarde,nl NED,"MF,DF",Aston Villa,eng Premier League,22.0,2004.0,25,9,880,9.8,0,0,0,0,0,0,5,0,0.0,,,,,,,,,,,,,,,,,,,,,,,,,329,nl NED,"MF,DF",eng Premier League,22-113,2004.0,9.8,0,0,0,0.0,0.0,0.0,,,0,0,409,nl NED,"MF,DF",eng Premier League,22-113,2004.0,25,880,35,28.8,9.8,9,79.0,3,16,11.0,9,1.64,13,14,-1,-0.1,-0.35,329,nl NED,"MF,DF",eng Premier League,22-113,2004.0,9.8,5,0,0,16,17,0,2,3,15,0,0.0,0.0,0.3068181818181818,0.09204545454545454,0.09755954194832298,-0.005514087402868434
174,Arthur Avom,cm CMR,MF,Lorient,fr Ligue 1,21.0,2004.0,28,21,2005,22.3,1,1,2,1,0,0,3,0,0.09,,,,,,,,,,,,,,,,,,,,,,,,,174,cm CMR,MF,fr Ligue 1,21-134,2004.0,22.3,1,20,5,25.0,0.9,0.22,0.05,0.2,0,0,215,cm CMR,MF,fr Ligue 1,21-134,2004.0,28,2005,72,71.9,22.3,21,87.0,17,7,24.0,1,1.29,26,29,-3,-0.13,0.09,174,cm CMR,MF,fr Ligue 1,21-134,2004.0,22.3,3,0,0,21,36,0,43,26,31,1,0.04488778054862842,0.04488778054862842,1.167082294264339,0.3815461346633416,0.38706090583146335,-0.005514771168121768
1630,Rudy Matondo,fr FRA,MF,Auxerre,fr Ligue 1,18.0,2008.0,16,6,614,6.8,0,0,0,0,0,0,3,0,0.0,,,,,,,,,,,,,,,,,,,,,,,,,1630,fr FRA,MF,fr Ligue 1,18-046,2008.0,6.8,0,4,0,0.0,0.59,0.0,0.0,,0,0,2041,fr FRA,MF,fr Ligue 1,18-046,2008.0,16,614,38,22.0,6.8,6,74.0,3,10,17.0,3,0.5,4,8,-4,-0.59,-0.13,1630,fr FRA,MF,fr Ligue 1,18-046,2008.0,6.8,3,0,0,12,9,1,5,7,7,0,0.0,0.0,1.0260586319218241,0.3078175895765472,0.31339072156208186,-0.005573131985534663
2532,Keke Topp,de GER,FW,Werder Bremen,de Bundesliga,22.0,2004.0,20,7,638,7.1,1,1,2,1,0,0,4,0,0.28,,,,,,,,,,,,,,,,,,,,,,,,,2532,de GER,FW,de Bundesliga,22-034,2004.0,7.1,1,25,3,12.0,3.53,0.42,0.04,0.33,0,0,3196,de GER,FW,de Bundesliga,22-034,2004.0,20,638,32,22.9,7.1,7,65.0,1,13,14.0,7,0.9,9,10,-1,-0.14,0.57,2532,de GER,FW,de Bundesliga,22-034,2004.0,7.1,4,0,0,16,7,2,5,1,5,0,0.14106583072100312,0.14106583072100312,0.14106583072100312,0.14106583072100312,0.1466962965874043,-0.005630465866401174
1514,Kristoffer Lund,us USA,"DF,MF",Köln,de Bundesliga,23.0,2002.0,30,23,2019,22.4,0,1,1,0,0,0,2,0,0.04,,,,,,,,,,,,,,,,,,,,,,,,,1514,us USA,"DF,MF",de Bundesliga,23-349,2002.0,22.4,0,19,3,15.8,0.85,0.13,0.0,0.0,0,0,1901,us USA,"DF,MF",de Bundesliga,23-349,2002.0,30,2019,67,72.4,22.4,23,81.0,11,7,24.0,1,1.03,31,38,-7,-0.31,-0.2,1514,us USA,"DF,MF",de Bundesliga,23-349,2002.0,22.4,2,0,0,12,36,3,81,27,25,0,0.0,0.04457652303120356,1.2035661218424962,0.37444279346210996,0.38017092123831153,-0.005728127776201575
203,Carlos Baleba,cm CMR,MF,Brighton,eng Premier League,22.0,2004.0,27,20,1385,15.4,0,0,0,0,0,0,5,0,0.0,,,,,,,,,,,,,,,,,,,,,,,,,203,cm CMR,MF,eng Premier League,22-115,2004.0,15.4,0,15,1,6.7,0.97,0.06,0.0,0.0,0,0,255,cm CMR,MF,eng Premier League,22-115,2004.0,27,1385,51,45.3,15.4,20,65.0,3,7,13.0,1,1.48,17,18,-1,-0.06,-0.6,203,cm CMR,MF,eng Premier League,22-115,2004.0,15.4,5,0,0,28,16,0,0,25,16,0,0.0,0.0,1.6245487364620939,0.48736462093862815,0.4931236115680544,-0.005758990629426253
1859,Tanguy Nianzou,fr FRA,DF,Sevilla,es La Liga,23.0,2002.0,12,8,655,7.3,0,0,0,0,0,0,5,1,0.0,,,,,,,,,,,,,,,,,,,,,,,,,1859,fr FRA,DF,es La Liga,23-325,2002.0,7.3,0,9,0,0.0,1.24,0.0,0.0,,0,0,2329,fr FRA,DF,es La Liga,23-325,2002.0,12,655,55,22.1,7.3,8,68.0,2,4,28.0,4,1.08,7,16,-9,-1.24,-1.0,1859,fr FRA,DF,es La Liga,23-325,2002.0,7.3,5,1,0,15,6,0,0,4,10,0,0.0,0.0,0.549618320610687,0.1648854961832061,0.17067057886445508,-0.005785082681248971
1432,Youssef Lekhedim,es ESP,"DF,MF",Alavés,es La Liga,20.0,2005.0,23,13,1266,14.1,0,1,1,0,0,0,6,0,0.07,,,,,,,,,,,,,,,,,,,,,,,,,1432,es ESP,"DF,MF",es La Liga,20-203,2005.0,14.1,0,10,2,20.0,0.71,0.14,0.0,0.0,0,0,1791,es ESP,"DF,MF",es La Liga,20-203,2005.0,23,1266,55,42.6,14.1,13,83.0,7,10,19.0,8,1.08,19,21,-2,-0.14,0.33,1432,es ESP,"DF,MF",es La Liga,20-203,2005.0,14.1,6,0,0,22,12,0,60,12,8,0,0.0,0.07109004739336493,0.8530805687203792,0.2772511848341232,0.28332297374047205,-0.006071788906348852
2104,Ugo Raghouber,fr FRA,MF,Levante,es La Liga,22.0,2003.0,12,8,640,7.1,0,0,0,0,0,0,1,0,0.0,,,,,,,,,,,,,,,,,,,,,,,,,2104,fr FRA,MF,es La Liga,22-289,2003.0,7.1,0,3,0,0.0,0.42,0.0,0.0,,0,0,2652,fr FRA,MF,es La Liga,22-289,2003.0,12,640,53,21.5,7.1,8,71.0,2,4,19.0,1,1.5,6,7,-1,-0.14,0.32,2104,fr FRA,MF,es La Liga,22-289,2003.0,7.1,1,0,0,8,14,1,1,12,9,0,0.0,0.0,1.6875,0.50625,0.5125994440268493,-0.006349444026849338
1071,Albian Hajdari,xk KVX,DF,Hoffenheim,de Bundesliga,22.0,2003.0,27,25,2190,24.3,1,2,3,1,0,0,9,0,0.12,,,,,,,,,,,,,,,,,,,,,,,,,1071,xk KVX,DF,de Bundesliga,22-345,2003.0,24.3,1,17,4,23.5,0.7,0.16,0.06,0.25,0,0,1344,xk KVX,DF,de Bundesliga,22-345,2003.0,27,2190,81,78.5,24.3,25,85.0,18,2,32.0,1,1.81,48,32,16,0.66,0.66,1071,xk KVX,DF,de Bundesliga,22-345,2003.0,24.3,9,0,0,40,23,0,17,35,36,0,0.0410958904109589,0.0821917808219178,1.4383561643835616,0.4726027397260274,0.47907623079507317,-0.006473491069045767
1763,Cristhian Mosquera,es ESP,DF,Arsenal,eng Premier League,21.0,2004.0,16,7,761,8.5,0,0,0,0,0,0,3,0,0.0,,,,,,,,,,,,,,,,,,,,,,,,,1763,es ESP,DF,eng Premier League,21-305,2004.0,8.5,0,1,0,0.0,0.12,0.0,0.0,,0,0,2213,es ESP,DF,eng Premier League,21-305,2004.0,16,761,48,24.9,8.5,7,71.0,3,9,30.0,11,1.94,13,7,6,0.71,-0.54,1763,es ESP,DF,eng Premier League,21-305,2004.0,8.5,3,0,0,12,4,1,1,8,19,0,0.0,0.0,0.9461235216819974,0.28383705650459923,0.29035048933282004,-0.006513432828220811
1684,Quentin Merlin,fr FRA,"MF,DF",Rennes,fr Ligue 1,23.0,2002.0,30,24,2263,25.1,1,4,5,1,0,0,1,0,0.2,,,,,,,,,,,,,,,,,,,,,,,,,1684,fr FRA,"MF,DF",fr Ligue 1,23-347,2002.0,25.1,1,24,7,29.2,0.95,0.28,0.04,0.14,0,0,2111,fr FRA,"MF,DF",fr Ligue 1,23-347,2002.0,30,2263,75,81.1,25.1,24,86.0,20,6,32.0,1,1.83,40,35,5,0.2,-1.0,1684,fr FRA,"MF,DF",fr Ligue 1,23-347,2002.0,25.1,1,0,0,17,29,5,140,26,32,0,0.039770216526734424,0.1590808661069377,1.034025629695095,0.3738400353513035,0.38040918104913807,-0.006569145697834566
2541,Alpha Touré,sn SEN,MF,Metz,fr Ligue 1,20.0,2006.0,29,15,1522,16.9,0,1,1,0,0,0,5,0,0.06,,,,,,,,,,,,,,,,,,,,,,,,,2541,sn SEN,MF,fr Ligue 1,20-093,2006.0,16.9,0,16,1,6.3,0.95,0.06,0.0,0.0,0,0,3208,sn SEN,MF,fr Ligue 1,20-093,2006.0,29,1522,52,54.6,16.9,15,81.0,7,14,22.0,1,0.52,15,37,-22,-1.3,-0.09,2541,sn SEN,MF,fr Ligue 1,20-093,2006.0,16.9,5,0,0,27,24,1,12,10,21,0,0.0,0.05913272010512484,0.5913272010512484,0.19513797634691196,0.20177305769518739,-0.006635081348275423
2337,Jenson Seelt,nl NED,DF,Wolfsburg,de Bundesliga,22.0,2003.0,9,8,681,7.6,0,0,0,0,0,0,0,0,0.0,,,,,,,,,,,,,,,,,,,,,,,,,2337,nl NED,DF,de Bundesliga,22-340,2003.0,7.6,0,2,0,0.0,0.26,0.0,0.0,,0,0,2939,nl NED,DF,de Bundesliga,22-340,2003.0,9,681,76,24.4,7.6,8,84.0,7,1,6.0,2,1.22,15,17,-2,-0.26,0.72,2337,nl NED,DF,de Bundesliga,22-340,2003.0,7.6,0,0,0,5,6,0,0,5,9,1,0.0,0.0,0.6607929515418502,0.19823788546255508,0.2049296724449799,-0.006691786982424813
1604,Mario Martín,es ESP,"MF,FW",Getafe,es La Liga,22.0,2004.0,31,22,1818,20.2,2,1,3,2,0,0,10,0,0.15,,,,,,,,,,,,,,,,,,,,,,,,,1604,es ESP,"MF,FW",es La Liga,22-054,2004.0,20.2,2,24,5,20.8,1.19,0.25,0.08,0.4,0,0,2012,es ESP,"MF,FW",es La Liga,22-054,2004.0,31,1818,59,61.2,20.2,22,70.0,5,9,32.0,0,1.23,15,25,-10,-0.5,-0.81,1604,es ESP,"MF,FW",es La Liga,22-054,2004.0,20.2,10,0,0,59,28,3,12,15,30,0,0.099009900990099,0.0495049504950495,0.7425742574257425,0.2772277227722772,0.2839748317249948,-0.006747108952717629
1802,Junior Mwanga,fr FRA,"DF,MF",Strasbourg,fr Ligue 1,22.0,2003.0,5,5,377,4.2,0,0,0,0,0,0,0,0,0.0,,,,,,,,,,,,,,,,,,,,,,,,,1802,fr FRA,"DF,MF",fr Ligue 1,22-352,2003.0,4.2,0,1,0,0.0,0.24,0.0,0.0,,0,0,2258,fr FRA,"DF,MF",fr Ligue 1,22-352,2003.0,5,377,75,14.0,4.2,5,75.0,3,0,,2,1.8,3,6,-3,-0.72,-1.22,1802,fr FRA,"DF,MF",fr Ligue 1,22-352,2003.0,4.2,0,0,0,9,2,0,4,1,8,0,0.0,0.0,0.23872679045092837,0.0716180371352785,0.07837824502203143,-0.006760207886752925
1511,Castello Lukeba,fr FRA,DF,RB Leipzig,de Bundesliga,23.0,2002.0,23,22,1951,21.7,1,0,1,1,0,0,2,0,0.05,,,,,,,,,,,,,,,,,,,,,,,,,1511,fr FRA,DF,de Bundesliga,23-132,2002.0,21.7,1,8,2,25.0,0.37,0.09,0.13,0.5,0,0,1896,fr FRA,DF,de Bundesliga,23-132,2002.0,23,1951,85,69.9,21.7,22,88.0,20,1,9.0,2,2.0,46,26,20,0.92,0.49,1511,fr FRA,DF,de Bundesliga,23-132,2002.0,21.7,2,0,0,10,8,1,3,30,11,0,0.04613018964633521,0.0,1.3839056893900565,0.433623782675551,0.44074821670951825,-0.007124434033967231
2281,Buba Sangaré,es ESP,"DF,MF",Elche,es La Liga,18.0,2007.0,8,6,401,4.5,0,0,0,0,0,0,2,0,0.0,,,,,,,,,,,,,,,,,,,,,,,,,2281,es ESP,"DF,MF",es La Liga,18-265,2007.0,4.5,0,2,0,0.0,0.45,0.0,0.0,,0,0,2870,es ESP,"DF,MF",es La Liga,18-265,2007.0,8,401,50,13.5,4.5,6,62.0,0,2,14.0,2,1.5,4,7,-3,-0.67,-0.57,2281,es ESP,"DF,MF",es La Liga,18-265,2007.0,4.5,2,0,0,16,6,0,9,5,10,0,0.0,0.0,1.1221945137157108,0.33665835411471323,0.34384512999352346,-0.007186775878810225
2750,Jan Ziółkowski,pl POL,DF,Roma,it Serie A,20.0,2005.0,15,5,475,5.3,0,0,0,0,0,0,2,0,0.0,,,,,,,,,,,,,,,,,,,,,,,,,2750,pl POL,DF,it Serie A,20-327,2005.0,5.3,0,0,0,0.0,0.0,0.0,,,0,0,3461,pl POL,DF,it Serie A,20-327,2005.0,15,475,32,15.5,5.3,5,72.0,3,10,12.0,17,1.8,9,5,4,0.76,0.24,2750,pl POL,DF,it Serie A,20-327,2005.0,5.3,2,0,0,11,8,0,0,7,14,0,0.0,0.0,1.3263157894736841,0.39789473684210525,0.405282817706712,-0.007388080864606739
2710,Yehor Yarmoliuk,ua UKR,MF,Brentford,eng Premier League,22.0,2004.0,34,27,2403,26.7,1,2,3,1,0,0,7,0,0.11,,,,,,,,,,,,,,,,,,,,,,,,,2710,ua UKR,MF,eng Premier League,22-058,2004.0,26.7,1,15,4,26.7,0.56,0.15,0.07,0.25,0,0,3411,ua UKR,MF,eng Premier League,22-058,2004.0,34,2403,71,78.5,26.7,27,82.0,14,7,26.0,0,1.41,37,38,-1,-0.04,-0.59,2710,ua UKR,MF,eng Premier League,22-058,2004.0,26.7,7,0,0,35,10,1,28,27,40,0,0.03745318352059925,0.0749063670411985,1.0112359550561798,0.3408239700374532,0.3484362309293678,-0.007612260891914635
1949,Ángel Ortíz,es ESP,DF,Real Betis,es La Liga,21.0,2004.0,13,7,584,6.5,0,0,0,0,0,0,1,0,0.0,,,,,,,,,,,,,,,,,,,,,,,,,1949,es ESP,DF,es La Liga,21-277,2004.0,6.5,0,1,0,0.0,0.15,0.0,0.0,,0,0,2445,es ESP,DF,es La Liga,21-277,2004.0,13,584,45,19.7,6.5,7,72.0,2,6,14.0,13,1.54,5,9,-4,-0.62,-1.07,1949,es ESP,DF,es La Liga,21-277,2004.0,6.5,1,0,0,9,9,0,19,1,19,0,0.0,0.0,0.1541095890410959,0.046232876712328765,0.05393678674448487,-0.0077039100321561055
211,Aladji Bamba,fr FRA,MF,Monaco,fr Ligue 1,19.0,2006.0,15,9,656,7.3,0,1,1,0,0,0,2,0,0.14,,,,,,,,,,,,,,,,,,,,,,,,,211,fr FRA,MF,fr Ligue 1,19-288,2006.0,7.3,0,1,1,100.0,0.14,0.14,0.0,0.0,0,0,265,fr FRA,MF,fr Ligue 1,19-288,2006.0,15,656,44,23.5,7.3,9,60.0,1,6,20.0,8,2.4,13,12,1,0.14,-0.12,211,fr FRA,MF,fr Ligue 1,19-288,2006.0,7.3,2,0,0,21,15,0,3,7,17,0,0.0,0.13719512195121952,0.9603658536585367,0.32926829268292684,0.33706742408649354,-0.007799131403566695
428,Amady Camara,ml MLI,FW,Nantes,fr Ligue 1,20.0,2005.0,10,1,171,1.9,0,0,0,0,0,0,0,0,0.0,,,,,,,,,,,,,,,,,,,,,,,,,428,ml MLI,FW,fr Ligue 1,20-335,2005.0,1.9,0,6,0,0.0,3.16,0.0,0.0,,0,0,528,ml MLI,FW,fr Ligue 1,20-335,2005.0,10,171,17,6.1,1.9,1,45.0,0,9,14.0,7,0.6,4,5,-1,-0.53,0.3,428,ml MLI,FW,fr Ligue 1,20-335,2005.0,1.9,0,0,0,3,2,0,17,1,3,0,0.0,0.0,0.5263157894736842,0.15789473684210525,0.16569727698643877,-0.007802540144333514
381,Paris Brunner,de GER,FW,Monaco,fr Ligue 1,20.0,2006.0,6,1,117,1.3,0,0,0,0,0,0,1,0,0.0,,,,,,,,,,,,,,,,,,,,,,,,,381,de GER,FW,fr Ligue 1,20-072,2006.0,1.3,0,2,0,0.0,1.54,0.0,0.0,,0,0,477,de GER,FW,fr Ligue 1,20-072,2006.0,6,117,20,4.2,1.3,1,45.0,0,5,14.0,10,2.0,3,2,1,0.77,0.57,381,de GER,FW,fr Ligue 1,20-072,2006.0,1.3,1,0,0,8,1,1,1,1,2,0,0.0,0.0,0.7692307692307693,0.23076923076923078,0.2386102602703252,-0.007841029501094415
1639,Ezra Mayers,bb BRB,DF,West Ham United,eng Premier League,19.0,2007.0,6,0,117,1.3,0,0,0,0,0,0,0,0,0.0,,,,,,,,,,,,,,,,,,,,,,,,,1639,bb BRB,DF,eng Premier League,19-102,2007.0,1.3,0,1,0,0.0,0.77,0.0,0.0,,0,0,2053,bb BRB,DF,eng Premier League,19-102,2007.0,6,117,20,3.8,1.3,0,,0,6,20.0,8,0.33,0,3,-3,-2.31,-1.91,1639,bb BRB,DF,eng Premier League,19-102,2007.0,1.3,0,0,0,0,0,0,3,1,0,0,0.0,0.0,0.7692307692307693,0.23076923076923078,0.2386102602703252,-0.007841029501094415
1334,Enzo Koffi Vinette,fr FRA,DF,Le Havre,fr Ligue 1,20.0,2006.0,11,3,313,3.5,0,0,0,0,0,0,1,0,0.0,,,,,,,,,,,,,,,,,,,,,,,,,1334,fr FRA,DF,fr Ligue 1,20-055,2006.0,3.5,0,4,2,50.0,1.15,0.58,0.0,0.0,0,0,1663,fr FRA,DF,fr Ligue 1,20-055,2006.0,11,313,28,11.2,3.5,3,57.0,0,8,18.0,2,0.91,3,4,-1,-0.29,0.15,1334,fr FRA,DF,fr Ligue 1,20-055,2006.0,3.5,1,0,0,9,8,1,21,7,9,0,0.0,0.0,2.0127795527156547,0.6038338658146963,0.6117735559052037,-0.007939690090507323
1408,Hugo Larsson,se SWE,MF,Eintracht Frankfurt,de Bundesliga,21.0,2004.0,24,20,1731,19.2,2,2,4,2,0,0,0,0,0.21,,,,,,,,,,,,,,,,,,,,,,,,,1408,se SWE,MF,de Bundesliga,21-305,2004.0,19.2,2,13,6,46.2,0.68,0.31,0.15,0.33,0,0,1757,se SWE,MF,de Bundesliga,21-305,2004.0,24,1731,72,62.0,19.2,20,81.0,10,4,29.0,1,1.33,32,30,2,0.1,0.44,1408,se SWE,MF,de Bundesliga,21-305,2004.0,19.2,0,0,0,6,2,0,9,25,9,0,0.10398613518197573,0.10398613518197573,1.2998266897746968,0.46273830155979206,0.4706954153969558,-0.007957113837163743
2643,Jan Virgili,es ESP,"MF,FW",Mallorca,es La Liga,19.0,2006.0,26,18,1620,18.0,2,4,6,2,0,0,0,1,0.33,,,,,,,,,,,,,,,,,,,,,,,,,2643,es ESP,"MF,FW",es La Liga,19-276,2006.0,18.0,2,31,15,48.4,1.72,0.83,0.06,0.13,0,0,3333,es ESP,"MF,FW",es La Liga,19-276,2006.0,26,1620,62,54.5,18.0,18,80.0,5,8,23.0,0,1.08,25,27,-2,-0.11,0.42,2643,es ESP,"MF,FW",es La Liga,19-276,2006.0,18.0,0,1,0,17,22,2,33,6,10,0,0.1111111111111111,0.2222222222222222,0.33333333333333337,0.2111111111111111,0.21922044163743537,-0.00810933052632426
215,Ezechiel Banzuzi,nl NED,MF,RB Leipzig,de Bundesliga,21.0,2005.0,24,2,597,6.6,0,1,1,0,0,0,3,0,0.15,,,,,,,,,,,,,,,,,,,,,,,,,215,nl NED,MF,de Bundesliga,21-071,2005.0,6.6,0,15,4,26.7,2.26,0.6,0.0,0.0,0,0,270,nl NED,MF,de Bundesliga,21-071,2005.0,24,597,25,21.4,6.6,2,65.0,0,22,21.0,3,2.04,6,10,-4,-0.6,-1.75,215,nl NED,MF,de Bundesliga,21-071,2005.0,6.6,3,0,0,14,7,0,5,6,10,0,0.0,0.15075376884422112,0.9045226130653267,0.31658291457286436,0.3246932694155248,-0.008110354842660428
812,Maxime Estève,fr FRA,DF,Burnley,eng Premier League,23.0,2002.0,31,31,2671,29.7,0,0,0,0,0,0,1,0,0.0,,,,,,,,,,,,,,,,,,,,,,,,,812,fr FRA,DF,eng Premier League,23-337,2002.0,29.7,0,10,1,10.0,0.34,0.03,0.0,0.0,0,0,1013,fr FRA,DF,eng Premier League,23-337,2002.0,31,2671,86,87.3,29.7,31,86.0,26,0,,0,0.58,31,64,-33,-1.11,-0.88,812,fr FRA,DF,eng Premier League,23-337,2002.0,29.7,1,0,0,11,12,0,6,33,23,2,0.0,0.0,1.1119430924747284,0.33358292774241854,0.3417137272617595,-0.008130799519340981
1053,Marc Guiu,es ESP,FW,Chelsea,eng Premier League,20.0,2006.0,8,1,257,2.9,0,1,1,0,0,0,1,0,0.35,,,,,,,,,,,,,,,,,,,,,,,,,1053,es ESP,FW,eng Premier League,20-114,2006.0,2.9,0,12,2,16.7,4.2,0.7,0.0,0.0,0,0,1322,es ESP,FW,eng Premier League,20-114,2006.0,8,257,32,8.4,2.9,1,75.0,0,7,26.0,17,1.63,6,2,4,1.4,1.27,1053,es ESP,FW,eng Premier League,20-114,2006.0,2.9,1,0,0,9,2,2,0,0,0,0,0.0,0.35019455252918286,0.0,0.10505836575875485,0.11329545074949694,-0.008237084990742091
2091,Marc Pubill,es ESP,DF,Atlético Madrid,es La Liga,22.0,2003.0,15,11,1066,11.8,0,1,1,0,0,0,1,0,0.08,,,,,,,,,,,,,,,,,,,,,,,,,2091,es ESP,DF,es La Liga,22-312,2003.0,11.8,0,8,2,25.0,0.68,0.17,0.0,0.0,0,0,2633,es ESP,DF,es La Liga,22-312,2003.0,15,1066,71,35.9,11.8,11,88.0,10,4,25.0,15,2.13,22,10,12,1.01,0.68,2091,es ESP,DF,es La Liga,22-312,2003.0,11.8,1,0,0,9,10,1,4,16,9,0,0.0,0.08442776735459662,1.3508442776735459,0.4305816135084427,0.43885988591005826,-0.00827827240161555
654,Justin Devenny,nir NIR,"MF,FW",Crystal Palace,eng Premier League,22.0,2003.0,19,5,616,6.8,1,0,1,0,1,1,0,0,0.0,,,,,,,,,,,,,,,,,,,,,,,,,654,nir NIR,"MF,FW",eng Premier League,22-199,2003.0,6.8,1,13,4,30.8,1.9,0.58,0.0,0.0,1,1,822,nir NIR,"MF,FW",eng Premier League,22-199,2003.0,19,616,32,20.7,6.8,5,82.0,1,14,15.0,12,1.42,6,10,-4,-0.58,-0.62,654,nir NIR,"MF,FW",eng Premier League,22-199,2003.0,6.8,0,0,0,10,6,1,10,0,8,0,0.14610389610389612,0.0,0.0,0.058441558441558454,0.06691059975402548,-0.008469041312467028
162,Dehmaine Assoumani,fr FRA,MF,Nantes,fr Ligue 1,21.0,2005.0,26,14,1272,14.1,1,0,1,1,0,0,5,0,0.07,,,,,,,,,,,,,,,,,,,,,,,,,162,fr FRA,MF,fr Ligue 1,21-011,2005.0,14.1,1,29,7,24.1,2.05,0.5,0.03,0.14,0,0,202,fr FRA,MF,fr Ligue 1,21-011,2005.0,26,1272,49,45.6,14.1,14,74.0,2,12,20.0,0,0.73,14,19,-5,-0.35,0.83,162,fr FRA,MF,fr Ligue 1,21-011,2005.0,14.1,5,0,0,23,20,0,86,16,18,0,0.07075471698113207,0.0,1.1320754716981132,0.36792452830188677,0.3764713155902058,-0.008546787288319035
1301,Mandela Keita,be BEL,MF,Parma,it Serie A,23.0,2002.0,33,32,2662,29.6,0,1,1,0,0,0,1,0,0.03,,,,,,,,,,,,,,,,,,,,,,,,,1301,be BEL,MF,it Serie A,23-353,2002.0,29.6,0,14,3,21.4,0.47,0.1,0.0,0.0,0,0,1618,be BEL,MF,it Serie A,23-353,2002.0,33,2662,81,87.0,29.6,32,83.0,17,1,6.0,0,1.27,17,32,-15,-0.51,-0.51,1301,be BEL,MF,it Serie A,23-353,2002.0,29.6,1,0,0,28,54,0,2,41,43,1,0.0,0.033809166040571,1.386175807663411,0.4259954921111946,0.4345680748888155,-0.008572582777620907
1772,Tarik Muharemovic,ba BIH,DF,Sassuolo,it Serie A,23.0,2003.0,29,29,2565,28.5,2,2,4,2,0,0,6,0,0.14,,,,,,,,,,,,,,,,,,,,,,,,,1772,ba BIH,DF,it Serie A,23-059,2003.0,28.5,2,19,6,31.6,0.67,0.21,0.11,0.33,0,0,2223,ba BIH,DF,it Serie A,23-059,2003.0,29,2565,88,83.8,28.5,29,88.0,28,0,,2,1.24,32,41,-9,-0.32,-1.41,1772,ba BIH,DF,it Serie A,23-059,2003.0,28.5,6,0,0,22,20,0,2,40,24,2,0.07017543859649122,0.07017543859649122,1.4035087719298245,0.4701754385964912,0.4789128126084037,-0.008737374011912491
1828,Cher Ndour,it ITA,MF,Fiorentina,it Serie A,21.0,2004.0,29,17,1600,17.8,2,0,2,2,0,0,2,0,0.11,,,,,,,,,,,,,,,,,,,,,,,,,1828,it ITA,MF,it Serie A,21-275,2004.0,17.8,2,21,7,33.3,1.18,0.39,0.1,0.29,0,0,2293,it ITA,MF,it Serie A,21-275,2004.0,29,1600,55,52.3,17.8,17,78.0,7,12,23.0,5,1.24,16,17,-1,-0.06,0.31,1828,it ITA,MF,it Serie A,21-275,2004.0,17.8,2,0,0,23,21,1,19,12,12,0,0.1125,0.0,0.6749999999999999,0.2475,0.2563816430267491,-0.008881643026749098
756,Simon Ebonog,cm CMR,MF,Le Havre,fr Ligue 1,21.0,2004.0,27,20,1632,18.1,1,0,1,1,0,0,7,0,0.06,,,,,,,,,,,,,,,,,,,,,,,,,756,cm CMR,MF,fr Ligue 1,21-255,2004.0,18.1,1,21,4,19.0,1.16,0.22,0.05,0.25,0,0,946,cm CMR,MF,fr Ligue 1,21-255,2004.0,27,1632,60,58.5,18.1,20,76.0,6,7,16.0,2,1.04,16,30,-14,-0.77,-0.85,756,cm CMR,MF,fr Ligue 1,21-255,2004.0,18.1,7,0,0,27,31,0,13,21,20,0,0.05514705882352941,0.0,1.1580882352941175,0.36948529411764697,0.37845846890728013,-0.008973174789633165
574,Lasso Coulibaly,ci CIV,MF,Auxerre,fr Ligue 1,23.0,2002.0,15,1,304,3.4,0,0,0,0,0,0,1,0,0.0,,,,,,,,,,,,,,,,,,,,,,,,,574,ci CIV,MF,fr Ligue 1,23-191,2002.0,3.4,0,3,0,0.0,0.89,0.0,0.0,,0,0,722,ci CIV,MF,fr Ligue 1,23-191,2002.0,15,304,20,10.9,3.4,1,42.0,0,14,19.0,4,0.6,4,5,-1,-0.3,0.21,574,ci CIV,MF,fr Ligue 1,23-191,2002.0,3.4,1,0,0,9,11,2,18,6,5,0,0.0,0.0,1.776315789473684,0.5328947368421052,0.5419036836418564,-0.009008946799751172
363,Conor Bradley,nir NIR,DF,Liverpool,eng Premier League,22.0,2003.0,15,12,929,10.3,0,1,1,0,0,0,5,0,0.1,,,,,,,,,,,,,,,,,,,,,,,,,363,nir NIR,DF,eng Premier League,22-293,2003.0,10.3,0,6,0,0.0,0.58,0.0,0.0,,0,0,453,nir NIR,DF,eng Premier League,22-293,2003.0,15,929,62,30.4,10.3,12,70.0,3,3,29.0,1,1.47,11,13,-2,-0.19,-0.83,363,nir NIR,DF,eng Premier League,22-293,2003.0,10.3,5,0,0,18,20,1,23,12,15,0,0.0,0.0968783638320775,1.16254036598493,0.37782561894510225,0.3869143380397631,-0.009088719094660858
653,Bahmed Deuff,mr MTN,MF,Nantes,fr Ligue 1,20.0,2006.0,11,1,250,2.8,0,0,0,0,0,0,1,0,0.0,,,,,,,,,,,,,,,,,,,,,,,,,653,mr MTN,MF,fr Ligue 1,20-046,2006.0,2.8,0,7,3,42.9,2.52,1.08,0.0,0.0,0,0,821,mr MTN,MF,fr Ligue 1,20-046,2006.0,11,250,23,9.0,2.8,1,59.0,0,10,19.0,5,0.45,2,12,-10,-3.6,-3.07,653,mr MTN,MF,fr Ligue 1,20-046,2006.0,2.8,1,0,0,6,3,0,1,2,3,0,0.0,0.0,0.72,0.216,0.22514264066767933,-0.009142640667679336
1443,Johann Lepenant,fr FRA,MF,Nantes,fr Ligue 1,23.0,2002.0,25,21,1993,22.1,0,1,1,0,0,0,4,0,0.05,,,,,,,,,,,,,,,,,,,,,,,,,1443,fr FRA,MF,fr Ligue 1,23-188,2002.0,22.1,0,20,5,25.0,0.9,0.23,0.0,0.0,0,0,1807,fr FRA,MF,fr Ligue 1,23-188,2002.0,25,1993,80,71.4,22.1,21,87.0,15,4,40.0,0,0.6,18,32,-14,-0.63,0.61,1443,fr FRA,MF,fr Ligue 1,23-188,2002.0,22.1,4,0,0,26,44,0,67,23,45,0,0.0,0.04515805318615153,1.0386352232814853,0.32513798294029106,0.334297976087041,-0.009159993146749923
777,Jeff Ekhator,it ITA,FW,Genoa,it Serie A,19.0,2006.0,27,7,790,8.8,3,0,3,3,0,0,3,0,0.34,,,,,,,,,,,,,,,,,,,,,,,,,777,it ITA,FW,it Serie A,19-168,2006.0,8.8,3,16,4,25.0,1.82,0.46,0.19,0.75,0,0,971,it ITA,FW,it Serie A,19-168,2006.0,27,790,29,25.8,8.8,7,60.0,0,20,18.0,7,1.07,12,14,-2,-0.23,0.01,777,it ITA,FW,it Serie A,19-168,2006.0,8.8,3,0,0,19,18,10,9,1,8,0,0.34177215189873417,0.0,0.11392405063291139,0.17088607594936708,0.18027338969011322,-0.00938731374074614
1801,Joel Mvuka,no NOR,"MF,DF",Lorient,fr Ligue 1,23.0,2002.0,15,5,560,6.2,0,0,0,0,0,0,0,0,0.0,,,,,,,,,,,,,,,,,,,,,,,,,1801,no NOR,"MF,DF",fr Ligue 1,23-167,2002.0,6.2,0,8,1,12.5,1.29,0.16,0.0,0.0,0,0,2257,no NOR,"MF,DF",fr Ligue 1,23-167,2002.0,15,560,37,20.1,6.2,5,76.0,1,10,18.0,5,1.2,5,18,-13,-2.09,-2.41,1801,no NOR,"MF,DF",fr Ligue 1,23-167,2002.0,6.2,0,0,0,4,11,1,12,6,13,0,0.0,0.0,0.9642857142857143,0.28928571428571426,0.2987568243662887,-0.00947111008057444
1626,Pape Matar Sarr,sn SEN,MF,Tottenham Hotspur,eng Premier League,23.0,2002.0,23,13,1356,15.1,2,3,5,2,0,0,2,0,0.33,,,,,,,,,,,,,,,,,,,,,,,,,1626,sn SEN,MF,eng Premier League,23-226,2002.0,15.1,2,16,6,37.5,1.06,0.4,0.13,0.33,0,0,2037,sn SEN,MF,eng Premier League,23-226,2002.0,23,1356,59,44.3,15.1,13,89.0,11,10,21.0,2,1.0,20,22,-2,-0.13,0.29,1626,sn SEN,MF,eng Premier League,23-226,2002.0,15.1,2,0,0,26,13,3,7,13,21,0,0.1327433628318584,0.19911504424778761,0.8628318584070797,0.37168141592920356,0.3812451292257952,-0.009563713296591614
1024,Brajan Gruda,de GER,MF,Brighton,eng Premier League,21.0,2004.0,18,8,719,8.0,1,1,2,1,0,0,2,0,0.25,,,,,,,,,,,,,,,,,,,,,,,,,1024,de GER,MF,eng Premier League,21-332,2004.0,8.0,1,16,6,37.5,2.0,0.75,0.06,0.17,0,0,1290,de GER,MF,eng Premier League,21-332,2004.0,18,719,40,23.5,8.0,8,69.0,0,10,17.0,1,1.28,14,11,3,0.38,0.14,1024,de GER,MF,eng Premier League,21-332,2004.0,8.0,2,0,0,11,14,2,14,2,5,0,0.12517385257301808,0.12517385257301808,0.25034770514603616,0.1627260083449235,0.17239956713141463,-0.009673558786491121
1945,Gaetano Oristanio,it ITA,"FW,MF",Parma,it Serie A,23.0,2002.0,20,8,859,9.5,1,0,1,1,0,0,1,0,0.1,,,,,,,,,,,,,,,,,,,,,,,,,1945,it ITA,"FW,MF",it Serie A,23-212,2002.0,9.5,1,24,4,16.7,2.51,0.42,0.04,0.25,0,0,2439,it ITA,"FW,MF",it Serie A,23-212,2002.0,20,859,43,28.1,9.5,8,65.0,0,12,28.0,7,1.25,7,13,-6,-0.63,-0.26,1945,it ITA,"FW,MF",it Serie A,23-212,2002.0,9.5,1,0,0,13,20,4,16,2,6,0,0.10477299185098952,0.0,0.20954598370197905,0.10477299185098952,0.11451856633767891,-0.00974557448668939
1853,Nathan Ngoy,be BEL,DF,Lille,fr Ligue 1,22.0,2003.0,26,24,2135,23.7,1,2,3,1,0,0,9,1,0.13,,,,,,,,,,,,,,,,,,,,,,,,,1853,be BEL,DF,fr Ligue 1,22-322,2003.0,23.7,1,18,5,27.8,0.76,0.21,0.06,0.2,0,0,2323,be BEL,DF,fr Ligue 1,22-322,2003.0,26,2135,82,76.5,23.7,24,88.0,23,2,14.0,2,1.85,36,28,8,0.34,-0.76,1853,be BEL,DF,fr Ligue 1,22-322,2003.0,23.7,9,1,0,16,10,0,6,36,19,0,0.04215456674473068,0.08430913348946135,1.5175644028103044,0.49742388758782197,0.5072141051163402,-0.009790217528518275
806,Francesco Esposito,it ITA,FW,Inter,it Serie A,20.0,2005.0,32,13,1409,15.7,6,3,9,6,0,0,1,0,0.57,,,,,,,,,,,,,,,,,,,,,,,,,806,it ITA,FW,it Serie A,20-304,2005.0,15.7,6,55,22,40.0,3.51,1.41,0.11,0.27,0,0,1005,it ITA,FW,it Serie A,20-304,2005.0,32,1409,44,46.0,15.7,13,74.0,4,19,23.0,1,2.38,33,14,19,1.21,-0.42,806,it ITA,FW,it Serie A,20-304,2005.0,15.7,1,0,0,27,43,2,3,5,4,0,0.38325053229240597,0.19162526614620298,0.3193754435770049,0.3066004258339248,0.31647078106468157,-0.0098703552307568
1716,Yankuba Minteh,gm GAM,MF,Brighton,eng Premier League,21.0,2004.0,30,23,2077,23.1,2,4,6,2,0,0,3,0,0.26,,,,,,,,,,,,,,,,,,,,,,,,,1716,gm GAM,MF,eng Premier League,21-280,2004.0,23.1,2,38,10,26.3,1.65,0.43,0.05,0.2,0,0,2150,gm GAM,MF,eng Premier League,21-280,2004.0,30,2077,69,67.9,23.1,23,82.0,9,7,27.0,2,1.33,35,29,6,0.26,-0.01,1716,gm GAM,MF,eng Premier League,21-280,2004.0,23.1,3,0,0,28,21,10,123,13,33,0,0.08666345690900337,0.17332691381800674,0.5633124699085219,0.25565719788155994,0.2658641622480679,-0.010206964366507976
595,Jair Cunha,br BRA,DF,Nottingham Forest,eng Premier League,21.0,2005.0,5,3,313,3.5,0,0,0,0,0,0,0,0,0.0,,,,,,,,,,,,,,,,,,,,,,,,,595,br BRA,DF,eng Premier League,21-052,2005.0,3.5,0,2,0,0.0,0.58,0.0,0.0,,0,0,748,br BRA,DF,eng Premier League,21-052,2005.0,5,313,63,10.2,3.5,3,76.0,2,2,42.0,14,1.4,10,5,5,1.44,1.73,595,br BRA,DF,eng Premier League,21-052,2005.0,3.5,0,0,0,0,4,0,1,3,3,0,0.0,0.0,0.8626198083067093,0.25878594249201275,0.26900760190710077,-0.010221659415088014
1585,Luca Marianucci,it ITA,DF,Torino,it Serie A,21.0,2004.0,7,3,350,3.9,0,0,0,0,0,0,1,0,0.0,,,,,,,,,,,,,,,,,,,,,,,,,1585,it ITA,DF,it Serie A,21-279,2004.0,3.9,0,0,0,0.0,0.0,0.0,,,0,0,1986,it ITA,DF,it Serie A,21-279,2004.0,7,350,50,11.4,3.9,3,88.0,2,4,22.0,5,1.71,6,5,1,0.26,0.85,1585,it ITA,DF,it Serie A,21-279,2004.0,3.9,1,0,0,7,0,0,3,6,4,0,0.0,0.0,1.542857142857143,0.46285714285714286,0.4732468759431094,-0.010389733085966524
1803,Junior Mwanga,fr FRA,MF,Nantes,fr Ligue 1,22.0,2003.0,15,15,1260,14.0,1,1,2,1,0,0,2,1,0.14,,,,,,,,,,,,,,,,,,,,,,,,,1803,fr FRA,MF,fr Ligue 1,22-352,2003.0,14.0,1,9,3,33.3,0.64,0.21,0.11,0.33,0,0,2259,fr FRA,MF,fr Ligue 1,22-352,2003.0,15,1260,84,45.2,14.0,15,84.0,12,0,,0,0.73,15,27,-12,-0.86,-0.09,1803,fr FRA,MF,fr Ligue 1,22-352,2003.0,14.0,2,1,0,15,14,0,5,8,14,0,0.07142857142857142,0.07142857142857142,0.5714285714285714,0.2214285714285714,0.23213957724499792,-0.010711005816426533
1361,Arsène Kouassi,bf BFA,MF,Lorient,fr Ligue 1,21.0,2004.0,28,27,2335,25.9,2,5,7,2,0,0,4,0,0.27,,,,,,,,,,,,,,,,,,,,,,,,,1361,bf BFA,MF,fr Ligue 1,21-229,2004.0,25.9,2,7,4,57.1,0.27,0.15,0.29,0.5,0,0,1697,bf BFA,MF,fr Ligue 1,21-229,2004.0,28,2335,83,83.7,25.9,27,84.0,18,1,77.0,0,1.29,33,37,-4,-0.15,0.04,1361,bf BFA,MF,fr Ligue 1,21-229,2004.0,25.9,4,0,0,13,50,10,110,20,17,0,0.07708779443254818,0.19271948608137046,0.7708779443254818,0.3199143468950749,0.33062938558912564,-0.010715038694050716
201,Alejandro Balde,es ESP,DF,Barcelona,es La Liga,22.0,2003.0,24,19,1653,18.4,0,2,2,0,0,0,2,0,0.11,,,,,,,,,,,,,,,,,,,,,,,,,201,es ESP,DF,es La Liga,22-192,2003.0,18.4,0,8,1,12.5,0.44,0.05,0.0,0.0,0,0,252,es ESP,DF,es La Liga,22-192,2003.0,24,1653,69,55.7,18.4,19,77.0,7,5,36.0,2,2.42,46,19,27,1.47,-0.58,201,es ESP,DF,es La Liga,22-192,2003.0,18.4,2,0,0,14,22,4,23,6,19,0,0.0,0.10889292196007261,0.32667876588021777,0.13067150635208713,0.1414742387091853,-0.010802732357098166
2292,Andrey Santos,br BRA,MF,Chelsea,eng Premier League,21.0,2004.0,24,11,1075,11.9,0,0,0,0,0,0,4,0,0.0,,,,,,,,,,,,,,,,,,,,,,,,,2292,br BRA,MF,eng Premier League,21-360,2004.0,11.9,0,9,1,11.1,0.75,0.08,0.0,0.0,0,0,2882,br BRA,MF,eng Premier League,21-360,2004.0,24,1075,45,35.1,11.9,11,70.0,3,13,23.0,9,1.5,17,16,1,0.08,-0.23,2292,br BRA,MF,eng Premier League,21-360,2004.0,11.9,4,0,0,12,20,1,2,18,15,0,0.0,0.0,1.5069767441860467,0.45209302325581396,0.4629670417133782,-0.01087401845756425
961,Gvidas Gineitis,lt LTU,MF,Torino,it Serie A,22.0,2004.0,26,20,1531,17.0,0,1,1,0,0,0,4,0,0.06,,,,,,,,,,,,,,,,,,,,,,,,,961,lt LTU,MF,it Serie A,22-013,2004.0,17.0,0,22,4,18.2,1.29,0.24,0.0,0.0,0,0,1210,lt LTU,MF,it Serie A,22-013,2004.0,26,1531,59,50.0,17.0,20,72.0,6,6,17.0,5,1.31,17,28,-11,-0.65,-0.29,961,lt LTU,MF,it Serie A,22-013,2004.0,17.0,4,0,0,35,31,0,56,20,24,0,0.0,0.05878510777269758,1.1757021554539517,0.37034617896799477,0.38138373998105185,-0.011037561013057084
563,Paco Cortés,es ESP,"MF,FW",Levante,es La Liga,18.0,2007.0,12,4,472,5.2,0,0,0,0,0,0,2,0,0.0,,,,,,,,,,,,,,,,,,,,,,,,,563,es ESP,"MF,FW",es La Liga,18-260,2007.0,5.2,0,12,4,33.3,2.29,0.76,0.0,0.0,0,0,708,es ESP,"MF,FW",es La Liga,18-260,2007.0,12,472,39,15.9,5.2,4,73.0,0,8,23.0,7,1.08,5,6,-1,-0.19,0.24,563,es ESP,"MF,FW",es La Liga,18-260,2007.0,5.2,2,0,0,6,6,1,20,2,1,0,0.0,0.0,0.3813559322033898,0.11440677966101694,0.12547394851293037,-0.011067168851913431
1446,Louis Leroux,fr FRA,"MF,DF",Nantes,fr Ligue 1,20.0,2006.0,21,16,1410,15.7,1,1,2,1,0,0,2,0,0.13,,,,,,,,,,,,,,,,,,,,,,,,,1446,fr FRA,"MF,DF",fr Ligue 1,20-095,2006.0,15.7,1,14,3,21.4,0.89,0.19,0.07,0.33,0,0,1810,fr FRA,"MF,DF",fr Ligue 1,20-095,2006.0,21,1410,67,50.5,15.7,16,79.0,7,5,28.0,2,0.81,13,24,-11,-0.7,0.21,1446,fr FRA,"MF,DF",fr Ligue 1,20-095,2006.0,15.7,2,0,0,11,13,1,30,5,19,0,0.06382978723404256,0.06382978723404256,0.3191489361702128,0.14042553191489363,0.15157248832519774,-0.01114695641030411
2207,Max Rosenfelder,de GER,DF,Freiburg,de Bundesliga,23.0,2003.0,12,5,492,5.5,0,0,0,0,0,0,0,0,0.0,,,,,,,,,,,,,,,,,,,,,,,,,2207,de GER,DF,de Bundesliga,23-077,2003.0,5.5,0,1,0,0.0,0.18,0.0,0.0,,0,0,2773,de GER,DF,de Bundesliga,23-077,2003.0,12,492,41,17.6,5.5,5,81.0,3,7,12.0,2,1.25,6,8,-2,-0.37,-0.13,2207,de GER,DF,de Bundesliga,23-077,2003.0,5.5,0,0,0,2,5,1,0,5,5,1,0.0,0.0,0.9146341463414633,0.274390243902439,0.28559751690650925,-0.011207273004070262
2178,Álvaro Rodríguez,uy URU,FW,Elche,es La Liga,21.0,2004.0,29,20,1835,20.4,5,5,10,5,0,0,1,0,0.49,,,,,,,,,,,,,,,,,,,,,,,,,2178,uy URU,FW,es La Liga,21-288,2004.0,20.4,5,60,18,30.0,2.94,0.88,0.08,0.28,0,0,2741,uy URU,FW,es La Liga,21-288,2004.0,29,1835,63,61.8,20.4,20,83.0,10,9,20.0,3,1.07,26,30,-4,-0.2,-0.04,2178,uy URU,FW,es La Liga,21-288,2004.0,20.4,1,0,0,29,38,16,8,4,10,0,0.24523160762942778,0.24523160762942778,0.19618528610354224,0.23051771117166212,0.24178878134872833,-0.011271070177066217
2740,Aaron Zehnter,de GER,"DF,MF",Wolfsburg,de Bundesliga,21.0,2004.0,20,17,1456,16.2,2,0,2,2,0,0,0,0,0.12,,,,,,,,,,,,,,,,,,,,,,,,,2740,de GER,"DF,MF",de Bundesliga,21-179,2004.0,16.2,2,11,5,45.5,0.68,0.31,0.18,0.4,0,0,3445,de GER,"DF,MF",de Bundesliga,21-179,2004.0,20,1456,73,52.2,16.2,17,85.0,10,3,3.0,5,1.1,23,29,-6,-0.37,0.91,2740,de GER,"DF,MF",de Bundesliga,21-179,2004.0,16.2,0,0,0,2,0,0,36,16,10,0,0.12362637362637363,0.0,0.989010989010989,0.34615384615384615,0.35743237247013526,-0.011278526316289117
1349,Ismaël Koné,ca CAN,MF,Sassuolo,it Serie A,23.0,2002.0,31,30,2484,27.6,6,0,6,6,0,0,5,1,0.22,,,,,,,,,,,,,,,,,,,,,,,,,1349,ca CAN,MF,it Serie A,23-326,2002.0,27.6,6,20,10,50.0,0.72,0.36,0.3,0.6,0,0,1680,ca CAN,MF,it Serie A,23-326,2002.0,31,2484,80,81.2,27.6,30,82.0,10,1,32.0,1,1.45,34,35,-1,-0.04,0.28,1349,ca CAN,MF,it Serie A,23-326,2002.0,27.6,5,1,1,21,48,0,4,10,15,0,0.21739130434782608,0.0,0.3623188405797101,0.19565217391304346,0.20700316518592995,-0.011350991272886496
1913,Wilson Odobert,fr FRA,"MF,FW",Tottenham Hotspur,eng Premier League,21.0,2004.0,24,10,985,10.9,0,2,2,0,0,0,0,0,0.18,,,,,,,,,,,,,,,,,,,,,,,,,1913,fr FRA,"MF,FW",eng Premier League,21-151,2004.0,10.9,0,21,8,38.1,1.92,0.73,0.0,0.0,0,0,2392,fr FRA,"MF,FW",eng Premier League,21-151,2004.0,24,985,41,32.2,10.9,10,68.0,1,14,22.0,2,1.08,16,13,3,0.27,0.84,1913,fr FRA,"MF,FW",eng Premier League,21-151,2004.0,10.9,0,0,0,2,10,2,28,0,8,0,0.0,0.18274111675126906,0.0,0.05482233502538072,0.06620482579316227,-0.011382490767781549
2450,Petar Sucic,hr CRO,MF,Inter,it Serie A,22.0,2003.0,30,17,1433,15.9,1,2,3,1,0,0,5,0,0.19,,,,,,,,,,,,,,,,,,,,,,,,,2450,hr CRO,MF,it Serie A,22-185,2003.0,15.9,1,18,4,22.2,1.13,0.25,0.06,0.25,0,0,3093,hr CRO,MF,it Serie A,22-185,2003.0,30,1433,48,46.8,15.9,17,72.0,5,13,16.0,3,2.23,34,17,17,1.07,-0.7,2450,hr CRO,MF,it Serie A,22-185,2003.0,15.9,5,0,0,25,22,0,26,7,16,0,0.0628053035589672,0.1256106071179344,0.4396371249127704,0.19469644103279832,0.20615121242807685,-0.011454771395278535
1454,Pedro Lima,br BRA,MF,Wolves,eng Premier League,19.0,2006.0,5,1,134,1.5,0,0,0,0,0,0,0,0,0.0,,,,,,,,,,,,,,,,,,,,,,,,,1454,br BRA,MF,eng Premier League,19-301,2006.0,1.5,0,2,0,0.0,1.34,0.0,0.0,,0,0,1824,br BRA,MF,eng Premier League,19-301,2006.0,5,134,27,4.4,1.5,1,85.0,0,4,12.0,9,0.2,0,3,-3,-2.01,-0.94,1454,br BRA,MF,eng Premier League,19-301,2006.0,1.5,0,0,0,3,1,0,6,2,3,0,0.0,0.0,1.3432835820895521,0.4029850746268656,0.4145047525109257,-0.011519677884060109
84,Max Alleyne,eng ENG,DF,Manchester City,eng Premier League,20.0,2005.0,2,2,135,1.5,0,0,0,0,0,0,0,0,0.0,,,,,,,,,,,,,,,,,,,,,,,,,84,eng ENG,DF,eng Premier League,20-281,2005.0,1.5,0,2,1,50.0,1.33,0.67,0.0,0.0,0,0,108,eng ENG,DF,eng Premier League,20-281,2005.0,2,135,68,4.5,1.5,2,68.0,1,0,,4,0.5,1,1,0,0.0,-1.17,84,eng ENG,DF,eng Premier League,20-281,2005.0,1.5,0,0,0,0,0,0,0,3,3,0,0.0,0.0,2.0,0.6,0.6116825425422272,-0.011682542542227226
1957,Sebastian Otoa,dk DEN,DF,Genoa,it Serie A,21.0,2004.0,11,7,649,7.2,0,0,0,0,0,0,1,0,0.0,,,,,,,,,,,,,,,,,,,,,,,,,1957,dk DEN,DF,it Serie A,21-350,2004.0,7.2,0,3,2,66.7,0.42,0.28,0.0,0.0,0,0,2453,dk DEN,DF,it Serie A,21-350,2004.0,11,649,59,21.2,7.2,7,84.0,4,4,16.0,16,1.27,8,14,-6,-0.83,-0.76,1957,dk DEN,DF,it Serie A,21-350,2004.0,7.2,1,0,0,4,12,1,1,8,10,1,0.0,0.0,1.1093990755007705,0.33281972265023113,0.34455668883014523,-0.011736966179914099
266,Jude Bellingham,eng ENG,MF,Real Madrid,es La Liga,22.0,2003.0,23,18,1550,17.2,4,3,7,4,0,0,1,0,0.41,,,,,,,,,,,,,,,,,,,,,,,,,266,eng ENG,MF,es La Liga,22-303,2003.0,17.2,4,45,22,48.9,2.61,1.28,0.09,0.18,0,0,331,eng ENG,MF,es La Liga,22-303,2003.0,23,1550,67,52.2,17.2,18,81.0,12,5,20.0,0,2.17,35,16,19,1.1,-0.04,266,eng ENG,MF,es La Liga,22-303,2003.0,17.2,1,0,0,28,38,2,15,12,33,0,0.23225806451612904,0.17419354838709677,0.6967741935483871,0.35419354838709677,0.3659832588785249,-0.01178971049142813
255,Reda Belahyane,ma MAR,MF,Lazio,it Serie A,21.0,2004.0,12,4,519,5.8,0,1,1,0,0,0,1,1,0.17,,,,,,,,,,,,,,,,,,,,,,,,,255,ma MAR,MF,it Serie A,21-331,2004.0,5.8,0,1,1,100.0,0.17,0.17,0.0,0.0,0,0,319,ma MAR,MF,it Serie A,21-331,2004.0,12,519,43,17.0,5.8,4,79.0,3,8,26.0,21,1.08,3,9,-6,-1.04,-1.39,255,ma MAR,MF,it Serie A,21-331,2004.0,5.8,1,1,0,11,3,0,1,2,5,0,0.0,0.17341040462427745,0.3468208092485549,0.1560693641618497,0.1678852239681107,-0.011815859806261014
74,Carlos Alcaraz,ar ARG,MF,Everton,eng Premier League,23.0,2002.0,17,6,680,7.6,0,1,1,0,0,0,4,0,0.13,,,,,,,,,,,,,,,,,,,,,,,,,74,ar ARG,MF,eng Premier League,23-149,2002.0,7.6,0,18,5,27.8,2.38,0.66,0.0,0.0,0,0,92,ar ARG,MF,eng Premier League,23-149,2002.0,17,680,40,22.2,7.6,6,75.0,0,11,21.0,7,1.24,8,9,-1,-0.13,-0.17,74,ar ARG,MF,eng Premier League,23-149,2002.0,7.6,4,0,0,9,11,1,5,2,8,0,0.0,0.1323529411764706,0.2647058823529412,0.11911764705882352,0.13103304886027725,-0.011915401801453729
1770,Louis Mouton,fr FRA,MF,Angers,fr Ligue 1,23.0,2002.0,30,23,1802,20.0,2,1,3,2,0,0,2,1,0.15,,,,,,,,,,,,,,,,,,,,,,,,,1770,fr FRA,MF,fr Ligue 1,23-329,2002.0,20.0,2,35,8,22.9,1.75,0.4,0.06,0.25,0,0,2221,fr FRA,MF,fr Ligue 1,23-329,2002.0,30,1802,60,64.6,20.0,23,74.0,2,7,16.0,0,1.13,14,26,-12,-0.6,-0.14,1770,fr FRA,MF,fr Ligue 1,23-329,2002.0,20.0,2,1,0,20,16,4,28,12,25,0,0.09988901220865705,0.049944506104328525,0.5993340732519422,0.23473917869034402,0.24665477621042417,-0.011915597520080146
1536,Soungoutou Magassa,fr FRA,MF,West Ham United,eng Premier League,22.0,2003.0,21,11,978,10.9,1,0,1,1,0,0,4,0,0.09,,,,,,,,,,,,,,,,,,,,,,,,,1536,fr FRA,MF,eng Premier League,22-202,2003.0,10.9,1,7,2,28.6,0.64,0.18,0.14,0.5,0,0,1928,fr FRA,MF,eng Premier League,22-202,2003.0,21,978,47,32.0,10.9,11,74.0,2,10,17.0,9,0.76,11,23,-12,-1.1,-0.93,1536,fr FRA,MF,eng Premier League,22-202,2003.0,10.9,4,0,0,17,17,0,9,17,23,0,0.09202453987730062,0.0,1.5644171779141105,0.5061349693251533,0.5180620401115502,-0.011927070786396876
1118,Aaron Hickey,sct SCO,DF,Brentford,eng Premier League,23.0,2002.0,18,7,599,6.7,0,0,0,0,0,0,1,0,0.0,,,,,,,,,,,,,,,,,,,,,,,,,1118,sct SCO,DF,eng Premier League,23-322,2002.0,6.7,0,5,1,20.0,0.75,0.15,0.0,0.0,0,0,1404,sct SCO,DF,eng Premier League,23-322,2002.0,18,599,33,19.6,6.7,7,69.0,1,11,10.0,7,1.5,8,8,0,0.0,-0.11,1118,sct SCO,DF,eng Premier League,23-322,2002.0,6.7,1,0,0,6,8,0,4,7,6,0,0.0,0.0,1.0517529215358932,0.31552587646076796,0.327486346425667,-0.011960469964899023
2574,Destiny Udogie,it ITA,"DF,MF",Tottenham Hotspur,eng Premier League,23.0,2002.0,16,10,1008,11.2,0,1,1,0,0,0,3,0,0.09,,,,,,,,,,,,,,,,,,,,,,,,,2574,it ITA,"DF,MF",eng Premier League,23-151,2002.0,11.2,0,3,1,33.3,0.27,0.09,0.0,0.0,0,0,3249,it ITA,"DF,MF",eng Premier League,23-151,2002.0,16,1008,63,32.9,11.2,10,84.0,6,6,29.0,1,0.81,14,21,-7,-0.62,-0.49,2574,it ITA,"DF,MF",eng Premier League,23-151,2002.0,11.2,3,0,0,14,18,3,22,4,14,0,0.0,0.08928571428571427,0.3571428571428571,0.1339285714285714,0.14589174105138333,-0.011963169622811937
780,Jacques Ekomie,ga GAB,DF,Angers,fr Ligue 1,22.0,2003.0,29,23,2033,22.6,0,0,0,0,0,0,3,0,0.0,,,,,,,,,,,,,,,,,,,,,,,,,780,ga GAB,DF,fr Ligue 1,22-252,2003.0,22.6,0,9,3,33.3,0.4,0.13,0.0,0.0,0,0,974,ga GAB,DF,fr Ligue 1,22-252,2003.0,29,2033,70,72.9,22.6,23,83.0,15,6,19.0,0,1.17,19,31,-12,-0.53,0.06,780,ga GAB,DF,fr Ligue 1,22-252,2003.0,22.6,3,0,0,27,29,6,56,28,29,0,0.0,0.0,1.2395474667978357,0.3718642400393507,0.383873836567718,-0.012009596528367306
1751,Matias Moreno,ar ARG,DF,Levante,es La Liga,22.0,2003.0,23,22,1802,20.0,0,0,0,0,0,0,7,0,0.0,,,,,,,,,,,,,,,,,,,,,,,,,1751,ar ARG,DF,es La Liga,22-216,2003.0,20.0,0,8,0,0.0,0.4,0.0,0.0,,0,0,2199,ar ARG,DF,es La Liga,22-216,2003.0,23,1802,78,60.7,20.0,22,82.0,16,1,6.0,5,1.17,23,21,2,0.1,1.26,1751,ar ARG,DF,es La Liga,22-216,2003.0,20.0,7,0,0,21,19,2,1,31,25,0,0.0,0.0,1.5482796892341844,0.4644839067702553,0.4765681200563279,-0.01208421328607262
2298,Jeremy Sarmiento,ec ECU,MF,Cremonese,it Serie A,23.0,2002.0,7,0,142,1.6,0,0,0,0,0,0,0,0,0.0,,,,,,,,,,,,,,,,,,,,,,,,,2298,ec ECU,MF,it Serie A,23-316,2002.0,1.6,0,2,2,100.0,1.27,1.27,0.0,0.0,0,0,2892,ec ECU,MF,it Serie A,23-316,2002.0,7,142,20,4.6,1.6,0,,0,7,20.0,6,1.0,2,2,0,0.0,0.77,2298,ec ECU,MF,it Serie A,23-316,2002.0,1.6,0,0,0,0,1,0,2,2,2,0,0.0,0.0,1.267605633802817,0.38028169014084506,0.39239337835395205,-0.012111688213106986
609,Kévin Danois,fr FRA,MF,Auxerre,fr Ligue 1,21.0,2004.0,30,29,2564,28.5,3,1,4,3,0,0,3,0,0.14,,,,,,,,,,,,,,,,,,,,,,,,,609,fr FRA,MF,fr Ligue 1,21-304,2004.0,28.5,3,23,7,30.4,0.81,0.25,0.13,0.43,0,0,765,fr FRA,MF,fr Ligue 1,21-304,2004.0,30,2564,85,91.9,28.5,29,88.0,20,1,22.0,1,0.83,26,37,-11,-0.39,1.21,609,fr FRA,MF,fr Ligue 1,21-304,2004.0,28.5,3,0,0,29,25,3,116,37,41,0,0.10530421216848675,0.035101404056162244,1.2987519500780031,0.4422776911076443,0.4544859145473484,-0.012208223439704069
1689,Dayann Methalie,fr FRA,MF,Toulouse,fr Ligue 1,20.0,2006.0,25,20,1736,19.3,0,1,1,0,0,0,7,0,0.05,,,,,,,,,,,,,,,,,,,,,,,,,1689,fr FRA,MF,fr Ligue 1,20-072,2006.0,19.3,0,12,5,41.7,0.62,0.26,0.0,0.0,0,0,2119,fr FRA,MF,fr Ligue 1,20-072,2006.0,25,1736,69,62.2,19.3,20,80.0,6,5,27.0,0,1.0,19,28,-9,-0.47,-1.15,1689,fr FRA,MF,fr Ligue 1,20-072,2006.0,19.3,7,0,0,52,10,0,40,22,26,0,0.0,0.05184331797235023,1.140552995391705,0.3577188940092166,0.36996638573647056,-0.012247491727253978
2627,Lorenzo Venturino,it ITA,MF,Roma,it Serie A,19.0,2006.0,9,1,191,2.1,0,0,0,0,0,0,0,0,0.0,,,,,,,,,,,,,,,,,,,,,,,,,2627,it ITA,MF,it Serie A,19-310,2006.0,2.1,0,4,0,0.0,1.88,0.0,0.0,,0,0,3309,it ITA,MF,it Serie A,19-310,2006.0,9,191,21,6.2,2.1,1,45.0,0,8,18.0,4,1.67,4,1,3,1.41,0.91,2627,it ITA,MF,it Serie A,19-310,2006.0,2.1,0,0,0,0,2,1,23,0,0,0,0.0,0.0,0.0,0.0,0.012316013691387843,-0.012316013691387843
2338,Jenson Seelt,nl NED,DF,Sunderland,eng Premier League,22.0,2003.0,2,1,134,1.5,0,0,0,0,0,0,0,0,0.0,,,,,,,,,,,,,,,,,,,,,,,,,2338,nl NED,DF,eng Premier League,22-340,2003.0,1.5,0,0,0,0.0,0.0,0.0,,,0,0,2940,nl NED,DF,eng Premier League,22-340,2003.0,2,134,67,4.4,1.5,1,52.0,0,1,82.0,1,1.5,0,2,-2,-1.34,-1.13,2338,nl NED,DF,eng Premier League,22-340,2003.0,1.5,0,0,0,1,1,0,1,0,0,0,0.0,0.0,0.0,0.0,0.012316013691387843,-0.012316013691387843
2585,Jonas Urbig,de GER,GK,Bayern Munich,de Bundesliga,22.0,2003.0,11,9,900,10.0,0,0,0,0,0,0,0,0,0.0,165.0,de GER,GK,de Bundesliga,22-263,2003.0,11.0,9.0,900.0,10.0,12.0,1.2,35.0,24.0,68.6,8.0,0.0,1.0,5.0,55.6,2.0,1.0,0.0,1.0,2585,de GER,GK,de Bundesliga,22-263,2003.0,10.0,0,0,0,0.0,0.0,0.0,,,0,0,3261,de GER,GK,de Bundesliga,22-263,2003.0,11,900,82,32.3,10.0,9,90.0,9,2,45.0,17,2.73,34,12,22,2.2,-0.61,2585,de GER,GK,de Bundesliga,22-263,2003.0,10.0,0,0,0,0,1,0,0,0,0,0,0.0,0.0,0.0,0.0,0.012316013691387843,-0.012316013691387843
2308,Razvan Sava,ro ROU,GK,Udinese,it Serie A,23.0,2002.0,7,6,620,6.9,0,0,0,0,0,0,1,0,0.0,142.0,ro ROU,GK,it Serie A,23-311,2002.0,7.0,6.0,620.0,6.9,14.0,2.03,28.0,14.0,50.0,2.0,2.0,2.0,1.0,16.7,0.0,0.0,0.0,0.0,2308,ro ROU,GK,it Serie A,23-311,2002.0,6.9,0,0,0,0.0,0.0,0.0,,,0,0,2904,ro ROU,GK,it Serie A,23-311,2002.0,7,620,89,20.3,6.9,6,90.0,6,1,80.0,23,1.14,7,14,-7,-1.02,-1.09,2308,ro ROU,GK,it Serie A,23-311,2002.0,6.9,1,0,0,0,0,0,0,0,0,0,0.0,0.0,0.0,0.0,0.012316013691387843,-0.012316013691387843
2319,Fynn Schenten,de GER,FW,Köln,de Bundesliga,18.0,2007.0,7,1,100,1.1,0,0,0,0,0,0,0,0,0.0,,,,,,,,,,,,,,,,,,,,,,,,,2319,de GER,FW,de Bundesliga,18-226,2007.0,1.1,0,1,0,0.0,0.9,0.0,0.0,,0,0,2917,de GER,FW,de Bundesliga,18-226,2007.0,7,100,14,3.6,1.1,1,61.0,0,6,7.0,3,0.29,2,6,-4,-3.6,-3.47,2319,de GER,FW,de Bundesliga,18-226,2007.0,1.1,0,0,0,2,0,0,3,0,0,0,0.0,0.0,0.0,0.0,0.012316013691387843,-0.012316013691387843
2629,Bart Verbruggen,nl NED,GK,Brighton,eng Premier League,23.0,2002.0,34,34,3060,34.0,0,0,0,0,0,0,3,0,0.0,170.0,nl NED,GK,eng Premier League,23-253,2002.0,34.0,34.0,3060.0,34.0,39.0,1.15,127.0,92.0,73.2,13.0,11.0,10.0,9.0,26.5,6.0,5.0,1.0,0.0,2629,nl NED,GK,eng Premier League,23-253,2002.0,34.0,0,0,0,0.0,0.0,0.0,,,0,0,3312,nl NED,GK,eng Premier League,23-253,2002.0,34,3060,90,100.0,34.0,34,90.0,34,0,,0,1.47,48,39,9,0.26,,2629,nl NED,GK,eng Premier League,23-253,2002.0,34.0,3,0,0,2,2,0,0,0,1,1,0.0,0.0,0.0,0.0,0.012316013691387843,-0.012316013691387843
2362,Mathys Silestrie,fr FRA,GK,Rennes,fr Ligue 1,20.0,2005.0,1,1,90,1.0,0,0,0,0,0,0,0,0,0.0,147.0,fr FRA,GK,fr Ligue 1,20-224,2005.0,1.0,1.0,90.0,1.0,3.0,3.0,3.0,0.0,0.0,0.0,0.0,1.0,0.0,0.0,0.0,0.0,0.0,0.0,2362,fr FRA,GK,fr Ligue 1,20-224,2005.0,1.0,0,0,0,0.0,0.0,0.0,,,0,0,2978,fr FRA,GK,fr Ligue 1,20-224,2005.0,1,90,90,3.2,1.0,1,90.0,1,0,,28,0.0,1,3,-2,-2.0,-2.47,2362,fr FRA,GK,fr Ligue 1,20-224,2005.0,1.0,0,0,0,0,0,0,0,0,0,0,0.0,0.0,0.0,0.0,0.012316013691387843,-0.012316013691387843
446,Jaydee Canvot,fr FRA,"MF,DF",Toulouse,fr Ligue 1,19.0,2006.0,2,2,180,2.0,0,0,0,0,0,0,1,0,0.0,,,,,,,,,,,,,,,,,,,,,,,,,446,fr FRA,"MF,DF",fr Ligue 1,19-273,2006.0,2.0,0,2,0,0.0,1.0,0.0,0.0,,0,0,550,fr FRA,"MF,DF",fr Ligue 1,19-273,2006.0,2,180,90,6.5,2.0,2,90.0,2,0,,0,3.0,3,0,3,1.5,1.64,446,fr FRA,"MF,DF",fr Ligue 1,19-273,2006.0,2.0,1,0,0,1,0,0,0,0,1,0,0.0,0.0,0.0,0.0,0.012316013691387843,-0.012316013691387843
1551,Andrija Maksimović,rs SRB,FW,RB Leipzig,de Bundesliga,18.0,2007.0,8,0,93,1.0,0,0,0,0,0,0,0,0,0.0,,,,,,,,,,,,,,,,,,,,,,,,,1551,rs SRB,FW,de Bundesliga,18-327,2007.0,1.0,0,2,0,0.0,1.94,0.0,0.0,,0,0,1943,rs SRB,FW,de Bundesliga,18-327,2007.0,8,93,12,3.3,1.0,0,,0,8,12.0,14,1.63,0,2,-2,-1.94,-2.8,1551,rs SRB,FW,de Bundesliga,18-327,2007.0,1.0,0,0,0,1,2,0,2,0,0,0,0.0,0.0,0.0,0.0,0.012316013691387843,-0.012316013691387843
2416,Aboubaka Soumahoro,fr FRA,"MF,DF",Hamburger SV,de Bundesliga,21.0,2005.0,4,2,136,1.5,0,0,0,0,0,0,1,0,0.0,,,,,,,,,,,,,,,,,,,,,,,,,2416,fr FRA,"MF,DF",de Bundesliga,21-083,2005.0,1.5,0,0,0,0.0,0.0,0.0,,,0,0,3046,fr FRA,"MF,DF",de Bundesliga,21-083,2005.0,4,136,34,4.9,1.5,2,52.0,0,2,17.0,7,1.0,0,5,-5,-3.31,-2.94,2416,fr FRA,"MF,DF",de Bundesliga,21-083,2005.0,1.5,1,0,0,3,0,1,1,0,0,0,0.0,0.0,0.0,0.0,0.012316013691387843,-0.012316013691387843
1575,Brad Mantsounga,cg CGO,DF,Nice,fr Ligue 1,18.0,2007.0,1,1,90,1.0,0,0,0,0,0,0,0,0,0.0,,,,,,,,,,,,,,,,,,,,,,,,,1575,cg CGO,DF,fr Ligue 1,18-234,2007.0,1.0,0,0,0,0.0,0.0,0.0,,,0,0,1972,cg CGO,DF,fr Ligue 1,18-234,2007.0,1,90,90,3.2,1.0,1,90.0,1,0,,4,0.0,1,5,-4,-4.0,-3.4,1575,cg CGO,DF,fr Ligue 1,18-234,2007.0,1.0,0,0,0,0,2,0,0,0,3,0,0.0,0.0,0.0,0.0,0.012316013691387843,-0.012316013691387843
290,Lucas Bergström,fi FIN,GK,Mallorca,es La Liga,23.0,2002.0,5,5,450,5.0,0,0,0,0,0,0,1,0,0.0,15.0,fi FIN,GK,es La Liga,23-235,2002.0,5.0,5.0,450.0,5.0,7.0,1.4,22.0,15.0,68.2,1.0,2.0,2.0,2.0,40.0,0.0,0.0,0.0,0.0,290,fi FIN,GK,es La Liga,23-235,2002.0,5.0,0,0,0,0.0,0.0,0.0,,,0,0,362,fi FIN,GK,es La Liga,23-235,2002.0,5,450,90,15.2,5.0,5,90.0,5,0,,22,1.0,4,7,-3,-0.6,-0.35,290,fi FIN,GK,es La Liga,23-235,2002.0,5.0,1,0,0,0,0,0,0,0,0,0,0.0,0.0,0.0,0.0,0.012316013691387843,-0.012316013691387843
2526,Umut Tohumcu,de GER,MF,Hoffenheim,de Bundesliga,21.0,2004.0,5,1,136,1.5,0,0,0,0,0,0,2,0,0.0,,,,,,,,,,,,,,,,,,,,,,,,,2526,de GER,MF,de Bundesliga,21-260,2004.0,1.5,0,2,0,0.0,1.32,0.0,0.0,,0,0,3187,de GER,MF,de Bundesliga,21-260,2004.0,5,136,27,4.9,1.5,1,58.0,0,4,20.0,10,0.8,1,4,-3,-1.99,-2.63,2526,de GER,MF,de Bundesliga,21-260,2004.0,1.5,2,0,0,2,2,0,1,0,1,0,0.0,0.0,0.0,0.0,0.012316013691387843,-0.012316013691387843
2546,James Trafford,eng ENG,GK,Manchester City,eng Premier League,23.0,2002.0,3,3,270,3.0,0,0,0,0,0,0,0,0,0.0,161.0,eng ENG,GK,eng Premier League,23-200,2002.0,3.0,3.0,270.0,3.0,4.0,1.33,14.0,11.0,78.6,1.0,0.0,2.0,1.0,33.3,1.0,1.0,0.0,0.0,2546,eng ENG,GK,eng Premier League,23-200,2002.0,3.0,0,0,0,0.0,0.0,0.0,,,0,0,3215,eng ENG,GK,eng Premier League,23-200,2002.0,3,270,90,9.1,3.0,3,90.0,3,0,,30,1.0,5,4,1,0.33,-0.87,2546,eng ENG,GK,eng Premier League,23-200,2002.0,3.0,0,0,0,0,1,0,0,0,1,0,0.0,0.0,0.0,0.0,0.012316013691387843,-0.012316013691387843
2161,Filippo Rinaldi,it ITA,GK,Parma,it Serie A,23.0,2002.0,1,1,90,1.0,0,0,0,0,0,0,1,0,0.0,130.0,it ITA,GK,it Serie A,23-145,2002.0,1.0,1.0,90.0,1.0,0.0,0.0,4.0,4.0,100.0,0.0,1.0,0.0,1.0,100.0,0.0,0.0,0.0,0.0,2161,it ITA,GK,it Serie A,23-145,2002.0,1.0,0,0,0,0.0,0.0,0.0,,,0,0,2718,it ITA,GK,it Serie A,23-145,2002.0,1,90,90,2.9,1.0,1,90.0,1,0,,33,1.0,0,0,0,0.0,0.45,2161,it ITA,GK,it Serie A,23-145,2002.0,1.0,1,0,0,0,0,0,0,0,0,0,0.0,0.0,0.0,0.0,0.012316013691387843,-0.012316013691387843
2293,Kauã Santos,br BRA,GK,Eintracht Frankfurt,de Bundesliga,23.0,2003.0,13,13,1084,12.0,0,0,0,0,0,0,0,0,0.0,141.0,br BRA,GK,de Bundesliga,23-017,2003.0,13.0,13.0,1084.0,12.0,32.0,2.66,68.0,37.0,54.4,3.0,4.0,6.0,2.0,15.4,1.0,1.0,0.0,0.0,2293,br BRA,GK,de Bundesliga,23-017,2003.0,12.0,0,0,0,0.0,0.0,0.0,,,0,0,2883,br BRA,GK,de Bundesliga,23-017,2003.0,13,1084,83,38.9,12.0,13,83.0,12,0,,9,1.0,27,32,-5,-0.42,-0.57,2293,br BRA,GK,de Bundesliga,23-017,2003.0,12.0,0,0,0,0,3,0,0,0,1,0,0.0,0.0,0.0,0.0,0.012316013691387843,-0.012316013691387843
1374,Vladyslav Krapyvtsov,ua UKR,GK,Girona,es La Liga,20.0,2005.0,2,1,136,1.5,0,0,0,0,0,0,0,0,0.0,77.0,ua UKR,GK,es La Liga,20-307,2005.0,2.0,1.0,136.0,1.5,6.0,3.97,9.0,4.0,44.4,0.0,0.0,1.0,0.0,0.0,1.0,1.0,0.0,0.0,1374,ua UKR,GK,es La Liga,20-307,2005.0,1.5,0,0,0,0.0,0.0,0.0,,,0,0,1711,ua UKR,GK,es La Liga,20-307,2005.0,2,136,68,4.6,1.5,1,90.0,1,1,46.0,22,0.0,1,5,-4,-2.65,-2.33,1374,ua UKR,GK,es La Liga,20-307,2005.0,1.5,0,0,0,0,1,0,0,0,0,0,0.0,0.0,0.0,0.0,0.012316013691387843,-0.012316013691387843
1796,Yunus Musah,us USA,MF,Milan,it Serie A,23.0,2002.0,1,1,90,1.0,0,0,0,0,0,0,0,0,0.0,,,,,,,,,,,,,,,,,,,,,,,,,1796,us USA,MF,it Serie A,23-150,2002.0,1.0,0,0,0,0.0,0.0,0.0,,,0,0,2252,us USA,MF,it Serie A,23-150,2002.0,1,90,90,2.9,1.0,1,90.0,1,0,,1,3.0,2,0,2,2.0,1.42,1796,us USA,MF,it Serie A,23-150,2002.0,1.0,0,0,0,2,2,1,1,0,1,0,0.0,0.0,0.0,0.0,0.012316013691387843,-0.012316013691387843
143,Paul Argney,fr FRA,GK,Le Havre,fr Ligue 1,19.0,2006.0,1,1,90,1.0,0,0,0,0,0,0,0,0,0.0,5.0,fr FRA,GK,fr Ligue 1,19-340,2006.0,1.0,1.0,90.0,1.0,1.0,1.0,3.0,2.0,66.7,1.0,0.0,0.0,0.0,0.0,0.0,0.0,0.0,0.0,143,fr FRA,GK,fr Ligue 1,19-340,2006.0,1.0,0,0,0,0.0,0.0,0.0,,,0,0,178,fr FRA,GK,fr Ligue 1,19-340,2006.0,1,90,90,3.2,1.0,1,90.0,1,0,,3,3.0,2,1,1,1.0,1.47,143,fr FRA,GK,fr Ligue 1,19-340,2006.0,1.0,0,0,0,0,0,0,0,0,0,0,0.0,0.0,0.0,0.0,0.012316013691387843,-0.012316013691387843
2042,Massimo Pessina,it ITA,GK,Bologna,it Serie A,18.0,2007.0,2,1,173,1.9,0,0,0,0,0,0,0,0,0.0,115.0,it ITA,GK,it Serie A,18-124,2007.0,2.0,1.0,173.0,1.9,0.0,0.0,2.0,2.0,100.0,1.0,0.0,0.0,2.0,200.0,0.0,0.0,0.0,0.0,2042,it ITA,GK,it Serie A,18-124,2007.0,1.9,0,0,0,0.0,0.0,0.0,,,0,0,2564,it ITA,GK,it Serie A,18-124,2007.0,2,173,87,5.7,1.9,1,90.0,1,1,83.0,31,3.0,4,0,4,2.08,2.17,2042,it ITA,GK,it Serie A,18-124,2007.0,1.9,0,0,0,0,1,0,0,0,0,0,0.0,0.0,0.0,0.0,0.012316013691387843,-0.012316013691387843
2073,Oumar Pona,fr FRA,GK,Angers,fr Ligue 1,19.0,2006.0,2,2,180,2.0,0,0,0,0,0,0,1,0,0.0,118.0,fr FRA,GK,fr Ligue 1,19-311,2006.0,2.0,2.0,180.0,2.0,7.0,3.5,13.0,6.0,46.2,0.0,0.0,2.0,0.0,0.0,0.0,0.0,0.0,0.0,2073,fr FRA,GK,fr Ligue 1,19-311,2006.0,2.0,0,0,0,0.0,0.0,0.0,,,0,0,2604,fr FRA,GK,fr Ligue 1,19-311,2006.0,2,180,90,6.5,2.0,2,90.0,2,0,,11,0.0,1,7,-6,-3.0,-2.62,2073,fr FRA,GK,fr Ligue 1,19-311,2006.0,2.0,1,0,0,0,2,0,0,0,0,0,0.0,0.0,0.0,0.0,0.012316013691387843,-0.012316013691387843
949,Ismaël Gharbi,tn TUN,MF,Augsburg,de Bundesliga,22.0,2004.0,6,0,94,1.0,0,0,0,0,0,0,0,0,0.0,,,,,,,,,,,,,,,,,,,,,,,,,949,tn TUN,MF,de Bundesliga,22-018,2004.0,1.0,0,3,0,0.0,2.87,0.0,0.0,,0,0,1197,tn TUN,MF,de Bundesliga,22-018,2004.0,6,94,16,3.4,1.0,0,,0,6,16.0,15,0.17,0,0,0,0.0,0.53,949,tn TUN,MF,de Bundesliga,22-018,2004.0,1.0,0,0,0,2,8,0,4,0,1,0,0.0,0.0,0.0,0.0,0.012316013691387843,-0.012316013691387843
838,Frank Feller,de GER,GK,Heidenheim,de Bundesliga,22.0,2004.0,1,1,90,1.0,0,0,0,0,0,0,0,0,0.0,47.0,de GER,GK,de Bundesliga,22-111,2004.0,1.0,1.0,90.0,1.0,2.0,2.0,6.0,4.0,66.7,0.0,0.0,1.0,0.0,0.0,0.0,0.0,0.0,0.0,838,de GER,GK,de Bundesliga,22-111,2004.0,1.0,0,0,0,0.0,0.0,0.0,,,0,0,1049,de GER,GK,de Bundesliga,22-111,2004.0,1,90,90,3.2,1.0,1,90.0,1,0,,15,0.0,0,2,-2,-2.0,-1.03,838,de GER,GK,de Bundesliga,22-111,2004.0,1.0,0,0,0,0,0,0,0,0,0,0,0.0,0.0,0.0,0.0,0.012316013691387843,-0.012316013691387843
845,Dro Fernández,es ESP,MF,Barcelona,es La Liga,18.0,2008.0,4,1,92,1.0,0,0,0,0,0,0,0,0,0.0,,,,,,,,,,,,,,,,,,,,,,,,,845,es ESP,MF,es La Liga,18-106,2008.0,1.0,0,0,0,0.0,0.0,0.0,,,0,0,1060,es ESP,MF,es La Liga,18-106,2008.0,4,92,23,3.1,1.0,1,45.0,0,3,16.0,13,3.0,3,1,2,1.96,0.24,845,es ESP,MF,es La Liga,18-106,2008.0,1.0,0,0,0,1,1,1,0,0,0,0,0.0,0.0,0.0,0.0,0.012316013691387843,-0.012316013691387843
411,Jorge Cabello,es ESP,DF,Levante,es La Liga,22.0,2004.0,5,4,362,4.0,0,0,0,0,0,0,1,0,0.0,,,,,,,,,,,,,,,,,,,,,,,,,411,es ESP,DF,es La Liga,22-003,2004.0,4.0,0,0,0,0.0,0.0,0.0,,,0,0,509,es ESP,DF,es La Liga,22-003,2004.0,5,362,72,12.2,4.0,4,79.0,2,1,45.0,10,0.0,3,9,-6,-1.49,-1.25,411,es ESP,DF,es La Liga,22-003,2004.0,4.0,1,0,0,3,3,0,0,0,3,0,0.0,0.0,0.0,0.0,0.012316013691387843,-0.012316013691387843
763,Noah Edjouma,fr FRA,MF,Lille,fr Ligue 1,20.0,2005.0,3,1,92,1.0,0,0,0,0,0,0,0,0,0.0,,,,,,,,,,,,,,,,,,,,,,,,,763,fr FRA,MF,fr Ligue 1,20-206,2005.0,1.0,0,2,0,0.0,1.96,0.0,0.0,,0,0,955,fr FRA,MF,fr Ligue 1,20-206,2005.0,3,92,31,3.3,1.0,1,60.0,0,2,16.0,3,1.67,1,1,0,0.0,-0.53,763,fr FRA,MF,fr Ligue 1,20-206,2005.0,1.0,0,0,0,1,2,1,6,0,4,0,0.0,0.0,0.0,0.0,0.012316013691387843,-0.012316013691387843
788,Harvey Elliott,eng ENG,MF,Aston Villa,eng Premier League,23.0,2003.0,4,1,112,1.2,0,0,0,0,0,0,0,0,0.0,,,,,,,,,,,,,,,,,,,,,,,,,788,eng ENG,MF,eng Premier League,23-024,2003.0,1.2,0,5,0,0.0,4.02,0.0,0.0,,0,0,982,eng ENG,MF,eng Premier League,23-024,2003.0,4,112,28,3.7,1.2,1,45.0,0,3,22.0,4,1.25,2,2,0,0.0,-0.15,788,eng ENG,MF,eng Premier League,23-024,2003.0,1.2,0,0,0,0,2,0,3,0,0,0,0.0,0.0,0.0,0.0,0.012316013691387843,-0.012316013691387843
785,Melker Ellborg,se SWE,GK,Sunderland,eng Premier League,22.0,2003.0,3,3,270,3.0,0,0,0,0,0,0,0,0,0.0,44.0,se SWE,GK,eng Premier League,22-341,2003.0,3.0,3.0,270.0,3.0,2.0,0.67,12.0,10.0,83.3,2.0,0.0,1.0,1.0,33.3,0.0,0.0,0.0,0.0,785,se SWE,GK,eng Premier League,22-341,2003.0,3.0,0,0,0,0.0,0.0,0.0,,,0,0,979,se SWE,GK,eng Premier League,22-341,2003.0,3,270,90,8.8,3.0,3,90.0,3,0,,7,2.0,3,2,1,0.33,0.66,785,se SWE,GK,eng Premier League,22-341,2003.0,3.0,0,0,0,0,1,0,0,0,0,0,0.0,0.0,0.0,0.0,0.012316013691387843,-0.012316013691387843
1404,Senne Lammens,be BEL,GK,Manchester Utd,eng Premier League,23.0,2002.0,28,28,2520,28.0,0,0,0,0,0,0,0,0,0.0,78.0,be BEL,GK,eng Premier League,23-295,2002.0,28.0,28.0,2520.0,28.0,35.0,1.25,99.0,67.0,68.7,15.0,9.0,4.0,6.0,21.4,4.0,4.0,0.0,0.0,1404,be BEL,GK,eng Premier League,23-295,2002.0,28.0,0,0,0,0.0,0.0,0.0,,,0,0,1753,be BEL,GK,eng Premier League,23-295,2002.0,28,2520,90,82.4,28.0,28,90.0,28,0,,3,1.93,53,35,18,0.64,1.31,1404,be BEL,GK,eng Premier League,23-295,2002.0,28.0,0,0,0,0,3,0,0,0,1,0,0.0,0.0,0.0,0.0,0.012316013691387843,-0.012316013691387843
387,Manu Bueno,es ESP,MF,Sevilla,es La Liga,21.0,2004.0,8,2,272,3.0,0,0,0,0,0,0,2,0,0.0,,,,,,,,,,,,,,,,,,,,,,,,,387,es ESP,MF,es La Liga,21-275,2004.0,3.0,0,2,0,0.0,0.66,0.0,0.0,,0,0,483,es ESP,MF,es La Liga,21-275,2004.0,8,272,34,9.2,3.0,2,67.0,0,6,23.0,22,1.88,5,2,3,0.99,1.59,387,es ESP,MF,es La Liga,21-275,2004.0,3.0,2,0,0,4,3,0,2,0,1,0,0.0,0.0,0.0,0.0,0.012316013691387843,-0.012316013691387843
2188,Robin Roefs,nl NED,GK,Sunderland,eng Premier League,23.0,2003.0,31,31,2790,31.0,0,0,0,0,0,0,3,0,0.0,132.0,nl NED,GK,eng Premier League,23-101,2003.0,31.0,31.0,2790.0,31.0,43.0,1.39,136.0,96.0,69.9,10.0,10.0,11.0,9.0,29.0,3.0,2.0,1.0,0.0,2188,nl NED,GK,eng Premier League,23-101,2003.0,31.0,0,0,0,0.0,0.0,0.0,,,0,0,2751,nl NED,GK,eng Premier League,23-101,2003.0,31,2790,90,91.2,31.0,31,90.0,31,0,,0,1.29,33,43,-10,-0.32,-0.66,2188,nl NED,GK,eng Premier League,23-101,2003.0,31.0,3,0,0,0,11,0,0,0,0,0,0.0,0.0,0.0,0.0,0.012316013691387843,-0.012316013691387843
1322,Antonín Kinský,cz CZE,GK,Tottenham Hotspur,eng Premier League,23.0,2003.0,3,3,270,3.0,0,0,0,0,0,0,0,0,0.0,72.0,cz CZE,GK,eng Premier League,23-046,2003.0,3.0,3.0,270.0,3.0,3.0,1.0,7.0,4.0,57.1,1.0,1.0,1.0,1.0,33.3,0.0,0.0,0.0,0.0,1322,cz CZE,GK,eng Premier League,23-046,2003.0,3.0,0,0,0,0.0,0.0,0.0,,,0,0,1643,cz CZE,GK,eng Premier League,23-046,2003.0,3,270,90,8.8,3.0,3,90.0,3,0,,30,1.33,3,3,0,0.0,0.32,1322,cz CZE,GK,eng Premier League,23-046,2003.0,3.0,0,0,0,0,1,0,0,0,0,0,0.0,0.0,0.0,0.0,0.012316013691387843,-0.012316013691387843
1043,Idrissa Guèye,sn SEN,FW,Metz,fr Ligue 1,19.0,2006.0,3,1,132,1.5,0,0,0,0,0,0,0,0,0.0,,,,,,,,,,,,,,,,,,,,,,,,,1043,sn SEN,FW,fr Ligue 1,19-224,2006.0,1.5,0,2,0,0.0,1.36,0.0,0.0,,0,0,1310,sn SEN,FW,fr Ligue 1,19-224,2006.0,3,132,44,4.7,1.5,1,89.0,0,2,22.0,0,0.0,2,5,-3,-2.05,-0.83,1043,sn SEN,FW,fr Ligue 1,19-224,2006.0,1.5,0,0,0,3,2,0,0,0,2,0,0.0,0.0,0.0,0.0,0.012316013691387843,-0.012316013691387843
1047,Luis Guilherme,br BRA,FW,West Ham United,eng Premier League,20.0,2006.0,5,1,125,1.4,0,0,0,0,0,0,0,0,0.0,,,,,,,,,,,,,,,,,,,,,,,,,1047,br BRA,FW,eng Premier League,20-078,2006.0,1.4,0,1,0,0.0,0.72,0.0,0.0,,0,0,1316,br BRA,FW,eng Premier League,20-078,2006.0,5,125,25,4.1,1.4,1,45.0,0,4,20.0,3,0.4,2,2,0,0.0,0.49,1047,br BRA,FW,eng Premier League,20-078,2006.0,1.4,0,0,0,0,0,0,0,0,1,0,0.0,0.0,0.0,0.0,0.012316013691387843,-0.012316013691387843
583,Ben Cremaschi,us USA,MF,Parma,it Serie A,21.0,2005.0,8,2,132,1.5,0,0,0,0,0,0,0,0,0.0,,,,,,,,,,,,,,,,,,,,,,,,,583,us USA,MF,it Serie A,21-057,2005.0,1.5,0,1,0,0.0,0.68,0.0,0.0,,0,0,732,us USA,MF,it Serie A,21-057,2005.0,8,132,17,4.3,1.5,2,50.0,1,6,5.0,17,0.88,1,3,-2,-1.36,-0.96,583,us USA,MF,it Serie A,21-057,2005.0,1.5,0,0,0,2,0,0,6,0,1,0,0.0,0.0,0.0,0.0,0.012316013691387843,-0.012316013691387843
2024,Mike Penders,be BEL,GK,Strasbourg,fr Ligue 1,20.0,2005.0,29,29,2610,29.0,0,0,0,0,0,0,3,0,0.0,111.0,be BEL,GK,fr Ligue 1,20-271,2005.0,29.0,29.0,2610.0,29.0,39.0,1.34,123.0,89.0,71.5,12.0,7.0,10.0,8.0,27.6,5.0,4.0,1.0,0.0,2024,be BEL,GK,fr Ligue 1,20-271,2005.0,29.0,0,0,0,0.0,0.0,0.0,,,0,0,2541,be BEL,GK,fr Ligue 1,20-271,2005.0,29,2610,90,96.7,29.0,29,90.0,29,0,,0,1.48,48,39,9,0.31,-0.69,2024,be BEL,GK,fr Ligue 1,20-271,2005.0,29.0,3,0,0,1,2,0,0,0,0,0,0.0,0.0,0.0,0.0,0.012316013691387843,-0.012316013691387843
1766,Edoardo Motta,it ITA,GK,Lazio,it Serie A,21.0,2005.0,7,7,630,7.0,0,0,0,0,0,0,1,0,0.0,94.0,it ITA,GK,it Serie A,21-105,2005.0,7.0,7.0,630.0,7.0,6.0,0.86,21.0,16.0,71.4,4.0,2.0,1.0,3.0,42.9,1.0,0.0,1.0,0.0,1766,it ITA,GK,it Serie A,21-105,2005.0,7.0,0,0,0,0.0,0.0,0.0,,,0,0,2216,it ITA,GK,it Serie A,21-105,2005.0,7,630,90,20.6,7.0,7,90.0,7,0,,5,2.0,11,6,5,0.71,0.75,1766,it ITA,GK,it Serie A,21-105,2005.0,7.0,1,0,0,1,1,0,0,0,0,0,0.0,0.0,0.0,0.0,0.012316013691387843,-0.012316013691387843
2460,Zion Suzuki,jp JPN,GK,Parma,it Serie A,23.0,2002.0,17,17,1530,17.0,0,0,0,0,0,0,1,0,0.0,155.0,jp JPN,GK,it Serie A,23-250,2002.0,17.0,17.0,1530.0,17.0,22.0,1.29,72.0,52.0,70.8,3.0,7.0,7.0,5.0,29.4,2.0,1.0,1.0,0.0,2460,jp JPN,GK,it Serie A,23-250,2002.0,17.0,0,0,0,0.0,0.0,0.0,,,0,0,3106,jp JPN,GK,it Serie A,23-250,2002.0,17,1530,90,50.0,17.0,17,90.0,17,0,,2,0.94,12,22,-10,-0.59,-0.29,2460,jp JPN,GK,it Serie A,23-250,2002.0,17.0,1,0,0,0,4,0,0,0,0,0,0.0,0.0,0.0,0.0,0.012316013691387843,-0.012316013691387843
1893,Ethan Nwaneri,eng ENG,MF,Arsenal,eng Premier League,19.0,2007.0,6,0,171,1.9,0,0,0,0,0,0,0,0,0.0,,,,,,,,,,,,,,,,,,,,,,,,,1893,eng ENG,MF,eng Premier League,19-038,2007.0,1.9,0,6,0,0.0,3.16,0.0,0.0,,0,0,2368,eng ENG,MF,eng Premier League,19-038,2007.0,6,171,29,5.6,1.9,0,,0,6,29.0,11,2.67,8,0,8,4.21,3.28,1893,eng ENG,MF,eng Premier League,19-038,2007.0,1.9,0,0,0,2,0,0,2,0,0,0,0.0,0.0,0.0,0.0,0.012316013691387843,-0.012316013691387843
1870,Obed Nkambadio,fr FRA,GK,Paris FC,fr Ligue 1,23.0,2003.0,12,12,1080,12.0,0,0,0,0,0,0,0,0,0.0,101.0,fr FRA,GK,fr Ligue 1,23-080,2003.0,12.0,12.0,1080.0,12.0,21.0,1.75,44.0,26.0,56.8,3.0,3.0,6.0,1.0,8.3,4.0,2.0,1.0,1.0,1870,fr FRA,GK,fr Ligue 1,23-080,2003.0,12.0,0,0,0,0.0,0.0,0.0,,,0,0,2341,fr FRA,GK,fr Ligue 1,23-080,2003.0,12,1080,90,38.7,12.0,12,90.0,12,0,,18,1.0,18,21,-3,-0.25,-0.04,1870,fr FRA,GK,fr Ligue 1,23-080,2003.0,12.0,0,0,0,0,0,0,0,0,0,0,0.0,0.0,0.0,0.0,0.012316013691387843,-0.012316013691387843
182,Mio Backhaus,de GER,GK,Werder Bremen,de Bundesliga,22.0,2004.0,29,29,2610,29.0,0,0,0,0,0,0,1,0,0.0,8.0,de GER,GK,de Bundesliga,22-012,2004.0,29.0,29.0,2610.0,29.0,50.0,1.72,131.0,86.0,65.6,7.0,8.0,14.0,5.0,17.2,5.0,5.0,0.0,0.0,182,de GER,GK,de Bundesliga,22-012,2004.0,29.0,0,0,0,0.0,0.0,0.0,,,0,0,227,de GER,GK,de Bundesliga,22-012,2004.0,29,2610,90,93.5,29.0,29,90.0,29,0,,0,1.0,35,50,-15,-0.52,0.98,182,de GER,GK,de Bundesliga,22-012,2004.0,29.0,1,0,0,0,12,0,0,0,0,1,0.0,0.0,0.0,0.0,0.012316013691387843,-0.012316013691387843
1175,Samuel Iling-Junior,eng ENG,MF,Pisa,it Serie A,22.0,2003.0,5,1,110,1.2,0,0,0,0,0,0,0,0,0.0,,,,,,,,,,,,,,,,,,,,,,,,,1175,eng ENG,MF,it Serie A,22-206,2003.0,1.2,0,0,0,0.0,0.0,0.0,,,0,0,1466,eng ENG,MF,it Serie A,22-206,2003.0,5,110,22,3.6,1.2,1,45.0,0,4,16.0,3,0.0,1,4,-3,-2.45,-1.42,1175,eng ENG,MF,it Serie A,22-206,2003.0,1.2,0,0,0,1,0,0,5,0,2,0,0.0,0.0,0.0,0.0,0.012316013691387843,-0.012316013691387843
1141,Harry Howell,eng ENG,MF,Brighton,eng Premier League,18.0,2008.0,3,1,94,1.0,0,0,0,0,0,0,0,0,0.0,,,,,,,,,,,,,,,,,,,,,,,,,1141,eng ENG,MF,eng Premier League,18-008,2008.0,1.0,0,0,0,0.0,0.0,0.0,,,0,0,1429,eng ENG,MF,eng Premier League,18-008,2008.0,3,94,31,3.1,1.0,1,70.0,0,2,12.0,4,0.0,0,2,-2,-1.91,-2.25,1141,eng ENG,MF,eng Premier League,18-008,2008.0,1.0,0,0,0,0,0,1,4,0,0,0,0.0,0.0,0.0,0.0,0.012316013691387843,-0.012316013691387843
1494,Marius Louer,fr FRA,DF,Angers,fr Ligue 1,19.0,2007.0,7,4,383,4.3,0,0,0,0,0,0,1,0,0.0,,,,,,,,,,,,,,,,,,,,,,,,,1494,fr FRA,DF,fr Ligue 1,19-048,2007.0,4.3,0,0,0,0.0,0.0,0.0,,,0,0,1874,fr FRA,DF,fr Ligue 1,19-048,2007.0,7,383,55,13.7,4.3,4,90.0,4,3,8.0,7,0.29,4,9,-5,-1.17,-0.73,1494,fr FRA,DF,fr Ligue 1,19-048,2007.0,4.3,1,0,0,5,3,0,6,0,11,1,0.0,0.0,0.0,0.0,0.012316013691387843,-0.012316013691387843
1518,Mateus Lusuardi,br BRA,DF,Pisa,it Serie A,22.0,2004.0,3,3,198,2.2,0,0,0,0,0,0,1,0,0.0,,,,,,,,,,,,,,,,,,,,,,,,,1518,br BRA,DF,it Serie A,22-110,2004.0,2.2,0,4,0,0.0,1.82,0.0,0.0,,0,0,1907,br BRA,DF,it Serie A,22-110,2004.0,3,198,66,6.5,2.2,3,66.0,1,0,,5,0.0,2,5,-3,-1.36,-0.29,1518,br BRA,DF,it Serie A,22-110,2004.0,2.2,1,0,0,4,0,0,1,0,2,0,0.0,0.0,0.0,0.0,0.012316013691387843,-0.012316013691387843
532,Amadou Cissé,gn GUI,DF,Strasbourg,fr Ligue 1,20.0,2006.0,1,1,90,1.0,0,0,0,0,0,0,0,0,0.0,,,,,,,,,,,,,,,,,,,,,,,,,532,gn GUI,DF,fr Ligue 1,20-060,2006.0,1.0,0,0,0,0.0,0.0,0.0,,,0,0,669,gn GUI,DF,fr Ligue 1,20-060,2006.0,1,90,90,3.3,1.0,1,90.0,1,0,,2,0.0,0,3,-3,-3.0,-3.45,532,gn GUI,DF,fr Ligue 1,20-060,2006.0,1.0,0,0,0,3,0,0,0,0,2,0,0.0,0.0,0.0,0.0,0.012316013691387843,-0.012316013691387843
2162,Hugo Rincón,es ESP,DF,Girona,es La Liga,23.0,2003.0,30,16,1681,18.7,1,1,2,1,0,0,4,0,0.11,,,,,,,,,,,,,,,,,,,,,,,,,2162,es ESP,DF,es La Liga,23-091,2003.0,18.7,1,7,2,28.6,0.37,0.11,0.14,0.5,0,0,2719,es ESP,DF,es La Liga,23-091,2003.0,30,1681,56,56.6,18.7,16,83.0,9,14,25.0,3,1.03,21,27,-6,-0.32,0.24,2162,es ESP,DF,es La Liga,23-091,2003.0,18.7,4,0,0,31,48,1,29,5,28,0,0.05353955978584176,0.05353955978584176,0.2676977989292088,0.11778703152885187,0.13014611590936295,-0.012359084380511087
500,El Chadaille Bitshiabu,fr FRA,DF,RB Leipzig,de Bundesliga,20.0,2005.0,10,7,610,6.8,0,0,0,0,0,0,0,0,0.0,,,,,,,,,,,,,,,,,,,,,,,,,500,fr FRA,DF,de Bundesliga,20-347,2005.0,6.8,0,2,0,0.0,0.3,0.0,0.0,,0,0,623,fr FRA,DF,de Bundesliga,20-347,2005.0,10,610,61,21.9,6.8,7,83.0,5,3,9.0,17,1.9,13,9,4,0.59,-0.24,500,fr FRA,DF,de Bundesliga,20-347,2005.0,6.8,0,0,0,4,0,0,0,4,5,0,0.0,0.0,0.5901639344262295,0.17704918032786884,0.1895993855468746,-0.012550205219005767
1637,Christian Mawissa,fr FRA,"DF,MF",Monaco,fr Ligue 1,21.0,2005.0,15,10,928,10.3,0,0,0,0,0,0,2,0,0.0,,,,,,,,,,,,,,,,,,,,,,,,,1637,fr FRA,"DF,MF",fr Ligue 1,21-010,2005.0,10.3,0,1,1,100.0,0.1,0.1,0.0,0.0,0,0,2050,fr FRA,"DF,MF",fr Ligue 1,21-010,2005.0,15,928,62,33.3,10.3,10,80.0,7,5,26.0,2,1.93,18,15,3,0.29,0.1,1637,fr FRA,"DF,MF",fr Ligue 1,21-010,2005.0,10.3,2,0,0,7,10,0,5,13,22,0,0.0,0.0,1.2607758620689655,0.37823275862068967,0.3908224726073749,-0.012589713986685236
1243,Abdulai Juma Bah,sl SLE,DF,Nice,fr Ligue 1,20.0,2006.0,24,20,1778,19.8,0,0,0,0,0,0,6,0,0.0,,,,,,,,,,,,,,,,,,,,,,,,,1243,sl SLE,DF,fr Ligue 1,20-017,2006.0,19.8,0,6,1,16.7,0.3,0.05,0.0,0.0,0,0,1550,sl SLE,DF,fr Ligue 1,20-017,2006.0,24,1778,74,63.7,19.8,20,86.0,18,4,17.0,5,1.04,19,39,-20,-1.01,-0.83,1243,sl SLE,DF,fr Ligue 1,20-017,2006.0,19.8,6,0,0,26,7,1,0,28,17,0,0.0,0.0,1.4173228346456692,0.42519685039370075,0.4378562982897766,-0.01265944789607587
1939,Fredrik Oppegard,no NOR,"MF,DF",Auxerre,fr Ligue 1,23.0,2002.0,23,15,1246,13.8,0,0,0,0,0,0,1,1,0.0,,,,,,,,,,,,,,,,,,,,,,,,,1939,no NOR,"MF,DF",fr Ligue 1,23-264,2002.0,13.8,0,10,2,20.0,0.72,0.14,0.0,0.0,0,0,2433,no NOR,"MF,DF",fr Ligue 1,23-264,2002.0,23,1246,54,44.7,13.8,15,74.0,7,8,16.0,7,0.78,12,19,-7,-0.51,-0.04,1939,no NOR,"MF,DF",fr Ligue 1,23-264,2002.0,13.8,1,1,0,8,8,2,48,14,20,0,0.0,0.0,1.0112359550561798,0.30337078651685395,0.3161752101172602,-0.012804423600406234
2289,Yago Santiago,es ESP,MF,Elche,es La Liga,23.0,2003.0,9,3,281,3.1,0,0,0,0,0,0,1,0,0.0,,,,,,,,,,,,,,,,,,,,,,,,,2289,es ESP,MF,es La Liga,23-013,2003.0,3.1,0,2,0,0.0,0.64,0.0,0.0,,0,0,2879,es ESP,MF,es La Liga,23-013,2003.0,9,281,31,9.5,3.1,3,64.0,0,6,15.0,10,0.67,3,5,-2,-0.64,-0.51,2289,es ESP,MF,es La Liga,23-013,2003.0,3.1,1,0,0,3,2,1,6,1,1,0,0.0,0.0,0.32028469750889677,0.09608540925266902,0.1088906129686898,-0.012805203716020785
2458,Tomáš Suslov,sk SVK,FW,Hellas Verona,it Serie A,23.0,2002.0,7,1,169,1.9,0,0,0,0,0,0,1,1,0.0,,,,,,,,,,,,,,,,,,,,,,,,,2458,sk SVK,FW,it Serie A,23-325,2002.0,1.9,0,7,1,14.3,3.73,0.53,0.0,0.0,0,0,3103,sk SVK,FW,it Serie A,23-325,2002.0,7,169,24,5.5,1.9,1,61.0,0,6,18.0,0,0.57,0,3,-3,-1.6,-0.66,2458,sk SVK,FW,it Serie A,23-325,2002.0,1.9,1,1,0,3,4,0,8,1,2,0,0.0,0.0,0.5325443786982248,0.15976331360946744,0.17276236081019503,-0.012999047200727587
125,Aaron Anselmino,ar ARG,DF,Dortmund,de Bundesliga,20.0,2005.0,6,4,368,4.1,1,0,1,1,0,0,0,0,0.24,,,,,,,,,,,,,,,,,,,,,,,,,125,ar ARG,DF,de Bundesliga,20-364,2005.0,4.1,1,1,1,100.0,0.24,0.24,1.0,1.0,0,0,158,ar ARG,DF,de Bundesliga,20-364,2005.0,6,368,61,13.2,4.1,4,86.0,3,2,12.0,2,2.67,8,2,6,1.47,0.43,125,ar ARG,DF,de Bundesliga,20-364,2005.0,4.1,0,0,0,6,3,0,2,7,8,0,0.24456521739130435,0.0,1.7119565217391306,0.6114130434782609,0.624444741468633,-0.013031697990372182
1295,Michael Kayode,it ITA,DF,Brentford,eng Premier League,21.0,2004.0,33,33,2898,32.2,1,1,2,1,0,0,6,0,0.06,,,,,,,,,,,,,,,,,,,,,,,,,1295,it ITA,DF,eng Premier League,21-292,2004.0,32.2,1,9,3,33.3,0.28,0.09,0.11,0.33,0,0,1612,it ITA,DF,eng Premier League,21-292,2004.0,33,2898,88,94.7,32.2,33,88.0,27,0,,0,1.45,48,43,5,0.16,1.27,1295,it ITA,DF,eng Premier League,21-292,2004.0,32.2,6,0,0,22,45,1,53,38,44,1,0.031055900621118012,0.031055900621118012,1.1801242236024845,0.37577639751552794,0.38885795867442036,-0.013081561158892419
333,Morgan Bokelé Mputu,cm CMR,MF,Metz,fr Ligue 1,22.0,2004.0,10,1,227,2.5,0,0,0,0,0,0,0,0,0.0,,,,,,,,,,,,,,,,,,,,,,,,,333,cm CMR,MF,fr Ligue 1,22-046,2004.0,2.5,0,3,1,33.3,1.19,0.4,0.0,0.0,0,0,413,cm CMR,MF,fr Ligue 1,22-046,2004.0,10,227,23,8.1,2.5,1,80.0,0,9,16.0,7,0.5,4,7,-3,-1.19,0.07,333,cm CMR,MF,fr Ligue 1,22-046,2004.0,2.5,0,0,0,2,8,0,5,1,4,0,0.0,0.0,0.39647577092511016,0.11894273127753305,0.13202808917323033,-0.013085357895697286
1321,Joshua King,eng ENG,MF,Fulham,eng Premier League,19.0,2007.0,28,15,1223,13.6,1,2,3,1,0,0,3,0,0.22,,,,,,,,,,,,,,,,,,,,,,,,,1321,eng ENG,MF,eng Premier League,19-115,2007.0,13.6,1,24,10,41.7,1.77,0.74,0.04,0.1,0,0,1641,eng ENG,MF,eng Premier League,19-115,2007.0,28,1223,44,40.0,13.6,15,65.0,0,13,19.0,3,1.43,13,18,-5,-0.37,-0.51,1321,eng ENG,MF,eng Premier League,19-115,2007.0,13.6,3,0,0,11,25,2,11,3,11,0,0.07358953393295176,0.1471790678659035,0.22076860179885527,0.13982011447260834,0.15297844238479436,-0.013158327912186019
374,Sascha Britschgi,ch SUI,"MF,DF",Parma,it Serie A,19.0,2006.0,27,21,2008,22.3,0,2,2,0,0,0,4,0,0.09,,,,,,,,,,,,,,,,,,,,,,,,,374,ch SUI,"MF,DF",it Serie A,19-244,2006.0,22.3,0,13,3,23.1,0.58,0.13,0.0,0.0,0,0,468,ch SUI,"MF,DF",it Serie A,19-244,2006.0,27,2008,74,65.6,22.3,21,86.0,16,6,32.0,5,1.3,17,27,-10,-0.45,-0.02,374,ch SUI,"MF,DF",it Serie A,19-244,2006.0,22.3,4,0,0,15,22,0,47,8,18,0,0.0,0.08964143426294821,0.35856573705179284,0.1344621513944223,0.14776284851416158,-0.013300697119739274
2026,Kojo Peprah Oppong,gh GHA,DF,Nice,fr Ligue 1,21.0,2004.0,26,25,2155,23.9,1,0,1,1,0,0,3,0,0.04,,,,,,,,,,,,,,,,,,,,,,,,,2026,gh GHA,DF,fr Ligue 1,21-328,2004.0,23.9,1,10,3,30.0,0.42,0.13,0.1,0.33,0,0,2544,gh GHA,DF,fr Ligue 1,21-328,2004.0,26,2155,83,77.2,23.9,25,84.0,20,1,53.0,3,1.04,30,40,-10,-0.42,1.28,2026,gh GHA,DF,fr Ligue 1,21-328,2004.0,23.9,3,0,0,25,25,1,5,28,25,0,0.04176334106728538,0.0,1.1693735498839908,0.36751740139211136,0.3808206351987861,-0.013303233806674752
584,Charlie Cresswell,eng ENG,DF,Toulouse,fr Ligue 1,23.0,2002.0,27,26,2353,26.1,3,2,5,3,0,0,7,0,0.19,,,,,,,,,,,,,,,,,,,,,,,,,584,eng ENG,DF,fr Ligue 1,23-254,2002.0,26.1,3,35,11,31.4,1.34,0.42,0.09,0.27,0,0,733,eng ENG,DF,fr Ligue 1,23-254,2002.0,27,2353,87,84.3,26.1,26,89.0,25,1,32.0,0,1.19,37,33,4,0.15,1.18,584,eng ENG,DF,fr Ligue 1,23-254,2002.0,26.1,7,0,0,29,14,4,1,27,12,0,0.11474713132171696,0.0764980875478113,1.0327241818954527,0.378665533361666,0.39227716491252784,-0.013611631550861869
641,Pape Demba Diop,sn SEN,MF,Toulouse,fr Ligue 1,22.0,2003.0,14,13,1151,12.8,1,2,3,1,0,0,2,0,0.23,,,,,,,,,,,,,,,,,,,,,,,,,641,sn SEN,MF,fr Ligue 1,22-236,2003.0,12.8,1,28,11,39.3,2.19,0.86,0.04,0.09,0,0,807,sn SEN,MF,fr Ligue 1,22-236,2003.0,14,1151,82,41.3,12.8,13,85.0,6,1,45.0,0,1.07,16,20,-4,-0.31,-0.48,641,sn SEN,MF,fr Ligue 1,22-236,2003.0,12.8,2,0,0,15,17,0,14,29,20,0,0.07819287576020852,0.15638575152041703,2.267593397046047,0.7584708948740225,0.77220533210466,-0.013734437230637497
160,Yaser Asprilla,co COL,"FW,MF",Girona,es La Liga,22.0,2003.0,15,6,611,6.8,0,0,0,0,0,0,0,0,0.0,,,,,,,,,,,,,,,,,,,,,,,,,160,co COL,"FW,MF",es La Liga,22-160,2003.0,6.8,0,15,5,33.3,2.21,0.74,0.0,0.0,0,0,199,co COL,"FW,MF",es La Liga,22-160,2003.0,15,611,41,20.6,6.8,6,70.0,2,9,22.0,5,0.93,5,14,-9,-1.33,-1.13,160,co COL,"FW,MF",es La Liga,22-160,2003.0,6.8,0,0,0,11,8,5,36,5,4,0,0.0,0.0,0.7364975450081833,0.220949263502455,0.23487199813666354,-0.013922734634208539
199,Tommaso Baldanzi,it ITA,MF,Genoa,it Serie A,23.0,2003.0,7,4,336,3.7,0,2,2,0,0,0,0,0,0.54,,,,,,,,,,,,,,,,,,,,,,,,,199,it ITA,MF,it Serie A,23-036,2003.0,3.7,0,8,3,37.5,2.14,0.8,0.0,0.0,0,0,250,it ITA,MF,it Serie A,23-036,2003.0,7,336,48,11.0,3.7,4,62.0,0,3,30.0,1,1.43,5,4,1,0.27,0.57,199,it ITA,MF,it Serie A,23-036,2003.0,3.7,0,0,0,2,5,0,7,2,6,0,0.0,0.5357142857142857,0.5357142857142857,0.3214285714285714,0.3353572646123794,-0.013928693183808016
1761,Tyler Morton,eng ENG,MF,Lyon,fr Ligue 1,23.0,2002.0,27,27,2352,26.1,2,2,4,2,0,0,6,1,0.15,,,,,,,,,,,,,,,,,,,,,,,,,1761,eng ENG,MF,fr Ligue 1,23-179,2002.0,26.1,2,25,7,28.0,0.96,0.27,0.08,0.29,0,0,2210,eng ENG,MF,fr Ligue 1,23-179,2002.0,27,2352,87,84.3,26.1,27,87.0,22,0,,0,1.85,42,26,16,0.61,0.61,1761,eng ENG,MF,fr Ligue 1,23-179,2002.0,26.1,6,1,0,28,18,0,83,23,28,0,0.07653061224489796,0.07653061224489796,0.8801020408163266,0.3176020408163266,0.33156328566143967,-0.013961244845113074
361,Rosen Bozhinov,bg BUL,DF,Pisa,it Serie A,21.0,2005.0,6,5,418,4.6,0,0,0,0,0,0,1,0,0.0,,,,,,,,,,,,,,,,,,,,,,,,,361,bg BUL,DF,it Serie A,21-095,2005.0,4.6,0,2,1,50.0,0.43,0.22,0.0,0.0,0,0,451,bg BUL,DF,it Serie A,21-095,2005.0,6,418,70,13.7,4.6,5,83.0,3,1,1.0,8,0.33,2,6,-4,-0.86,0.26,361,bg BUL,DF,it Serie A,21-095,2005.0,4.6,1,0,0,10,1,1,2,9,3,0,0.0,0.0,1.937799043062201,0.5813397129186603,0.5953527941573725,-0.014013081238712255
2094,Arkadiusz Pyrka,pl POL,MF,St Pauli,de Bundesliga,23.0,2002.0,28,27,2306,25.6,0,1,1,0,0,0,3,0,0.04,,,,,,,,,,,,,,,,,,,,,,,,,2094,pl POL,MF,de Bundesliga,23-220,2002.0,25.6,0,18,3,16.7,0.7,0.12,0.0,0.0,0,0,2638,pl POL,MF,de Bundesliga,23-220,2002.0,28,2306,82,82.7,25.6,27,85.0,20,1,9.0,2,0.93,21,43,-22,-0.86,0.07,2094,pl POL,MF,de Bundesliga,23-220,2002.0,25.6,3,0,0,15,29,0,39,20,19,0,0.0,0.03902862098872507,0.7805724197745012,0.2458803122289679,0.2599659904531996,-0.014085678224231735
762,Noah Edjouma,fr FRA,FW,Toulouse,fr Ligue 1,20.0,2005.0,12,2,256,2.8,0,0,0,0,0,0,0,0,0.0,,,,,,,,,,,,,,,,,,,,,,,,,762,fr FRA,FW,fr Ligue 1,20-206,2005.0,2.8,0,8,3,37.5,2.81,1.05,0.0,0.0,0,0,954,fr FRA,FW,fr Ligue 1,20-206,2005.0,12,256,21,9.2,2.8,2,61.0,0,10,13.0,8,1.42,4,2,2,0.7,0.81,762,fr FRA,FW,fr Ligue 1,20-206,2005.0,2.8,0,0,0,4,4,0,12,3,3,0,0.0,0.0,1.0546875,0.31640625,0.3306271692588323,-0.014220919258832287
683,Tyler Dibling,eng ENG,MF,Everton,eng Premier League,20.0,2006.0,14,4,358,4.0,0,0,0,0,0,0,2,0,0.0,,,,,,,,,,,,,,,,,,,,,,,,,683,eng ENG,MF,eng Premier League,20-047,2006.0,4.0,0,4,0,0.0,1.01,0.0,0.0,,0,0,857,eng ENG,MF,eng Premier League,20-047,2006.0,14,358,26,11.7,4.0,4,67.0,1,10,9.0,18,1.14,4,2,2,0.5,0.57,683,eng ENG,MF,eng Premier League,20-047,2006.0,4.0,2,0,0,11,11,0,7,6,3,0,0.0,0.0,1.5083798882681565,0.45251396648044695,0.46705916913751944,-0.014545202657072487
1943,Christian Ordoñez,ar ARG,MF,Parma,it Serie A,21.0,2004.0,24,9,818,9.1,1,0,1,1,0,0,5,1,0.11,,,,,,,,,,,,,,,,,,,,,,,,,1943,ar ARG,MF,it Serie A,21-278,2004.0,9.1,1,7,2,28.6,0.77,0.22,0.14,0.5,0,0,2437,ar ARG,MF,it Serie A,21-278,2004.0,24,818,34,26.7,9.1,9,61.0,1,15,18.0,9,1.38,6,9,-3,-0.33,0.15,1943,ar ARG,MF,it Serie A,21-278,2004.0,9.1,5,1,1,16,7,0,9,6,8,0,0.1100244498777506,0.0,0.6601466992665037,0.24205378973105135,0.2566762312629414,-0.014622441531890074
1140,Andreas Hountondji,bj BEN,FW,St Pauli,de Bundesliga,23.0,2002.0,18,12,887,9.9,4,0,4,4,0,1,2,0,0.41,,,,,,,,,,,,,,,,,,,,,,,,,1140,bj BEN,FW,de Bundesliga,23-291,2002.0,9.9,4,20,13,65.0,2.03,1.32,0.2,0.31,0,1,1428,bj BEN,FW,de Bundesliga,23-291,2002.0,18,887,49,31.8,9.9,12,60.0,0,6,28.0,0,0.56,8,18,-10,-1.01,-0.21,1140,bj BEN,FW,de Bundesliga,23-291,2002.0,9.9,2,0,0,9,5,7,19,0,0,0,0.4058624577226606,0.0,0.0,0.16234498308906425,0.17698057701909164,-0.01463559393002739
2179,Damián Rodríguez,es ESP,MF,Celta Vigo,es La Liga,23.0,2003.0,2,2,150,1.7,0,0,0,0,0,0,1,0,0.0,,,,,,,,,,,,,,,,,,,,,,,,,2179,es ESP,MF,es La Liga,23-042,2003.0,1.7,0,3,0,0.0,1.8,0.0,0.0,,0,0,2742,es ESP,MF,es La Liga,23-042,2003.0,2,150,75,5.1,1.7,2,75.0,1,0,,12,2.0,2,3,-1,-0.6,-0.7,2179,es ESP,MF,es La Liga,23-042,2003.0,1.7,1,0,0,3,0,0,3,1,0,0,0.0,0.0,0.6000000000000001,0.18000000000000002,0.19479979482026685,-0.014799794820266832
216,Tommaso Barbieri,it ITA,MF,Cremonese,it Serie A,23.0,2002.0,25,16,1527,17.0,0,1,1,0,0,0,6,0,0.06,,,,,,,,,,,,,,,,,,,,,,,,,216,it ITA,MF,it Serie A,23-245,2002.0,17.0,0,13,2,15.4,0.77,0.12,0.0,0.0,0,0,272,it ITA,MF,it Serie A,23-245,2002.0,25,1527,61,49.9,17.0,16,83.0,9,9,23.0,5,0.76,15,24,-9,-0.53,0.41,216,it ITA,MF,it Serie A,23-245,2002.0,17.0,6,0,0,36,24,1,69,13,24,0,0.0,0.05893909626719057,0.7662082514734774,0.24754420432220037,0.2624339070171241,-0.014889702694923734
340,Giovanni Bonfanti,it ITA,"DF,MF",Pisa,it Serie A,23.0,2003.0,9,6,494,5.5,0,0,0,0,0,0,1,0,0.0,,,,,,,,,,,,,,,,,,,,,,,,,340,it ITA,"DF,MF",it Serie A,23-101,2003.0,5.5,0,6,1,16.7,1.09,0.18,0.0,0.0,0,0,423,it ITA,"DF,MF",it Serie A,23-101,2003.0,9,494,55,16.1,5.5,6,66.0,1,3,32.0,9,0.56,3,11,-8,-1.46,-0.44,340,it ITA,"DF,MF",it Serie A,23-101,2003.0,5.5,1,0,0,10,3,0,12,7,6,0,0.0,0.0,1.2753036437246963,0.38259109311740885,0.3976553267990869,-0.01506423368167803
1151,Omari Hutchinson,eng ENG,MF,Nottingham Forest,eng Premier League,22.0,2003.0,27,15,1504,16.7,1,4,5,1,0,0,1,0,0.3,,,,,,,,,,,,,,,,,,,,,,,,,1151,eng ENG,MF,eng Premier League,22-180,2003.0,16.7,1,24,11,45.8,1.44,0.66,0.04,0.09,0,0,1440,eng ENG,MF,eng Premier League,22-180,2003.0,27,1504,56,49.2,16.7,15,79.0,8,12,27.0,5,1.19,22,19,3,0.18,0.58,1151,eng ENG,MF,eng Premier League,22-180,2003.0,16.7,1,0,0,20,23,6,124,9,8,0,0.05984042553191489,0.23936170212765956,0.538563829787234,0.25731382978723405,0.2723835278534166,-0.015069698066182524
1127,Jack Hinshelwood,eng ENG,MF,Brighton,eng Premier League,21.0,2005.0,23,16,1413,15.7,2,3,5,2,0,0,0,0,0.32,,,,,,,,,,,,,,,,,,,,,,,,,1127,eng ENG,MF,eng Premier League,21-017,2005.0,15.7,2,28,10,35.7,1.78,0.64,0.07,0.2,0,0,1414,eng ENG,MF,eng Premier League,21-017,2005.0,23,1413,61,46.2,15.7,16,74.0,4,7,32.0,2,1.43,19,18,1,0.06,-0.37,1127,eng ENG,MF,eng Premier League,21-017,2005.0,15.7,0,0,0,32,9,2,7,6,11,1,0.12738853503184713,0.19108280254777069,0.38216560509554137,0.2229299363057325,0.23802999649294357,-0.015100060187211078
715,Josh Doig,sct SCO,DF,Sassuolo,it Serie A,23.0,2002.0,29,21,1843,20.5,0,0,0,0,0,0,5,0,0.0,,,,,,,,,,,,,,,,,,,,,,,,,715,sct SCO,DF,it Serie A,23-345,2002.0,20.5,0,11,4,36.4,0.54,0.2,0.0,0.0,0,0,891,sct SCO,DF,it Serie A,23-345,2002.0,29,1843,64,60.2,20.5,21,81.0,11,8,17.0,4,1.14,19,29,-10,-0.49,-1.01,715,sct SCO,DF,it Serie A,23-345,2002.0,20.5,5,0,0,16,17,0,36,22,20,0,0.0,0.0,1.0743353228431904,0.32230059685295714,0.3374845299809386,-0.015183933127981442
64,Ebenezer Akinsanmiro,ng NGA,MF,Pisa,it Serie A,21.0,2004.0,20,12,1189,13.2,0,1,1,0,0,0,2,0,0.08,,,,,,,,,,,,,,,,,,,,,,,,,64,ng NGA,MF,it Serie A,21-154,2004.0,13.2,0,13,3,23.1,0.98,0.23,0.0,0.0,0,0,81,ng NGA,MF,it Serie A,21-154,2004.0,20,1189,59,38.9,13.2,12,78.0,7,8,31.0,6,0.6,8,21,-13,-0.98,0.17,64,ng NGA,MF,it Serie A,21-154,2004.0,13.2,2,0,0,26,25,1,9,20,19,0,0.0,0.07569386038687972,1.5138772077375946,0.47687132043734226,0.49256950991687987,-0.015698189479537605
1314,Abdukodir Khusanov,uz UZB,DF,Manchester City,eng Premier League,22.0,2004.0,18,12,1162,12.9,0,0,0,0,0,0,2,0,0.0,,,,,,,,,,,,,,,,,,,,,,,,,1314,uz UZB,DF,eng Premier League,22-058,2004.0,12.9,0,4,1,25.0,0.31,0.08,0.0,0.0,0,0,1633,uz UZB,DF,eng Premier League,22-058,2004.0,18,1162,65,39.1,12.9,12,83.0,9,6,27.0,9,2.0,18,9,9,0.7,-0.7,1314,uz UZB,DF,eng Premier League,22-058,2004.0,12.9,2,0,0,12,5,0,2,26,17,0,0.0,0.0,2.0137693631669533,0.604130808950086,0.6198456522359027,-0.015714843285816738
265,Jobe Bellingham,eng ENG,MF,Dortmund,de Bundesliga,20.0,2005.0,29,17,1556,17.3,0,1,1,0,0,0,2,1,0.06,,,,,,,,,,,,,,,,,,,,,,,,,265,eng ENG,MF,de Bundesliga,20-217,2005.0,17.3,0,16,4,25.0,0.93,0.23,0.0,0.0,0,0,330,eng ENG,MF,de Bundesliga,20-217,2005.0,29,1556,54,55.8,17.3,17,81.0,11,12,15.0,0,2.17,40,19,21,1.21,0.27,265,eng ENG,MF,de Bundesliga,20-217,2005.0,17.3,2,1,0,13,18,0,5,40,21,0,0.0,0.05784061696658097,2.3136246786632393,0.7114395886889461,0.7271807906249818,-0.015741201936035676
2621,Danilo Veiga,pt POR,DF,Lecce,it Serie A,23.0,2002.0,32,29,2687,29.9,0,1,1,0,0,0,8,0,0.03,,,,,,,,,,,,,,,,,,,,,,,,,2621,pt POR,DF,it Serie A,23-215,2002.0,29.9,0,6,2,33.3,0.2,0.07,0.0,0.0,0,0,3302,pt POR,DF,it Serie A,23-215,2002.0,32,2687,84,87.8,29.9,29,88.0,27,3,41.0,1,0.91,20,38,-18,-0.6,0.84,2621,pt POR,DF,it Serie A,23-215,2002.0,29.9,8,0,0,42,42,1,81,27,48,0,0.0,0.033494603647190174,0.9043542984741347,0.28135467063639746,0.29741240910228023,-0.016057738465882765
504,Fallou Cham,gm GAM,MF,Hellas Verona,it Serie A,20.0,2006.0,6,3,228,2.5,0,0,0,0,0,0,0,0,0.0,,,,,,,,,,,,,,,,,,,,,,,,,504,gm GAM,MF,it Serie A,20-073,2006.0,2.5,0,5,2,40.0,1.97,0.79,0.0,0.0,0,0,627,gm GAM,MF,it Serie A,20-073,2006.0,6,228,38,7.5,2.5,3,62.0,0,3,14.0,26,0.5,1,6,-5,-1.97,-1.08,504,gm GAM,MF,it Serie A,20-073,2006.0,2.5,0,0,0,7,5,1,10,4,9,0,0.0,0.0,1.5789473684210527,0.47368421052631576,0.4898648072775654,-0.01618059675124961
1854,Bernard Nguene,cm CMR,FW,Nice,fr Ligue 1,19.0,2006.0,6,0,138,1.5,0,0,0,0,0,0,1,0,0.0,,,,,,,,,,,,,,,,,,,,,,,,,1854,cm CMR,FW,fr Ligue 1,19-267,2006.0,1.5,0,3,0,0.0,1.96,0.0,0.0,,0,0,2324,cm CMR,FW,fr Ligue 1,19-267,2006.0,6,138,23,4.9,1.5,0,,0,6,23.0,4,0.67,0,3,-3,-1.96,-1.31,1854,cm CMR,FW,fr Ligue 1,19-267,2006.0,1.5,1,0,0,3,2,1,1,3,1,0,0.0,0.0,1.9565217391304348,0.5869565217391304,0.6032805095322443,-0.016323987793113948
832,Abdoulaye Faye,sn SEN,DF,Lorient,fr Ligue 1,21.0,2004.0,14,13,1203,13.4,0,0,0,0,0,0,7,0,0.0,,,,,,,,,,,,,,,,,,,,,,,,,832,sn SEN,DF,fr Ligue 1,21-218,2004.0,13.4,0,8,2,25.0,0.6,0.15,0.0,0.0,0,0,1040,sn SEN,DF,fr Ligue 1,21-218,2004.0,14,1203,86,43.1,13.4,13,89.0,12,1,45.0,0,1.14,19,27,-8,-0.6,-0.77,832,sn SEN,DF,fr Ligue 1,21-218,2004.0,13.4,7,0,0,22,15,0,3,25,19,0,0.0,0.0,1.8703241895261846,0.5610972568578554,0.5776856604500318,-0.016588403592176393
1309,Milos Kerkez,hu HUN,DF,Liverpool,eng Premier League,22.0,2003.0,30,25,2037,22.6,2,1,3,2,0,0,4,0,0.13,,,,,,,,,,,,,,,,,,,,,,,,,1309,hu HUN,DF,eng Premier League,22-172,2003.0,22.6,2,8,2,25.0,0.35,0.09,0.25,1.0,0,0,1627,hu HUN,DF,eng Premier League,22-172,2003.0,30,2037,68,66.6,22.6,25,79.0,13,5,15.0,4,1.6,38,30,8,0.35,-0.09,1309,hu HUN,DF,eng Premier League,22-172,2003.0,22.6,4,0,0,19,23,4,75,13,26,0,0.08836524300441825,0.04418262150220913,0.5743740795287187,0.22091310751104562,0.2375765065329241,-0.016663399021878467
716,Jeremy Doku,be BEL,"MF,FW",Manchester City,eng Premier League,23.0,2002.0,25,16,1483,16.5,2,5,7,2,0,0,0,0,0.42,,,,,,,,,,,,,,,,,,,,,,,,,716,be BEL,"MF,FW",eng Premier League,23-336,2002.0,16.5,2,28,10,35.7,1.7,0.61,0.07,0.2,0,0,892,be BEL,"MF,FW",eng Premier League,23-336,2002.0,25,1483,59,49.9,16.5,16,79.0,4,9,25.0,1,1.92,37,14,23,1.4,0.55,716,be BEL,"MF,FW",eng Premier League,23-336,2002.0,16.5,0,0,0,22,49,3,51,10,13,0,0.12137559002022927,0.30343897505057316,0.6068779501011463,0.32164531355360754,0.33834370673756053,-0.016698393183952998
989,Rafael Gonçalves,pt POR,"MF,DF",Strasbourg,fr Ligue 1,21.0,2005.0,10,5,453,5.0,0,1,1,0,0,0,0,0,0.2,,,,,,,,,,,,,,,,,,,,,,,,,989,pt POR,"MF,DF",fr Ligue 1,21-069,2005.0,5.0,0,4,3,75.0,0.79,0.6,0.0,0.0,0,0,1244,pt POR,"MF,DF",fr Ligue 1,21-069,2005.0,10,453,45,16.8,5.0,5,77.0,3,5,14.0,15,1.9,7,10,-3,-0.6,-1.12,989,pt POR,"MF,DF",fr Ligue 1,21-069,2005.0,5.0,0,0,0,7,2,0,2,3,9,0,0.0,0.1986754966887417,0.5960264900662252,0.23841059602649006,0.25520133557305963,-0.016790739546569566
2232,Alexander Røssing-Lelesiit,no NOR,"FW,MF",Hamburger SV,de Bundesliga,19.0,2007.0,11,5,321,3.6,0,1,1,0,0,0,3,1,0.28,,,,,,,,,,,,,,,,,,,,,,,,,2232,no NOR,"FW,MF",de Bundesliga,19-098,2007.0,3.6,0,2,2,100.0,0.56,0.56,0.0,0.0,0,0,2806,no NOR,"FW,MF",de Bundesliga,19-098,2007.0,11,321,29,11.5,3.6,5,53.0,0,6,9.0,4,1.09,1,10,-9,-2.52,-2.27,2232,no NOR,"FW,MF",de Bundesliga,19-098,2007.0,3.6,3,1,1,13,7,1,4,1,2,0,0.0,0.2803738317757009,0.2803738317757009,0.16822429906542055,0.18529511425716902,-0.017070815191748467
1544,Kobbie Mainoo,eng ENG,MF,Manchester Utd,eng Premier League,21.0,2005.0,24,12,1302,14.5,0,2,2,0,0,0,1,0,0.14,,,,,,,,,,,,,,,,,,,,,,,,,1544,eng ENG,MF,eng Premier League,21-009,2005.0,14.5,0,8,2,25.0,0.55,0.14,0.0,0.0,0,0,1936,eng ENG,MF,eng Premier League,21-009,2005.0,24,1302,54,42.5,14.5,12,89.0,10,12,20.0,4,2.17,29,18,11,0.76,0.61,1544,eng ENG,MF,eng Premier League,21-009,2005.0,14.5,1,0,0,9,16,1,13,12,18,0,0.0,0.1382488479262673,0.8294930875576036,0.29032258064516125,0.3074751069707255,-0.017152526325564244
795,Emersonn,br BRA,FW,Toulouse,fr Ligue 1,21.0,2004.0,25,18,1441,16.0,5,2,7,5,0,0,5,1,0.44,,,,,,,,,,,,,,,,,,,,,,,,,795,br BRA,FW,fr Ligue 1,21-286,2004.0,16.0,5,48,18,37.5,3.0,1.12,0.1,0.28,0,0,990,br BRA,FW,fr Ligue 1,21-286,2004.0,25,1441,58,51.6,16.0,18,69.0,3,7,29.0,0,1.04,18,17,1,0.06,0.2,795,br BRA,FW,fr Ligue 1,21-286,2004.0,16.0,5,1,0,38,8,4,8,7,8,0,0.31228313671061764,0.12491325468424705,0.43719639139486466,0.29354614850798055,0.3107660910114105,-0.017219942503429952
2419,Souza,br BRA,MF,Tottenham Hotspur,eng Premier League,19.0,2006.0,4,2,144,1.6,0,0,0,0,0,0,1,0,0.0,,,,,,,,,,,,,,,,,,,,,,,,,2419,br BRA,MF,eng Premier League,19-316,2006.0,1.6,0,1,1,100.0,0.62,0.62,0.0,0.0,0,0,3049,br BRA,MF,eng Premier League,19-316,2006.0,4,144,36,4.7,1.6,2,49.0,0,2,24.0,5,0.25,1,3,-2,-1.25,-1.0,2419,br BRA,MF,eng Premier League,19-316,2006.0,1.6,1,0,0,3,2,0,3,2,0,0,0.0,0.0,1.25,0.375,0.3925485992388533,-0.017548599238853324
124,Ilyas Ansah,de GER,"MF,FW",Union Berlin,de Bundesliga,21.0,2004.0,30,20,1712,19.0,5,1,6,5,0,0,1,0,0.32,,,,,,,,,,,,,,,,,,,,,,,,,124,de GER,"MF,FW",de Bundesliga,21-171,2004.0,19.0,5,30,10,33.3,1.58,0.53,0.17,0.5,0,0,157,de GER,"MF,FW",de Bundesliga,21-171,2004.0,30,1712,57,61.4,19.0,20,75.0,3,10,22.0,1,1.07,24,29,-5,-0.26,0.99,124,de GER,"MF,FW",de Bundesliga,21-171,2004.0,19.0,1,0,0,18,37,9,18,4,8,0,0.2628504672897196,0.052570093457943924,0.2102803738317757,0.18399532710280372,0.20164981891621603,-0.017654491813412304
2,Zach Abbott,eng ENG,DF,Nottingham Forest,eng Premier League,19.0,2006.0,2,1,120,1.3,0,0,0,0,0,0,0,0,0.0,,,,,,,,,,,,,,,,,,,,,,,,,2,eng ENG,DF,eng Premier League,19-350,2006.0,1.3,0,0,0,0.0,0.0,0.0,,,0,0,3,eng ENG,DF,eng Premier League,19-350,2006.0,2,120,60,3.9,1.3,1,75.0,0,1,45.0,11,0.0,0,4,-4,-3.0,-3.0,2,eng ENG,DF,eng Premier League,19-350,2006.0,1.3,0,0,0,2,1,0,3,2,2,0,0.0,0.0,1.5,0.44999999999999996,0.46770301620431065,-0.017703016204310695
1457,Luca Lipani,it ITA,MF,Sassuolo,it Serie A,20.0,2005.0,20,8,817,9.1,0,0,0,0,0,0,2,0,0.0,,,,,,,,,,,,,,,,,,,,,,,,,1457,it ITA,MF,it Serie A,20-345,2005.0,9.1,0,10,2,20.0,1.1,0.22,0.0,0.0,0,0,1828,it ITA,MF,it Serie A,20-345,2005.0,20,817,41,26.7,9.1,8,72.0,2,12,20.0,13,1.25,11,12,-1,-0.11,-0.03,1457,it ITA,MF,it Serie A,20-345,2005.0,9.1,2,0,0,25,4,1,4,11,14,0,0.0,0.0,1.211750305997552,0.3635250917992656,0.38131828553899516,-0.01779319373972954
1345,Mert Kömür,de GER,"MF,FW",Augsburg,de Bundesliga,20.0,2005.0,26,15,1332,14.8,2,3,5,2,0,0,1,0,0.34,,,,,,,,,,,,,,,,,,,,,,,,,1345,de GER,"MF,FW",de Bundesliga,20-285,2005.0,14.8,2,37,13,35.1,2.5,0.88,0.05,0.15,0,0,1675,de GER,"MF,FW",de Bundesliga,20-285,2005.0,26,1332,51,47.7,14.8,15,75.0,6,11,19.0,4,1.23,18,25,-7,-0.47,0.08,1345,de GER,"MF,FW",de Bundesliga,20-285,2005.0,14.8,1,0,0,24,17,2,56,7,12,0,0.13513513513513514,0.20270270270270271,0.472972972972973,0.2567567567567568,0.2750696131332105,-0.01831285637645369
1848,Oumar Ngom,mr MTN,MF,Lecce,it Serie A,22.0,2004.0,11,6,556,6.2,0,0,0,0,0,0,1,0,0.0,,,,,,,,,,,,,,,,,,,,,,,,,1848,mr MTN,MF,it Serie A,22-050,2004.0,6.2,0,5,2,40.0,0.81,0.32,0.0,0.0,0,0,2318,mr MTN,MF,it Serie A,22-050,2004.0,11,556,51,18.2,6.2,6,76.0,3,5,20.0,4,0.73,3,11,-8,-1.29,-0.72,1848,mr MTN,MF,it Serie A,22-050,2004.0,6.2,1,0,0,10,5,0,2,11,13,0,0.0,0.0,1.7805755395683451,0.5341726618705035,0.5525532358991935,-0.018380574028689978
148,Harrison Armstrong,eng ENG,MF,Everton,eng Premier League,19.0,2007.0,11,6,499,5.5,0,0,0,0,0,0,0,0,0.0,,,,,,,,,,,,,,,,,,,,,,,,,148,eng ENG,MF,eng Premier League,19-099,2007.0,5.5,0,5,2,40.0,0.9,0.36,0.0,0.0,0,0,183,eng ENG,MF,eng Premier League,19-099,2007.0,11,499,45,16.3,5.5,6,73.0,1,5,12.0,5,1.36,4,10,-6,-1.08,-1.29,148,eng ENG,MF,eng Premier League,19-099,2007.0,5.5,0,0,0,6,15,2,2,4,10,0,0.0,0.0,0.721442885771543,0.2164328657314629,0.23485464029594014,-0.018421774564477245
50,Honest Ahanor,it ITA,DF,Atalanta,it Serie A,18.0,2008.0,18,12,1079,12.0,0,0,0,0,0,0,1,1,0.0,,,,,,,,,,,,,,,,,,,,,,,,,50,it ITA,DF,it Serie A,18-064,2008.0,12.0,0,10,2,20.0,0.83,0.17,0.0,0.0,0,0,60,it ITA,DF,it Serie A,18-064,2008.0,18,1079,60,35.3,12.0,12,70.0,7,6,39.0,14,1.72,16,11,5,0.42,-0.04,50,it ITA,DF,it Serie A,18-064,2008.0,12.0,1,1,0,17,22,0,1,15,15,0,0.0,0.0,1.2511584800741427,0.3753475440222428,0.39427109235037217,-0.01892354832812937
760,Claudio Echeverri,ar ARG,MF,Leverkusen,de Bundesliga,20.0,2006.0,6,1,134,1.5,0,0,0,0,0,0,0,0,0.0,,,,,,,,,,,,,,,,,,,,,,,,,760,ar ARG,MF,de Bundesliga,20-116,2006.0,1.5,0,1,0,0.0,0.67,0.0,0.0,,0,0,951,ar ARG,MF,de Bundesliga,20-116,2006.0,6,134,22,4.8,1.5,1,55.0,0,5,16.0,7,0.33,2,6,-4,-2.69,-3.5,760,ar ARG,MF,de Bundesliga,20-116,2006.0,1.5,0,0,0,0,2,0,6,1,1,0,0.0,0.0,0.6716417910447761,0.2014925373134328,0.22066836567041753,-0.019175828356984725
1665,Henrik Meister,dk DEN,FW,Pisa,it Serie A,22.0,2003.0,25,15,1437,16.0,2,0,2,2,0,0,1,0,0.13,,,,,,,,,,,,,,,,,,,,,,,,,1665,dk DEN,FW,it Serie A,22-162,2003.0,16.0,2,20,8,40.0,1.25,0.5,0.1,0.25,0,0,2087,dk DEN,FW,it Serie A,22-162,2003.0,25,1437,57,47.0,16.0,15,75.0,6,10,31.0,7,0.52,13,26,-13,-0.81,0.52,1665,dk DEN,FW,it Serie A,22-162,2003.0,16.0,1,0,0,25,17,4,0,0,3,0,0.12526096033402923,0.0,0.0,0.05010438413361169,0.06964042308017336,-0.019536038946561668
665,Amad Diallo,ci CIV,MF,Manchester Utd,eng Premier League,23.0,2002.0,28,24,2042,22.7,2,2,4,2,0,0,2,0,0.18,,,,,,,,,,,,,,,,,,,,,,,,,665,ci CIV,MF,eng Premier League,23-291,2002.0,22.7,2,48,20,41.7,2.12,0.88,0.04,0.1,0,0,835,ci CIV,MF,eng Premier League,23-291,2002.0,28,2042,73,66.7,22.7,24,82.0,15,4,20.0,0,1.96,45,29,16,0.71,0.88,665,ci CIV,MF,eng Premier League,23-291,2002.0,22.7,2,0,0,19,34,12,42,13,21,0,0.0881488736532811,0.0881488736532811,0.5729676787463271,0.23359451518119492,0.253486435136498,-0.019891919955303067
1212,Castrop Jens,kr KOR,MF,Gladbach,de Bundesliga,22.0,2003.0,26,20,1584,17.6,3,1,4,3,0,0,2,2,0.23,,,,,,,,,,,,,,,,,,,,,,,,,1212,kr KOR,MF,de Bundesliga,22-273,2003.0,17.6,3,30,12,40.0,1.7,0.68,0.1,0.25,0,0,1512,kr KOR,MF,de Bundesliga,22-273,2003.0,26,1584,61,56.8,17.6,20,74.0,4,6,17.0,1,1.0,21,31,-10,-0.57,-0.27,1212,kr KOR,MF,de Bundesliga,22-273,2003.0,17.6,2,2,0,31,26,3,21,17,27,0,0.17045454545454547,0.05681818181818182,0.9659090909090908,0.375,0.39489585503030816,-0.019895855030308163
671,Habib Diarra,sn SEN,MF,Sunderland,eng Premier League,22.0,2004.0,17,15,1342,14.9,2,1,3,1,1,1,5,0,0.13,,,,,,,,,,,,,,,,,,,,,,,,,671,sn SEN,MF,eng Premier League,22-115,2004.0,14.9,2,21,8,38.1,1.41,0.54,0.05,0.13,1,1,842,sn SEN,MF,eng Premier League,22-115,2004.0,17,1342,79,43.9,14.9,15,85.0,8,2,36.0,0,1.24,15,19,-4,-0.27,-0.01,671,sn SEN,MF,eng Premier League,22-115,2004.0,14.9,5,0,0,18,26,1,26,4,7,0,0.13412816691505217,0.06706408345752608,0.26825633383010433,0.15424739195230996,0.17418675915340626,-0.019939367201096292
1042,Idrissa Guèye,sn SEN,FW,Udinese,it Serie A,19.0,2006.0,15,1,330,3.7,0,0,0,0,0,0,2,0,0.0,,,,,,,,,,,,,,,,,,,,,,,,,1042,sn SEN,FW,it Serie A,19-224,2006.0,3.7,0,13,3,23.1,3.55,0.82,0.0,0.0,0,0,1309,sn SEN,FW,it Serie A,19-224,2006.0,15,330,22,10.8,3.7,1,81.0,0,14,18.0,16,0.8,2,6,-4,-1.09,-1.06,1042,sn SEN,FW,it Serie A,19-224,2006.0,3.7,2,0,0,13,7,2,4,3,3,0,0.0,0.0,0.8181818181818181,0.24545454545454543,0.2654094659870246,-0.01995492053247916
1479,David López,es ESP,DF,Mallorca,es La Liga,23.0,2003.0,10,7,675,7.5,0,0,0,0,0,0,2,0,0.0,,,,,,,,,,,,,,,,,,,,,,,,,1479,es ESP,DF,es La Liga,23-084,2003.0,7.5,0,4,0,0.0,0.53,0.0,0.0,,0,0,1856,es ESP,DF,es La Liga,23-084,2003.0,10,675,68,22.7,7.5,7,86.0,6,3,25.0,23,1.1,11,15,-4,-0.53,-0.3,1479,es ESP,DF,es La Liga,23-084,2003.0,7.5,2,0,0,9,3,0,0,9,5,1,0.0,0.0,1.2000000000000002,0.36000000000000004,0.3800771326231487,-0.02007713262314864
2146,Gio Reyna,us USA,MF,Gladbach,de Bundesliga,23.0,2002.0,16,4,442,4.9,0,0,0,0,0,0,1,0,0.0,,,,,,,,,,,,,,,,,,,,,,,,,2146,us USA,MF,de Bundesliga,23-166,2002.0,4.9,0,6,1,16.7,1.22,0.2,0.0,0.0,0,0,2701,us USA,MF,de Bundesliga,23-166,2002.0,16,442,28,15.8,4.9,4,65.0,0,12,15.0,6,1.31,5,10,-5,-1.02,-0.67,2146,us USA,MF,de Bundesliga,23-166,2002.0,4.9,1,0,0,5,8,0,9,3,6,0,0.0,0.0,0.6108597285067874,0.18325791855203621,0.20343149094660393,-0.020173572394567713
2579,Lukas Ullrich,de GER,"DF,MF",Gladbach,de Bundesliga,22.0,2004.0,21,13,1170,13.0,0,0,0,0,0,0,2,0,0.0,,,,,,,,,,,,,,,,,,,,,,,,,2579,de GER,"DF,MF",de Bundesliga,22-043,2004.0,13.0,0,10,2,20.0,0.77,0.15,0.0,0.0,0,0,3255,de GER,"DF,MF",de Bundesliga,22-043,2004.0,21,1170,56,41.9,13.0,13,78.0,4,8,20.0,10,0.71,14,28,-14,-1.08,-1.08,2579,de GER,"DF,MF",de Bundesliga,22-043,2004.0,13.0,2,0,0,16,10,1,35,20,14,0,0.0,0.0,1.5384615384615385,0.46153846153846156,0.48182151660477374,-0.020283055066312172
2309,Sávio,br BRA,MF,Manchester City,eng Premier League,22.0,2004.0,20,5,617,6.9,0,1,1,0,0,0,2,0,0.15,,,,,,,,,,,,,,,,,,,,,,,,,2309,br BRA,MF,eng Premier League,22-018,2004.0,6.9,0,15,10,66.7,2.19,1.46,0.0,0.0,0,0,2905,br BRA,MF,eng Premier League,22-018,2004.0,20,617,31,20.8,6.9,5,74.0,1,15,17.0,2,2.4,9,5,4,0.58,-0.68,2309,br BRA,MF,eng Premier League,22-018,2004.0,6.9,2,0,0,8,10,4,32,5,4,0,0.0,0.1458670988654781,0.7293354943273905,0.2625607779578606,0.2829605261303698,-0.020399748172509224
987,Valentín Gómez,ar ARG,DF,Real Betis,es La Liga,22.0,2003.0,24,16,1600,17.8,1,0,1,1,0,0,5,0,0.06,,,,,,,,,,,,,,,,,,,,,,,,,987,ar ARG,DF,es La Liga,22-306,2003.0,17.8,1,10,4,40.0,0.56,0.23,0.1,0.25,0,0,1241,ar ARG,DF,es La Liga,22-306,2003.0,24,1600,67,53.9,17.8,16,90.0,16,8,20.0,8,1.67,24,22,2,0.11,-0.28,987,ar ARG,DF,es La Liga,22-306,2003.0,17.8,5,0,0,23,11,1,12,20,24,0,0.05625,0.0,1.125,0.36,0.3806340486292435,-0.020634048629243507
135,Jon Aramburu,ve VEN,DF,Real Sociedad,es La Liga,23.0,2002.0,31,28,2523,28.0,1,0,1,1,0,0,9,0,0.04,,,,,,,,,,,,,,,,,,,,,,,,,135,ve VEN,DF,es La Liga,23-279,2002.0,28.0,1,20,5,25.0,0.71,0.18,0.05,0.2,0,0,168,ve VEN,DF,es La Liga,23-279,2002.0,31,2523,81,84.9,28.0,28,86.0,22,3,35.0,0,1.35,43,44,-1,-0.04,-0.24,135,ve VEN,DF,es La Liga,23-279,2002.0,28.0,9,0,0,62,42,3,46,42,60,0,0.0356718192627824,0.0,1.4982164090368608,0.4637336504161712,0.48438905128010373,-0.020655400863932527
963,Giovane,br BRA,"FW,MF",Hellas Verona,it Serie A,22.0,2003.0,21,19,1533,17.0,3,4,7,3,0,0,2,0,0.41,,,,,,,,,,,,,,,,,,,,,,,,,963,br BRA,"FW,MF",it Serie A,22-155,2003.0,17.0,3,47,25,53.2,2.76,1.47,0.06,0.12,0,0,1212,br BRA,"FW,MF",it Serie A,22-155,2003.0,21,1533,73,50.1,17.0,19,77.0,8,2,33.0,0,0.67,12,23,-11,-0.65,0.65,963,br BRA,"FW,MF",it Serie A,22-155,2003.0,17.0,2,0,0,21,15,8,56,5,9,0,0.1761252446183953,0.23483365949119372,0.29354207436399216,0.22896281800391388,0.24976131183256636,-0.02079849382865248
366,Jarrad Branthwaite,eng ENG,DF,Everton,eng Premier League,23.0,2002.0,10,7,680,7.6,1,0,1,1,0,0,1,0,0.13,,,,,,,,,,,,,,,,,,,,,,,,,366,eng ENG,DF,eng Premier League,23-305,2002.0,7.6,1,6,2,33.3,0.79,0.26,0.17,0.5,0,0,456,eng ENG,DF,eng Premier League,23-305,2002.0,10,680,68,22.2,7.6,7,88.0,4,3,21.0,0,1.5,10,9,1,0.13,0.17,366,eng ENG,DF,eng Premier League,23-305,2002.0,7.6,1,0,0,3,1,1,3,11,6,0,0.1323529411764706,0.0,1.4558823529411766,0.4897058823529412,0.5107161785014724,-0.021010296148531227
1572,Mateus Mane,pt POR,MF,Wolves,eng Premier League,18.0,2007.0,23,15,1459,16.2,2,1,3,2,0,0,0,0,0.19,,,,,,,,,,,,,,,,,,,,,,,,,1572,pt POR,MF,eng Premier League,18-224,2007.0,16.2,2,32,12,37.5,1.97,0.74,0.06,0.17,0,0,1968,pt POR,MF,eng Premier League,18-224,2007.0,23,1459,63,47.7,16.2,15,85.0,12,8,23.0,0,0.65,13,25,-12,-0.74,0.72,1572,pt POR,MF,eng Premier League,18-224,2007.0,16.2,0,0,0,24,40,1,62,4,12,0,0.12337217272104181,0.061686086360520906,0.24674434544208362,0.1418779986291981,0.16304156687378832,-0.02116356824459023
2402,Jhon Solis,co COL,MF,Girona,es La Liga,21.0,2004.0,12,3,380,4.2,0,0,0,0,0,0,0,0,0.0,,,,,,,,,,,,,,,,,,,,,,,,,2402,co COL,MF,es La Liga,21-207,2004.0,4.2,0,3,2,66.7,0.71,0.47,0.0,0.0,0,0,3029,co COL,MF,es La Liga,21-207,2004.0,12,380,32,12.8,4.2,3,78.0,1,9,16.0,5,0.75,2,14,-12,-2.84,-2.77,2402,co COL,MF,es La Liga,21-207,2004.0,4.2,0,0,0,2,7,0,0,4,3,0,0.0,0.0,0.9473684210526315,0.28421052631578947,0.30542373127836037,-0.021213204962570897
1971,Pablo,br BRA,"MF,FW",West Ham United,eng Premier League,22.0,2004.0,10,8,636,7.1,0,1,1,0,0,0,0,0,0.14,,,,,,,,,,,,,,,,,,,,,,,,,1971,br BRA,"MF,FW",eng Premier League,22-116,2004.0,7.1,0,8,1,12.5,1.13,0.14,0.0,0.0,0,0,2472,br BRA,"MF,FW",eng Premier League,22-116,2004.0,10,636,64,20.8,7.1,8,75.0,1,2,20.0,1,1.7,11,7,4,0.57,1.31,1971,br BRA,"MF,FW",eng Premier League,22-116,2004.0,7.1,0,0,0,17,6,0,2,5,9,0,0.0,0.14150943396226415,0.7075471698113207,0.25471698113207547,0.27598849286130883,-0.02127151172923336
2491,Kenneth Taylor,nl NED,MF,Lazio,it Serie A,23.0,2002.0,15,15,1263,14.0,3,2,5,3,0,0,4,0,0.36,,,,,,,,,,,,,,,,,,,,,,,,,2491,nl NED,MF,it Serie A,23-347,2002.0,14.0,3,16,6,37.5,1.14,0.43,0.19,0.5,0,0,3146,nl NED,MF,it Serie A,23-347,2002.0,15,1263,84,41.3,14.0,15,84.0,8,0,,0,1.53,13,15,-2,-0.14,-0.44,2491,nl NED,MF,it Serie A,23-347,2002.0,14.0,4,0,0,14,12,0,9,9,11,0,0.2137767220902613,0.14251781472684086,0.6413301662707839,0.32066508313539194,0.34213380444500724,-0.021468721309615302
625,Mathys De Carvalho,fr FRA,MF,Lyon,fr Ligue 1,20.0,2005.0,10,3,288,3.2,0,0,0,0,0,0,1,0,0.0,,,,,,,,,,,,,,,,,,,,,,,,,625,fr FRA,MF,fr Ligue 1,20-362,2005.0,3.2,0,7,2,28.6,2.19,0.62,0.0,0.0,0,0,784,fr FRA,MF,fr Ligue 1,20-362,2005.0,10,288,29,10.3,3.2,3,69.0,1,7,12.0,15,2.1,6,4,2,0.62,0.12,625,fr FRA,MF,fr Ligue 1,20-362,2005.0,3.2,1,0,0,2,5,0,2,3,5,0,0.0,0.0,0.9375,0.28125,0.30273922955645355,-0.02148922955645355
1621,Franco Mastantuono,ar ARG,"MF,FW",Real Madrid,es La Liga,18.0,2007.0,18,9,817,9.1,1,0,1,1,0,0,5,1,0.11,,,,,,,,,,,,,,,,,,,,,,,,,1621,ar ARG,"MF,FW",es La Liga,18-257,2007.0,9.1,1,26,5,19.2,2.86,0.55,0.04,0.2,0,0,2032,ar ARG,"MF,FW",es La Liga,18-257,2007.0,18,817,45,27.5,9.1,9,69.0,1,9,22.0,10,2.5,23,8,15,1.65,0.73,1621,ar ARG,"MF,FW",es La Liga,18-257,2007.0,9.1,5,1,0,18,21,0,28,2,12,0,0.11015911872705017,0.0,0.22031823745410034,0.11015911872705017,0.13166727313306079,-0.021508154406010616
846,Dro Fernández,es ESP,MF,Paris Saint-Germain,fr Ligue 1,18.0,2008.0,8,4,367,4.1,1,0,1,1,0,0,0,0,0.25,,,,,,,,,,,,,,,,,,,,,,,,,846,es ESP,MF,fr Ligue 1,18-106,2008.0,4.1,1,3,2,66.7,0.74,0.49,0.33,0.5,0,0,1061,es ESP,MF,fr Ligue 1,18-106,2008.0,8,367,46,13.6,4.1,4,68.0,1,4,24.0,3,2.25,9,3,6,1.47,0.04,846,es ESP,MF,fr Ligue 1,18-106,2008.0,4.1,0,0,0,5,8,0,2,6,1,0,0.24523160762942778,0.0,1.4713896457765667,0.5395095367847411,0.5613040656231617,-0.02179452883842059
301,Nicolò Bertola,it ITA,"DF,MF",Udinese,it Serie A,23.0,2003.0,25,18,1649,18.3,0,1,1,0,0,0,3,0,0.05,,,,,,,,,,,,,,,,,,,,,,,,,301,it ITA,"DF,MF",it Serie A,23-036,2003.0,18.3,0,12,4,33.3,0.65,0.22,0.0,0.0,0,0,373,it ITA,"DF,MF",it Serie A,23-036,2003.0,25,1649,66,53.9,18.3,18,82.0,11,7,24.0,5,1.52,22,25,-3,-0.16,-0.04,301,it ITA,"DF,MF",it Serie A,23-036,2003.0,18.3,3,0,0,17,11,0,8,22,20,0,0.0,0.0545785324439054,1.2007277137659187,0.37659187386294724,0.3984535580271929,-0.021861684164245665
2043,Prosper Peter,ng NGA,FW,Angers,fr Ligue 1,18.0,2007.0,27,12,1167,13.0,5,0,5,5,0,0,0,0,0.39,,,,,,,,,,,,,,,,,,,,,,,,,2043,ng NGA,FW,fr Ligue 1,18-262,2007.0,13.0,5,23,14,60.9,1.77,1.08,0.22,0.36,0,0,2565,ng NGA,FW,fr Ligue 1,18-262,2007.0,27,1167,43,41.8,13.0,12,73.0,5,15,19.0,1,1.11,12,25,-13,-1.0,-0.78,2043,ng NGA,FW,fr Ligue 1,18-262,2007.0,13.0,0,0,0,29,27,15,0,4,3,0,0.3856041131105399,0.0,0.30848329048843187,0.24678663239074553,0.2686926151626156,-0.021905982771870086
2284,Nhoa Sangui,fr FRA,DF,Paris FC,fr Ligue 1,20.0,2006.0,24,16,1557,17.3,0,0,0,0,0,0,0,0,0.0,,,,,,,,,,,,,,,,,,,,,,,,,2284,fr FRA,DF,fr Ligue 1,20-060,2006.0,17.3,0,4,1,25.0,0.23,0.06,0.0,0.0,0,0,2874,fr FRA,DF,fr Ligue 1,20-060,2006.0,24,1557,65,55.8,17.3,16,89.0,14,8,16.0,0,1.33,19,27,-8,-0.46,-0.54,2284,fr FRA,DF,fr Ligue 1,20-060,2006.0,17.3,0,0,0,4,16,2,37,17,13,0,0.0,0.0,0.9826589595375722,0.29479768786127164,0.3167212030292659,-0.021923515167994234
493,Nidal Celik,ba BIH,DF,Lens,fr Ligue 1,19.0,2006.0,7,7,526,5.8,0,0,0,0,0,0,1,0,0.0,,,,,,,,,,,,,,,,,,,,,,,,,493,ba BIH,DF,fr Ligue 1,19-285,2006.0,5.8,0,1,1,100.0,0.17,0.17,0.0,0.0,0,0,613,ba BIH,DF,fr Ligue 1,19-285,2006.0,7,526,75,19.5,5.8,7,75.0,4,0,,3,1.43,16,9,7,1.2,0.33,493,ba BIH,DF,fr Ligue 1,19-285,2006.0,5.8,1,0,0,10,1,0,0,8,9,0,0.0,0.0,1.3688212927756653,0.4106463878326996,0.43266429986933674,-0.022017912036637166
734,Ismaël Doukouré,fr FRA,"DF,MF",Strasbourg,fr Ligue 1,22.0,2003.0,22,22,1822,20.2,0,1,1,0,0,0,3,2,0.05,,,,,,,,,,,,,,,,,,,,,,,,,734,fr FRA,"DF,MF",fr Ligue 1,22-278,2003.0,20.2,0,7,3,42.9,0.35,0.15,0.0,0.0,0,0,915,fr FRA,"DF,MF",fr Ligue 1,22-278,2003.0,22,1822,83,67.5,20.2,22,83.0,17,0,,0,1.59,35,25,10,0.49,0.49,734,fr FRA,"DF,MF",fr Ligue 1,22-278,2003.0,20.2,3,2,0,17,15,0,3,22,10,1,0.0,0.04939626783754116,1.0867178924259056,0.340834248079034,0.36287190267105773,-0.022037654592023725
1832,Kosta Nedeljković,rs SRB,DF,RB Leipzig,de Bundesliga,20.0,2005.0,5,3,251,2.8,0,0,0,0,0,0,0,0,0.0,,,,,,,,,,,,,,,,,,,,,,,,,1832,rs SRB,DF,de Bundesliga,20-133,2005.0,2.8,0,0,0,0.0,0.0,0.0,,,0,0,2299,rs SRB,DF,de Bundesliga,20-133,2005.0,5,251,50,9.0,2.8,3,80.0,1,2,6.0,10,1.8,8,4,4,1.43,0.73,1832,rs SRB,DF,de Bundesliga,20-133,2005.0,2.8,0,0,0,1,1,0,6,1,1,0,0.0,0.0,0.35856573705179284,0.10756972111553785,0.1299654199868272,-0.022395698871289352
2213,Jonathan Rowe,eng ENG,"MF,FW",Bologna,it Serie A,22.0,2003.0,24,15,1365,15.2,2,1,3,2,0,0,2,0,0.2,,,,,,,,,,,,,,,,,,,,,,,,,2213,eng ENG,"MF,FW",it Serie A,22-363,2003.0,15.2,2,41,14,34.1,2.7,0.92,0.05,0.14,0,0,2785,eng ENG,"MF,FW",it Serie A,22-363,2003.0,24,1365,57,44.6,15.2,15,74.0,2,9,29.0,8,1.21,16,17,-1,-0.07,-0.17,2213,eng ENG,"MF,FW",it Serie A,22-363,2003.0,15.2,2,0,0,21,40,4,47,7,12,0,0.13186813186813187,0.06593406593406594,0.46153846153846156,0.21098901098901102,0.23347866341376025,-0.022489652424749235
1851,Mikayil Ngor Faye,sn SEN,"MF,DF",Cremonese,it Serie A,21.0,2004.0,8,2,254,2.8,0,0,0,0,0,0,1,0,0.0,,,,,,,,,,,,,,,,,,,,,,,,,1851,sn SEN,"MF,DF",it Serie A,21-288,2004.0,2.8,0,2,0,0.0,0.71,0.0,0.0,,0,0,2321,sn SEN,"MF,DF",it Serie A,21-288,2004.0,8,254,32,8.3,2.8,2,68.0,0,6,20.0,18,0.5,2,3,-1,-0.35,0.42,1851,sn SEN,"MF,DF",it Serie A,21-288,2004.0,2.8,1,0,0,2,4,0,6,5,6,0,0.0,0.0,1.7716535433070866,0.5314960629921259,0.5541570229796136,-0.022660959987487628
1975,Kendry Páez,ec ECU,"MF,FW",Strasbourg,fr Ligue 1,18.0,2007.0,15,4,424,4.7,1,0,1,1,0,0,0,0,0.21,,,,,,,,,,,,,,,,,,,,,,,,,1975,ec ECU,"MF,FW",fr Ligue 1,18-359,2007.0,4.7,1,10,4,40.0,2.12,0.85,0.1,0.25,0,0,2478,ec ECU,"MF,FW",fr Ligue 1,18-359,2007.0,15,424,28,15.7,4.7,4,56.0,0,11,18.0,3,1.53,6,3,3,0.64,0.36,1975,ec ECU,"MF,FW",fr Ligue 1,18-359,2007.0,4.7,0,0,0,7,3,1,18,3,4,0,0.2122641509433962,0.0,0.6367924528301887,0.2759433962264151,0.2986517734732652,-0.022708377246850098
2028,Everton Pereira,fr FRA,MF,Nice,fr Ligue 1,19.0,2007.0,3,2,135,1.5,0,0,0,0,0,0,0,0,0.0,,,,,,,,,,,,,,,,,,,,,,,,,2028,fr FRA,MF,fr Ligue 1,19-016,2007.0,1.5,0,2,0,0.0,1.33,0.0,0.0,,0,0,2548,fr FRA,MF,fr Ligue 1,19-016,2007.0,3,135,45,4.8,1.5,2,67.0,0,1,1.0,3,0.67,2,4,-2,-1.33,-0.66,2028,fr FRA,MF,fr Ligue 1,19-016,2007.0,1.5,0,0,0,4,0,0,0,3,0,0,0.0,0.0,2.0,0.6,0.6227395095377544,-0.022739509537754388
2239,Noah Sadiki,cd COD,MF,Sunderland,eng Premier League,21.0,2004.0,29,29,2562,28.5,0,1,1,0,0,0,8,0,0.04,,,,,,,,,,,,,,,,,,,,,,,,,2239,cd COD,MF,eng Premier League,21-132,2004.0,28.5,0,16,4,25.0,0.56,0.14,0.0,0.0,0,0,2815,cd COD,MF,eng Premier League,21-132,2004.0,29,2562,88,83.7,28.5,29,88.0,24,0,,0,1.45,33,39,-6,-0.21,0.33,2239,cd COD,MF,eng Premier League,21-132,2004.0,28.5,8,0,0,28,32,1,17,30,24,0,0.0,0.0351288056206089,1.053864168618267,0.3266978922716628,0.3494520952000816,-0.022754202928418787
833,Jacopo Fazzini,it ITA,"MF,FW",Fiorentina,it Serie A,23.0,2003.0,19,5,568,6.3,0,0,0,0,0,0,2,0,0.0,,,,,,,,,,,,,,,,,,,,,,,,,833,it ITA,"MF,FW",it Serie A,23-043,2003.0,6.3,0,9,1,11.1,1.43,0.16,0.0,0.0,0,0,1042,it ITA,"MF,FW",it Serie A,23-043,2003.0,19,568,30,18.6,6.3,5,73.0,0,14,15.0,8,1.0,6,8,-2,-0.32,-0.14,833,it ITA,"MF,FW",it Serie A,23-043,2003.0,6.3,2,0,0,12,14,0,15,5,9,0,0.0,0.0,0.7922535211267606,0.23767605633802819,0.26047152966962506,-0.02279547333159687
1306,Aljoscha Kemlein,de GER,MF,Union Berlin,de Bundesliga,21.0,2004.0,27,20,1689,18.8,0,1,1,0,0,0,3,0,0.05,,,,,,,,,,,,,,,,,,,,,,,,,1306,de GER,MF,de Bundesliga,21-269,2004.0,18.8,0,13,2,15.4,0.69,0.11,0.0,0.0,0,0,1623,de GER,MF,de Bundesliga,21-269,2004.0,27,1689,63,60.5,18.8,20,77.0,5,7,20.0,4,1.0,19,28,-9,-0.48,0.42,1306,de GER,MF,de Bundesliga,21-269,2004.0,18.8,3,0,0,18,10,0,8,17,22,0,0.0,0.05328596802841918,0.9058614564831262,0.2877442273534636,0.3107464646756269,-0.023002237322163277
1697,William Mikelbrencis,fr FRA,"MF,DF",Hamburger SV,de Bundesliga,22.0,2004.0,25,15,1370,15.2,0,4,4,0,0,0,3,0,0.26,,,,,,,,,,,,,,,,,,,,,,,,,1697,fr FRA,"MF,DF",de Bundesliga,22-062,2004.0,15.2,0,12,6,50.0,0.79,0.39,0.0,0.0,0,0,2131,fr FRA,"MF,DF",de Bundesliga,22-062,2004.0,25,1370,55,49.1,15.2,15,81.0,5,10,16.0,6,1.04,17,34,-17,-1.12,-1.18,1697,fr FRA,"MF,DF",de Bundesliga,22-062,2004.0,15.2,3,0,0,18,5,5,53,6,22,0,0.0,0.2627737226277372,0.39416058394160586,0.1970802919708029,0.22012496069712706,-0.023044668726324158
31,Nathaniel Adjei,gh GHA,DF,Lorient,fr Ligue 1,23.0,2002.0,12,6,583,6.5,0,0,0,0,0,0,0,0,0.0,,,,,,,,,,,,,,,,,,,,,,,,,31,gh GHA,DF,fr Ligue 1,23-250,2002.0,6.5,0,4,2,50.0,0.62,0.31,0.0,0.0,0,0,37,gh GHA,DF,fr Ligue 1,23-250,2002.0,12,583,49,20.9,6.5,6,90.0,6,6,7.0,11,1.67,7,9,-2,-0.31,-0.19,31,gh GHA,DF,fr Ligue 1,23-250,2002.0,6.5,0,0,0,3,6,0,0,6,5,1,0.0,0.0,0.9262435677530018,0.27787307032590053,0.3009536561655372,-0.02308058583963668
1603,Jon Martin,es ESP,DF,Real Sociedad,es La Liga,20.0,2006.0,21,21,1890,21.0,1,0,1,1,0,0,5,0,0.05,,,,,,,,,,,,,,,,,,,,,,,,,1603,es ESP,DF,es La Liga,20-005,2006.0,21.0,1,14,4,28.6,0.67,0.19,0.07,0.25,0,0,2011,es ESP,DF,es La Liga,20-005,2006.0,21,1890,90,63.6,21.0,21,90.0,21,0,,7,1.33,36,36,0,0.0,0.0,1603,es ESP,DF,es La Liga,20-005,2006.0,21.0,5,0,0,14,10,0,0,33,14,0,0.04761904761904762,0.0,1.5714285714285714,0.49047619047619045,0.5136567092934281,-0.02318051881723765
2726,Warren Zaïre-Emery,fr FRA,"DF,MF",Paris Saint-Germain,fr Ligue 1,20.0,2006.0,30,26,2360,26.2,2,4,6,2,0,0,3,0,0.23,,,,,,,,,,,,,,,,,,,,,,,,,2726,fr FRA,"DF,MF",fr Ligue 1,20-051,2006.0,26.2,2,18,6,33.3,0.69,0.23,0.11,0.33,0,0,3430,fr FRA,"DF,MF",fr Ligue 1,20-051,2006.0,30,2360,79,87.4,26.2,26,84.0,18,4,42.0,0,2.3,58,22,36,1.37,-0.48,2726,fr FRA,"DF,MF",fr Ligue 1,20-051,2006.0,26.2,3,0,0,35,17,0,14,11,29,0,0.07627118644067796,0.15254237288135591,0.41949152542372886,0.20211864406779662,0.22533559064239572,-0.023216946574599107
2041,Máximo Perrone,ar ARG,MF,Como,it Serie A,23.0,2003.0,32,29,2427,27.0,3,4,7,3,0,0,8,0,0.26,,,,,,,,,,,,,,,,,,,,,,,,,2041,ar ARG,MF,it Serie A,23-111,2003.0,27.0,3,17,8,47.1,0.63,0.3,0.18,0.38,0,0,2562,ar ARG,MF,it Serie A,23-111,2003.0,32,2427,76,79.3,27.0,29,80.0,18,3,32.0,1,1.81,48,20,28,1.04,0.61,2041,ar ARG,MF,it Serie A,23-111,2003.0,27.0,8,0,0,38,22,1,8,19,35,0,0.11124845488257107,0.14833127317676142,0.7045735475896168,0.30037082818294186,0.3238165893567904,-0.023445761173848556
1157,Oscar Højlund,dk DEN,MF,Eintracht Frankfurt,de Bundesliga,21.0,2005.0,23,11,1029,11.4,1,1,2,1,0,0,3,1,0.17,,,,,,,,,,,,,,,,,,,,,,,,,1157,dk DEN,MF,de Bundesliga,21-114,2005.0,11.4,1,7,3,42.9,0.61,0.26,0.14,0.33,0,0,1447,dk DEN,MF,de Bundesliga,21-114,2005.0,23,1029,45,36.9,11.4,11,71.0,0,12,20.0,3,1.26,14,21,-7,-0.61,-0.87,1157,dk DEN,MF,de Bundesliga,21-114,2005.0,11.4,3,1,1,25,5,1,2,7,17,0,0.08746355685131195,0.08746355685131195,0.6122448979591837,0.24489795918367346,0.2687134897334592,-0.023815530549785746
880,Niccolò Fortini,it ITA,MF,Fiorentina,it Serie A,20.0,2006.0,16,2,541,6.0,0,0,0,0,0,0,0,0,0.0,,,,,,,,,,,,,,,,,,,,,,,,,880,it ITA,MF,it Serie A,20-074,2006.0,6.0,0,8,2,25.0,1.33,0.33,0.0,0.0,0,0,1105,it ITA,MF,it Serie A,20-074,2006.0,16,541,34,17.7,6.0,2,78.0,1,14,28.0,12,0.81,9,12,-3,-0.5,-0.36,880,it ITA,MF,it Serie A,20-074,2006.0,6.0,0,0,0,5,18,0,29,4,9,0,0.0,0.0,0.6654343807763401,0.19963031423290203,0.2235853386767357,-0.023955024443833656
350,Ayyoub Bouaddi,fr FRA,MF,Lille,fr Ligue 1,18.0,2007.0,27,25,2103,23.4,0,1,1,0,0,0,6,1,0.04,,,,,,,,,,,,,,,,,,,,,,,,,350,fr FRA,MF,fr Ligue 1,18-208,2007.0,23.4,0,15,4,26.7,0.64,0.17,0.0,0.0,0,0,436,fr FRA,MF,fr Ligue 1,18-208,2007.0,27,2103,78,75.4,23.4,25,83.0,15,2,14.0,2,1.67,28,23,5,0.21,-1.23,350,fr FRA,MF,fr Ligue 1,18-208,2007.0,23.4,6,1,0,35,21,0,16,25,35,0,0.0,0.042796005706134094,1.0699001426533523,0.33380884450784587,0.35808402759909613,-0.024275183091250263
432,Ousmane Camara,ml MLI,DF,Angers,fr Ligue 1,23.0,2003.0,29,28,2448,27.2,1,0,1,1,0,0,3,0,0.04,,,,,,,,,,,,,,,,,,,,,,,,,432,ml MLI,DF,fr Ligue 1,23-053,2003.0,27.2,1,9,4,44.4,0.33,0.15,0.11,0.25,0,0,535,ml MLI,DF,fr Ligue 1,23-053,2003.0,29,2448,84,87.7,27.2,28,87.0,26,1,18.0,1,1.17,25,33,-8,-0.29,2.07,432,ml MLI,DF,fr Ligue 1,23-053,2003.0,27.2,3,0,0,20,7,1,3,34,29,0,0.03676470588235294,0.0,1.25,0.3897058823529412,0.41448139228638964,-0.02477550993344846
1932,Andrew Omobamidele,ie IRL,DF,Strasbourg,fr Ligue 1,23.0,2002.0,22,11,1157,12.9,1,0,1,1,0,0,4,0,0.08,,,,,,,,,,,,,,,,,,,,,,,,,1932,ie IRL,DF,fr Ligue 1,23-309,2002.0,12.9,1,3,2,66.7,0.23,0.16,0.33,0.5,0,0,2421,ie IRL,DF,fr Ligue 1,23-309,2002.0,22,1157,53,42.9,12.9,11,80.0,6,11,25.0,2,1.5,18,15,3,0.23,-0.17,1932,ie IRL,DF,fr Ligue 1,23-309,2002.0,12.9,4,0,0,10,9,0,0,13,4,0,0.07778738115816768,0.0,1.0112359550561798,0.334485738980121,0.3594228960070282,-0.024937157026907186
1006,Lucas Gourna-Douath,fr FRA,MF,Le Havre,fr Ligue 1,22.0,2003.0,13,12,1094,12.2,0,0,0,0,0,0,4,0,0.0,,,,,,,,,,,,,,,,,,,,,,,,,1006,fr FRA,MF,fr Ligue 1,22-266,2003.0,12.2,0,8,2,25.0,0.66,0.16,0.0,0.0,0,0,1266,fr FRA,MF,fr Ligue 1,22-266,2003.0,13,1094,84,39.2,12.2,12,87.0,9,1,45.0,0,0.92,10,16,-6,-0.49,-0.12,1006,fr FRA,MF,fr Ligue 1,22-266,2003.0,12.2,4,0,0,18,29,1,5,14,8,0,0.0,0.0,1.1517367458866545,0.34552102376599636,0.37053708496887056,-0.025016061202874196
21,Joshua Acheampong,eng ENG,DF,Chelsea,eng Premier League,19.0,2006.0,15,7,587,6.5,1,0,1,1,0,0,1,0,0.15,,,,,,,,,,,,,,,,,,,,,,,,,21,eng ENG,DF,eng Premier League,19-358,2006.0,6.5,1,3,2,66.7,0.46,0.31,0.33,0.5,0,0,25,eng ENG,DF,eng Premier League,19-358,2006.0,15,587,39,19.2,6.5,7,71.0,1,8,11.0,16,1.13,8,12,-4,-0.61,-1.05,21,eng ENG,DF,eng Premier League,19-358,2006.0,6.5,1,0,0,2,5,2,1,11,7,0,0.15332197614991483,0.0,1.686541737649063,0.5672913117546848,0.592588890120538,-0.025297578365853113
2185,Juan Rodríguez,uy URU,DF,Cagliari,it Serie A,20.0,2005.0,14,14,1150,12.8,0,0,0,0,0,0,3,0,0.0,,,,,,,,,,,,,,,,,,,,,,,,,2185,uy URU,DF,it Serie A,20-333,2005.0,12.8,0,1,1,100.0,0.08,0.08,0.0,0.0,0,0,2748,uy URU,DF,it Serie A,20-333,2005.0,14,1150,82,37.6,12.8,14,82.0,8,0,,15,0.86,12,20,-8,-0.63,-0.39,2185,uy URU,DF,it Serie A,20-333,2005.0,12.8,3,0,0,14,6,0,4,15,24,0,0.0,0.0,1.1739130434782608,0.3521739130434782,0.3776237456725906,-0.02544983262911238
749,Rafiu Durosinmi,ng NGA,FW,Pisa,it Serie A,23.0,2003.0,11,4,422,4.7,1,1,2,1,0,0,0,1,0.43,,,,,,,,,,,,,,,,,,,,,,,,,749,ng NGA,FW,it Serie A,23-117,2003.0,4.7,1,9,5,55.6,1.92,1.07,0.11,0.2,0,0,937,ng NGA,FW,it Serie A,23-117,2003.0,11,422,38,13.8,4.7,4,55.0,0,7,29.0,0,0.45,3,10,-7,-1.49,-0.47,749,ng NGA,FW,it Serie A,23-117,2003.0,4.7,0,1,0,14,2,3,0,1,0,0,0.2132701421800948,0.2132701421800948,0.2132701421800948,0.21327014218009477,0.23902306263953682,-0.025752920459442052
1966,Daniel Oyegoke,eng ENG,"MF,DF",Hellas Verona,it Serie A,23.0,2003.0,15,8,594,6.6,0,0,0,0,0,0,2,0,0.0,,,,,,,,,,,,,,,,,,,,,,,,,1966,eng ENG,"MF,DF",it Serie A,23-115,2003.0,6.6,0,3,1,33.3,0.45,0.15,0.0,0.0,0,0,2467,eng ENG,"MF,DF",it Serie A,23-115,2003.0,15,594,40,19.4,6.6,8,62.0,1,7,14.0,10,0.53,4,8,-4,-0.61,0.45,1966,eng ENG,"MF,DF",it Serie A,23-115,2003.0,6.6,2,0,0,13,5,1,32,7,9,0,0.0,0.0,1.0606060606060606,0.3181818181818182,0.3439348326428355,-0.0257530144610173
1289,Jon Karrikaburu,es ESP,FW,Real Sociedad,es La Liga,23.0,2002.0,7,0,135,1.5,0,0,0,0,0,0,0,0,0.0,,,,,,,,,,,,,,,,,,,,,,,,,1289,es ESP,FW,es La Liga,23-221,2002.0,1.5,0,7,2,28.6,4.67,1.33,0.0,0.0,0,0,1604,es ESP,FW,es La Liga,23-221,2002.0,7,135,19,4.5,1.5,0,,0,7,19.0,18,0.14,1,3,-2,-1.33,-1.4,1289,es ESP,FW,es La Liga,23-221,2002.0,1.5,0,0,0,3,4,2,1,0,2,0,0.0,0.0,0.0,0.0,0.025962912300610305,-0.025962912300610305
1692,Lucas Michal,fr FRA,MF,Metz,fr Ligue 1,20.0,2005.0,9,2,212,2.4,0,0,0,0,0,0,1,0,0.0,,,,,,,,,,,,,,,,,,,,,,,,,1692,fr FRA,MF,fr Ligue 1,20-311,2005.0,2.4,0,7,2,28.6,2.97,0.85,0.0,0.0,0,0,2125,fr FRA,MF,fr Ligue 1,20-311,2005.0,9,212,24,7.6,2.4,2,63.0,0,7,12.0,1,0.33,2,7,-5,-2.12,-0.94,1692,fr FRA,MF,fr Ligue 1,20-311,2005.0,2.4,1,0,0,3,2,1,1,0,0,0,0.0,0.0,0.0,0.0,0.025962912300610305,-0.025962912300610305
2657,İsak Vural,tr TUR,MF,Pisa,it Serie A,19.0,2006.0,11,6,509,5.7,0,0,0,0,0,0,4,0,0.0,,,,,,,,,,,,,,,,,,,,,,,,,2657,tr TUR,MF,it Serie A,19-335,2006.0,5.7,0,4,1,25.0,0.71,0.18,0.0,0.0,0,0,3349,tr TUR,MF,it Serie A,19-335,2006.0,11,509,46,16.6,5.7,6,68.0,1,5,20.0,6,0.73,4,9,-5,-0.88,0.24,2657,tr TUR,MF,it Serie A,19-335,2006.0,5.7,4,0,0,10,25,0,5,2,5,0,0.0,0.0,0.3536345776031434,0.106090373280943,0.1321874118170778,-0.026097038536134792
1609,Joaquín Martínez Gauna,es ESP,"MF,DF",Sevilla,es La Liga,22.0,2003.0,16,11,1137,12.6,1,3,4,1,0,0,1,0,0.32,,,,,,,,,,,,,,,,,,,,,,,,,1609,es ESP,"MF,DF",es La Liga,22-293,2003.0,12.6,1,11,4,36.4,0.87,0.32,0.09,0.25,0,0,2019,es ESP,"MF,DF",es La Liga,22-293,2003.0,16,1137,71,38.3,12.6,11,87.0,8,5,35.0,11,0.82,17,20,-3,-0.24,0.35,1609,es ESP,"MF,DF",es La Liga,22-293,2003.0,12.6,1,0,0,10,14,4,76,5,17,0,0.079155672823219,0.23746701846965698,0.395778364116095,0.2216358839050132,0.24782107998753336,-0.02618519608252015
2390,Tobias Slotsager,dk DEN,DF,Hellas Verona,it Serie A,20.0,2006.0,7,4,426,4.7,0,0,0,0,0,0,0,0,0.0,,,,,,,,,,,,,,,,,,,,,,,,,2390,dk DEN,DF,it Serie A,20-117,2006.0,4.7,0,3,1,33.3,0.63,0.21,0.0,0.0,0,0,3016,dk DEN,DF,it Serie A,20-117,2006.0,7,426,61,13.9,4.7,4,90.0,4,3,22.0,25,0.29,2,9,-7,-1.48,-0.59,2390,dk DEN,DF,it Serie A,20-117,2006.0,4.7,0,0,0,2,5,0,2,3,7,0,0.0,0.0,0.6338028169014085,0.19014084507042253,0.21639069259435492,-0.02624984752393239
1196,Jérémy Jacquet,fr FRA,DF,Rennes,fr Ligue 1,20.0,2005.0,19,19,1671,18.6,0,0,0,0,0,0,6,1,0.0,,,,,,,,,,,,,,,,,,,,,,,,,1196,fr FRA,DF,fr Ligue 1,20-289,2005.0,18.6,0,11,3,27.3,0.59,0.16,0.0,0.0,0,0,1492,fr FRA,DF,fr Ligue 1,20-289,2005.0,19,1671,88,59.9,18.6,19,88.0,17,0,,0,1.42,27,29,-2,-0.11,-1.23,1196,fr FRA,DF,fr Ligue 1,20-289,2005.0,18.6,6,1,1,20,17,1,0,22,17,0,0.0,0.0,1.18491921005386,0.35547576301615796,0.38178637190403314,-0.026310608887875175
578,Marius Courcoul,fr FRA,MF,Angers,fr Ligue 1,19.0,2007.0,18,3,374,4.2,0,0,0,0,0,0,0,0,0.0,,,,,,,,,,,,,,,,,,,,,,,,,578,fr FRA,MF,fr Ligue 1,19-117,2007.0,4.2,0,2,1,50.0,0.48,0.24,0.0,0.0,0,0,727,fr FRA,MF,fr Ligue 1,19-117,2007.0,18,374,21,13.4,4.2,3,65.0,0,15,12.0,9,1.11,7,8,-1,-0.24,0.36,578,fr FRA,MF,fr Ligue 1,19-117,2007.0,4.2,0,0,0,6,3,0,0,3,9,0,0.0,0.0,0.7219251336898397,0.2165775401069519,0.2429567281387337,-0.026379188031781797
1161,Arijon Ibrahimović,de GER,MF,Heidenheim,de Bundesliga,20.0,2005.0,29,22,1950,21.7,1,2,3,0,1,1,2,0,0.09,,,,,,,,,,,,,,,,,,,,,,,,,1161,de GER,MF,de Bundesliga,20-138,2005.0,21.7,1,42,17,40.5,1.94,0.78,0.0,0.0,1,1,1451,de GER,MF,de Bundesliga,20-138,2005.0,29,1950,67,69.9,21.7,22,79.0,10,7,30.0,0,0.72,23,44,-21,-0.97,0.1,1161,de GER,MF,de Bundesliga,20-138,2005.0,21.7,2,0,0,12,25,5,116,20,15,0,0.046153846153846156,0.09230769230769231,0.9230769230769231,0.3230769230769231,0.34985180447269637,-0.026774881395773276
2728,Arsen Zakharyan,ru RUS,MF,Real Sociedad,es La Liga,22.0,2003.0,16,2,402,4.5,0,0,0,0,0,0,1,0,0.0,,,,,,,,,,,,,,,,,,,,,,,,,2728,ru RUS,MF,es La Liga,22-337,2003.0,4.5,0,14,3,21.4,3.13,0.67,0.0,0.0,0,0,3432,ru RUS,MF,es La Liga,22-337,2003.0,16,402,25,13.5,4.5,2,61.0,0,14,20.0,11,1.06,10,11,-1,-0.22,-0.26,2728,ru RUS,MF,es La Liga,22-337,2003.0,4.5,1,0,0,8,2,4,25,0,5,0,0.0,0.0,0.0,0.0,0.027048131832642906,-0.027048131832642906
1180,Cyriaque Irié,bf BFA,MF,Freiburg,de Bundesliga,20.0,2005.0,10,3,347,3.9,0,0,0,0,0,0,3,0,0.0,,,,,,,,,,,,,,,,,,,,,,,,,1180,bf BFA,MF,de Bundesliga,20-312,2005.0,3.9,0,7,2,28.6,1.82,0.52,0.0,0.0,0,0,1473,bf BFA,MF,de Bundesliga,20-312,2005.0,10,347,35,12.4,3.9,3,61.0,0,7,23.0,6,0.7,4,7,-3,-0.78,-0.59,1180,bf BFA,MF,de Bundesliga,20-312,2005.0,3.9,3,0,0,11,8,5,3,3,6,0,0.0,0.0,0.7780979827089338,0.23342939481268013,0.2605753646546176,-0.027145969841937484
1984,Matteo Palma,de GER,DF,Udinese,it Serie A,18.0,2008.0,5,1,120,1.3,0,0,0,0,0,0,0,0,0.0,,,,,,,,,,,,,,,,,,,,,,,,,1984,de GER,DF,it Serie A,18-046,2008.0,1.3,0,0,0,0.0,0.0,0.0,,,0,0,2488,de GER,DF,it Serie A,18-046,2008.0,5,120,24,3.9,1.3,1,45.0,0,4,19.0,12,1.0,1,3,-2,-1.5,-1.41,1984,de GER,DF,it Serie A,18-046,2008.0,1.3,0,0,0,3,0,0,1,3,0,0,0.0,0.0,2.25,0.6749999999999999,0.7023467984580788,-0.027346798458078858
580,Yan Couto,br BRA,MF,Dortmund,de Bundesliga,23.0,2002.0,17,11,987,11.0,1,2,3,1,0,0,4,0,0.27,,,,,,,,,,,,,,,,,,,,,,,,,580,br BRA,MF,de Bundesliga,23-329,2002.0,11.0,1,8,3,37.5,0.73,0.27,0.13,0.33,0,0,729,br BRA,MF,de Bundesliga,23-329,2002.0,17,987,58,35.4,11.0,11,80.0,5,6,17.0,12,2.35,24,13,11,1.0,-0.15,580,br BRA,MF,de Bundesliga,23-329,2002.0,11.0,4,0,0,14,13,2,54,9,15,0,0.09118541033434652,0.18237082066869303,0.8206686930091185,0.33738601823708203,0.36497674161770777,-0.027590723380625737
63,Ilias Akhomach,ma MAR,"MF,FW",Rayo Vallecano,es La Liga,22.0,2004.0,11,7,709,7.9,0,1,1,0,0,0,2,0,0.13,,,,,,,,,,,,,,,,,,,,,,,,,63,ma MAR,"MF,FW",es La Liga,22-012,2004.0,7.9,0,18,6,33.3,2.28,0.76,0.0,0.0,0,0,80,ma MAR,"MF,FW",es La Liga,22-012,2004.0,11,709,64,23.9,7.9,7,79.0,1,4,39.0,0,1.27,14,11,3,0.38,0.82,63,ma MAR,"MF,FW",es La Liga,22-012,2004.0,7.9,2,0,0,9,29,1,22,2,10,0,0.0,0.12693935119887165,0.2538787023977433,0.11424541607898447,0.14214569070448616,-0.02790027462550168
1674,Antoine Mendy,sn SEN,DF,Nice,fr Ligue 1,21.0,2004.0,22,21,1827,20.3,1,0,1,1,0,0,5,0,0.05,,,,,,,,,,,,,,,,,,,,,,,,,1674,sn SEN,DF,fr Ligue 1,21-336,2004.0,20.3,1,15,7,46.7,0.74,0.34,0.07,0.14,0,0,2097,sn SEN,DF,fr Ligue 1,21-336,2004.0,22,1827,83,65.5,20.3,21,86.0,18,1,11.0,6,0.95,24,35,-11,-0.54,0.49,1674,sn SEN,DF,fr Ligue 1,21-336,2004.0,20.3,5,0,0,28,20,1,16,15,30,0,0.04926108374384237,0.0,0.7389162561576355,0.24137931034482757,0.2695458668686876,-0.02816655652386002
2303,Mamadou Sarr,sn SEN,DF,Strasbourg,fr Ligue 1,20.0,2005.0,15,15,1305,14.5,0,0,0,0,0,0,3,0,0.0,,,,,,,,,,,,,,,,,,,,,,,,,2303,sn SEN,DF,fr Ligue 1,20-242,2005.0,14.5,0,1,0,0.0,0.07,0.0,0.0,,0,0,2898,sn SEN,DF,fr Ligue 1,20-242,2005.0,15,1305,87,48.3,14.5,15,87.0,14,0,,0,1.47,21,16,5,0.34,0.02,2303,sn SEN,DF,fr Ligue 1,20-242,2005.0,14.5,3,0,0,16,11,0,0,5,13,0,0.0,0.0,0.3448275862068965,0.10344827586206895,0.13185653306710782,-0.028408257205038867
2478,Kōta Takai,jp JPN,DF,Gladbach,de Bundesliga,21.0,2004.0,8,3,342,3.8,0,0,0,0,0,0,1,0,0.0,,,,,,,,,,,,,,,,,,,,,,,,,2478,jp JPN,DF,de Bundesliga,21-236,2004.0,3.8,0,3,2,66.7,0.79,0.53,0.0,0.0,0,0,3129,jp JPN,DF,de Bundesliga,21-236,2004.0,8,342,43,12.3,3.8,3,90.0,3,5,14.0,2,0.75,2,10,-8,-2.11,-1.88,2478,jp JPN,DF,de Bundesliga,21-236,2004.0,3.8,1,0,0,3,3,0,0,4,4,0,0.0,0.0,1.0526315789473684,0.3157894736842105,0.34457428239793964,-0.028784808713729126
1155,Lucas Høgsberg,dk DEN,DF,Strasbourg,fr Ligue 1,19.0,2006.0,20,18,1522,16.9,0,0,0,0,0,0,4,1,0.0,,,,,,,,,,,,,,,,,,,,,,,,,1155,dk DEN,DF,fr Ligue 1,19-309,2006.0,16.9,0,4,1,25.0,0.24,0.06,0.0,0.0,0,0,1445,dk DEN,DF,fr Ligue 1,19-309,2006.0,20,1522,76,56.4,16.9,18,82.0,10,2,24.0,7,1.45,24,27,-3,-0.18,-1.17,1155,dk DEN,DF,fr Ligue 1,19-309,2006.0,16.9,4,1,1,14,12,1,0,10,7,0,0.0,0.0,0.5913272010512484,0.1773981603153745,0.20638369039353097,-0.028985530078156463
2693,Florian Wirtz,de GER,MF,Liverpool,eng Premier League,22.0,2003.0,30,26,2245,24.9,5,3,8,5,0,0,1,0,0.32,,,,,,,,,,,,,,,,,,,,,,,,,2693,de GER,MF,eng Premier League,22-360,2003.0,24.9,5,46,17,37.0,1.84,0.68,0.11,0.29,0,0,3392,de GER,MF,eng Premier League,22-360,2003.0,30,2245,75,73.4,24.9,26,82.0,8,4,30.0,0,1.73,35,27,8,0.32,-0.23,2693,de GER,MF,eng Premier League,22-360,2003.0,24.9,1,0,0,20,18,2,30,11,24,0,0.20044543429844097,0.12026726057906459,0.44097995545657015,0.2485523385300668,0.27759644437457603,-0.029044105844509227
368,Iker Bravo,es ESP,FW,Udinese,it Serie A,21.0,2005.0,8,3,206,2.3,1,0,1,1,0,0,1,0,0.44,,,,,,,,,,,,,,,,,,,,,,,,,368,es ESP,FW,it Serie A,21-105,2005.0,2.3,1,4,1,25.0,1.75,0.44,0.25,1.0,0,0,459,es ESP,FW,it Serie A,21-105,2005.0,8,206,26,6.7,2.3,3,55.0,0,5,8.0,7,1.38,2,2,0,0.0,0.16,368,es ESP,FW,it Serie A,21-105,2005.0,2.3,1,0,0,3,1,0,4,0,1,0,0.4368932038834951,0.0,0.0,0.17475728155339806,0.20395633940625732,-0.029199057852859256
1364,Seny Koumbassa,fr FRA,DF,Toulouse,fr Ligue 1,18.0,2007.0,8,4,443,4.9,1,0,1,1,0,0,0,0,0.2,,,,,,,,,,,,,,,,,,,,,,,,,1364,fr FRA,DF,fr Ligue 1,18-312,2007.0,4.9,1,3,1,33.3,0.61,0.2,0.33,1.0,0,0,1700,fr FRA,DF,fr Ligue 1,18-312,2007.0,8,443,55,15.9,4.9,4,90.0,4,4,21.0,22,1.13,7,12,-5,-1.02,-1.17,1364,fr FRA,DF,fr Ligue 1,18-312,2007.0,4.9,0,0,0,1,0,0,0,4,6,0,0.20316027088036115,0.0,0.8126410835214446,0.3250564334085778,0.3543036812863896,-0.0292472478778118
2607,Obed Vargas,mx MEX,MF,Atlético Madrid,es La Liga,20.0,2005.0,7,4,388,4.3,0,0,0,0,0,0,1,0,0.0,,,,,,,,,,,,,,,,,,,,,,,,,2607,mx MEX,MF,es La Liga,20-266,2005.0,4.3,0,1,0,0.0,0.23,0.0,0.0,,0,0,3286,mx MEX,MF,es La Liga,20-266,2005.0,7,388,55,13.1,4.3,4,78.0,2,3,25.0,4,0.86,6,8,-2,-0.46,-1.2,2607,mx MEX,MF,es La Liga,20-266,2005.0,4.3,1,0,0,2,6,1,4,5,11,0,0.0,0.0,1.1597938144329896,0.34793814432989684,0.37736000215419485,-0.029421857824298014
1970,Nico O’Reilly,eng ENG,"DF,MF",Manchester City,eng Premier League,21.0,2005.0,31,26,2376,26.4,5,3,8,5,0,0,4,0,0.3,,,,,,,,,,,,,,,,,,,,,,,,,1970,eng ENG,"DF,MF",eng Premier League,21-038,2005.0,26.4,5,36,14,38.9,1.36,0.53,0.14,0.36,0,0,2471,eng ENG,"DF,MF",eng Premier League,21-038,2005.0,31,2376,77,80.0,26.4,26,86.0,19,5,27.0,1,2.23,56,21,35,1.33,1.02,1970,eng ENG,"DF,MF",eng Premier League,21-038,2005.0,26.4,4,0,0,40,16,1,33,20,35,0,0.1893939393939394,0.11363636363636365,0.7575757575757576,0.33712121212121215,0.36654885605149473,-0.029427643930282577
1880,Brooke Norton-Cuffy,eng ENG,"MF,DF",Genoa,it Serie A,22.0,2004.0,26,25,2181,24.2,2,1,3,2,0,0,5,1,0.12,,,,,,,,,,,,,,,,,,,,,,,,,1880,eng ENG,"MF,DF",it Serie A,22-106,2004.0,24.2,2,15,6,40.0,0.62,0.25,0.13,0.33,0,0,2352,eng ENG,"MF,DF",it Serie A,22-106,2004.0,26,2181,84,71.3,24.2,25,86.0,19,1,32.0,1,1.0,28,38,-10,-0.41,-0.62,1880,eng ENG,"MF,DF",it Serie A,22-106,2004.0,24.2,5,1,1,23,16,0,79,11,30,0,0.08253094910591471,0.04126547455295736,0.45392022008253097,0.1815680880330124,0.21107293203352498,-0.029504844000512592
1638,Eliezer Mayenda,es ESP,"FW,MF",Sunderland,eng Premier League,20.0,2005.0,19,8,758,8.4,2,0,2,2,0,0,0,0,0.24,,,,,,,,,,,,,,,,,,,,,,,,,1638,es ESP,"FW,MF",eng Premier League,20-355,2005.0,8.4,2,13,6,46.2,1.54,0.71,0.15,0.33,0,0,2052,es ESP,"FW,MF",eng Premier League,20-355,2005.0,19,758,40,24.8,8.4,8,74.0,1,11,15.0,15,1.26,8,9,-1,-0.12,0.19,1638,es ESP,"FW,MF",eng Premier League,20-355,2005.0,8.4,0,0,0,6,11,3,1,1,3,0,0.23746701846965698,0.0,0.11873350923482849,0.13060686015831136,0.16014264159249944,-0.029535781434188085
257,Rafik Belghali,dz ALG,MF,Hellas Verona,it Serie A,23.0,2002.0,22,18,1605,17.8,2,0,2,2,0,0,6,0,0.11,,,,,,,,,,,,,,,,,,,,,,,,,257,dz ALG,MF,it Serie A,23-325,2002.0,17.8,2,19,6,31.6,1.07,0.34,0.11,0.33,0,0,322,dz ALG,MF,it Serie A,23-325,2002.0,22,1605,73,52.5,17.8,18,83.0,11,4,29.0,1,0.59,14,24,-10,-0.56,0.86,257,dz ALG,MF,it Serie A,23-325,2002.0,17.8,6,0,0,19,10,6,55,14,10,0,0.11214953271028037,0.0,0.7850467289719626,0.2803738317757009,0.3099689869897739,-0.029595155214072966
1892,Antonio Nusa,no NOR,"FW,MF",RB Leipzig,de Bundesliga,21.0,2005.0,28,23,1942,21.6,4,3,7,4,0,0,0,0,0.32,,,,,,,,,,,,,,,,,,,,,,,,,1892,no NOR,"FW,MF",de Bundesliga,21-011,2005.0,21.6,4,57,17,29.8,2.64,0.79,0.07,0.24,0,0,2367,no NOR,"FW,MF",de Bundesliga,21-011,2005.0,28,1942,69,69.6,21.6,23,78.0,4,5,28.0,0,2.11,42,25,17,0.79,0.04,1892,no NOR,"FW,MF",de Bundesliga,21-011,2005.0,21.6,0,0,0,9,62,1,67,7,13,0,0.1853759011328527,0.13903192584963955,0.32440782698249226,0.21318228630278063,0.24321021855556957,-0.030027932252788936
1578,Alessandro Marcandalli,it ITA,DF,Genoa,it Serie A,23.0,2002.0,28,25,2254,25.0,0,2,2,0,0,0,4,0,0.08,,,,,,,,,,,,,,,,,,,,,,,,,1578,it ITA,DF,it Serie A,23-185,2002.0,25.0,0,3,2,66.7,0.12,0.08,0.0,0.0,0,0,1977,it ITA,DF,it Serie A,23-185,2002.0,28,2254,81,73.7,25.0,25,87.0,22,3,28.0,4,1.32,35,33,2,0.08,1.2,1578,it ITA,DF,it Serie A,23-185,2002.0,25.0,4,0,0,21,10,0,9,17,15,0,0.0,0.07985803016858918,0.6787932564330079,0.22759538598047913,0.25805017109904865,-0.030454785118569527
492,Abdoulie Ceesay,gm GAM,FW,St Pauli,de Bundesliga,22.0,2004.0,17,0,246,2.7,0,0,0,0,0,0,2,0,0.0,,,,,,,,,,,,,,,,,,,,,,,,,492,gm GAM,FW,de Bundesliga,22-113,2004.0,2.7,0,5,1,20.0,1.83,0.37,0.0,0.0,0,0,611,gm GAM,FW,de Bundesliga,22-113,2004.0,17,246,14,8.8,2.7,0,,0,17,14.0,11,0.41,4,7,-3,-1.1,-0.25,492,gm GAM,FW,de Bundesliga,22-113,2004.0,2.7,2,0,0,10,5,1,0,0,1,0,0.0,0.0,0.0,0.0,0.030517467992999914,-0.030517467992999914
565,Coba da Costa,es ESP,MF,Getafe,es La Liga,23.0,2002.0,14,2,348,3.9,0,0,0,0,0,0,1,0,0.0,,,,,,,,,,,,,,,,,,,,,,,,,565,es ESP,MF,es La Liga,23-276,2002.0,3.9,0,5,1,20.0,1.29,0.26,0.0,0.0,0,0,712,es ESP,MF,es La Liga,23-276,2002.0,14,348,25,11.7,3.9,2,56.0,0,12,20.0,7,0.86,2,3,-1,-0.26,-0.09,565,es ESP,MF,es La Liga,23-276,2002.0,3.9,1,0,0,7,6,2,23,0,6,0,0.0,0.0,0.0,0.0,0.030517467992999914,-0.030517467992999914
1858,Youssoupha Niang,de GER,MF,Köln,de Bundesliga,20.0,2006.0,7,2,162,1.8,0,0,0,0,0,0,0,0,0.0,,,,,,,,,,,,,,,,,,,,,,,,,1858,de GER,MF,de Bundesliga,20-034,2006.0,1.8,0,5,1,20.0,2.78,0.56,0.0,0.0,0,0,2328,de GER,MF,de Bundesliga,20-034,2006.0,7,162,23,5.8,1.8,2,60.0,0,5,9.0,3,0.71,1,4,-3,-1.67,-1.5,1858,de GER,MF,de Bundesliga,20-034,2006.0,1.8,0,0,0,4,3,0,2,0,1,0,0.0,0.0,0.0,0.0,0.030517467992999914,-0.030517467992999914
1310,Kevin,br BRA,MF,Fulham,eng Premier League,23.0,2003.0,23,8,908,10.1,1,1,2,1,0,0,1,0,0.2,,,,,,,,,,,,,,,,,,,,,,,,,1310,br BRA,MF,eng Premier League,23-114,2003.0,10.1,1,22,9,40.9,2.18,0.89,0.05,0.11,0,0,1628,br BRA,MF,eng Premier League,23-114,2003.0,23,908,39,29.7,10.1,8,69.0,0,15,24.0,1,1.39,12,14,-2,-0.2,-0.2,1310,br BRA,MF,eng Premier League,23-114,2003.0,10.1,1,0,0,12,15,2,40,9,8,0,0.09911894273127754,0.09911894273127754,0.8920704845814978,0.3370044052863437,0.3677636192235827,-0.030759213937239016
1994,Kevin Paredes,us USA,MF,Wolfsburg,de Bundesliga,22.0,2003.0,6,1,164,1.8,0,0,0,0,0,0,1,0,0.0,,,,,,,,,,,,,,,,,,,,,,,,,1994,us USA,MF,de Bundesliga,22-356,2003.0,1.8,0,2,1,50.0,1.1,0.55,0.0,0.0,0,0,2501,us USA,MF,de Bundesliga,22-356,2003.0,6,164,27,5.9,1.8,1,63.0,0,5,20.0,0,0.83,4,4,0,0.0,0.86,1994,us USA,MF,de Bundesliga,22-356,2003.0,1.8,1,0,0,2,6,0,7,2,3,0,0.0,0.0,1.0975609756097562,0.32926829268292684,0.3605028440542031,-0.03123455137127623
2060,Thiago Pinar,es ESP,MF,Real Madrid,es La Liga,18.0,2007.0,6,5,360,4.0,0,0,0,0,0,0,1,0,0.0,,,,,,,,,,,,,,,,,,,,,,,,,2060,es ESP,MF,es La Liga,18-268,2007.0,4.0,0,3,1,33.3,0.75,0.25,0.0,0.0,0,0,2586,es ESP,MF,es La Liga,18-268,2007.0,6,360,60,12.1,4.0,5,68.0,0,1,19.0,10,1.67,7,4,3,0.75,-0.42,2060,es ESP,MF,es La Liga,18-268,2007.0,4.0,1,0,0,8,2,2,0,3,2,0,0.0,0.0,0.75,0.22499999999999998,0.2562500931752889,-0.03125009317528893
2027,Peque,es ESP,"MF,FW",Sevilla,es La Liga,23.0,2002.0,24,11,918,10.2,2,1,3,2,0,0,7,0,0.29,,,,,,,,,,,,,,,,,,,,,,,,,2027,es ESP,"MF,FW",es La Liga,23-206,2002.0,10.2,2,14,6,42.9,1.37,0.59,0.14,0.33,0,0,2545,es ESP,"MF,FW",es La Liga,23-206,2002.0,24,918,38,30.9,10.2,11,66.0,1,13,15.0,5,1.21,8,14,-6,-0.59,-0.19,2027,es ESP,"MF,FW",es La Liga,23-206,2002.0,10.2,7,0,0,12,45,1,28,1,7,0,0.19607843137254904,0.09803921568627452,0.09803921568627452,0.13725490196078433,0.1685513384097234,-0.03129643644893906
2310,Nicolò Savona,it ITA,DF,Nottingham Forest,eng Premier League,23.0,2003.0,14,11,1028,11.4,2,0,2,2,0,0,2,0,0.18,,,,,,,,,,,,,,,,,,,,,,,,,2310,it ITA,DF,eng Premier League,23-040,2003.0,11.4,2,5,3,60.0,0.44,0.26,0.4,0.67,0,0,2906,it ITA,DF,eng Premier League,23-040,2003.0,14,1028,73,33.6,11.4,11,85.0,9,3,31.0,4,0.93,13,18,-5,-0.44,-0.48,2310,it ITA,DF,eng Premier League,23-040,2003.0,11.4,2,0,0,12,5,1,27,5,12,0,0.17509727626459143,0.0,0.4377431906614786,0.20136186770428016,0.23293767697400886,-0.031575809269728694
2003,Aleksandar Pavlovic,de GER,MF,Bayern Munich,de Bundesliga,21.0,2004.0,23,15,1417,15.7,3,1,4,3,0,0,2,0,0.25,,,,,,,,,,,,,,,,,,,,,,,,,2003,de GER,MF,de Bundesliga,21-360,2004.0,15.7,3,9,5,55.6,0.57,0.32,0.33,0.6,0,0,2514,de GER,MF,de Bundesliga,21-360,2004.0,23,1417,62,50.8,15.7,15,81.0,8,8,26.0,6,2.52,55,24,31,1.97,-1.31,2003,de GER,MF,de Bundesliga,21-360,2004.0,15.7,2,0,0,19,9,0,13,12,15,0,0.19054340155257588,0.06351446718419196,0.7621736062103035,0.323923782639379,0.35606608576153675,-0.03214230312215777
1654,Michel Mboula,ga GAB,"DF,MF",Metz,fr Ligue 1,22.0,2003.0,13,10,740,8.2,0,0,0,0,0,0,2,0,0.0,,,,,,,,,,,,,,,,,,,,,,,,,1654,ga GAB,"DF,MF",fr Ligue 1,22-363,2003.0,8.2,0,2,1,50.0,0.24,0.12,0.0,0.0,0,0,2071,ga GAB,"DF,MF",fr Ligue 1,22-363,2003.0,13,740,57,26.5,8.2,10,68.0,4,3,19.0,5,0.38,8,14,-6,-0.73,0.72,1654,ga GAB,"DF,MF",fr Ligue 1,22-363,2003.0,8.2,2,0,0,8,10,0,8,15,10,1,0.0,0.0,1.8243243243243243,0.5472972972972973,0.5794817408733179,-0.03218444357602068
884,Alejandro Francés,es ESP,DF,Girona,es La Liga,23.0,2002.0,20,7,756,8.4,0,2,2,0,0,0,1,1,0.24,,,,,,,,,,,,,,,,,,,,,,,,,884,es ESP,DF,es La Liga,23-270,2002.0,8.4,0,7,4,57.1,0.83,0.48,0.0,0.0,0,0,1112,es ESP,DF,es La Liga,23-270,2002.0,20,756,38,25.5,8.4,7,71.0,2,13,20.0,8,1.5,11,15,-4,-0.48,-0.07,884,es ESP,DF,es La Liga,23-270,2002.0,8.4,1,1,0,10,16,0,17,10,12,0,0.0,0.23809523809523808,1.1904761904761905,0.4285714285714286,0.4609857781689934,-0.032414349597564784
291,Lucas Bergvall,se SWE,MF,Tottenham Hotspur,eng Premier League,20.0,2006.0,21,11,954,10.6,1,3,4,1,0,0,2,0,0.38,,,,,,,,,,,,,,,,,,,,,,,,,291,se SWE,MF,eng Premier League,20-085,2006.0,10.6,1,11,5,45.5,1.04,0.47,0.09,0.2,0,0,363,se SWE,MF,eng Premier League,20-085,2006.0,21,954,45,31.2,10.6,11,66.0,0,10,22.0,3,1.1,14,17,-3,-0.28,0.02,291,se SWE,MF,eng Premier League,20-085,2006.0,10.6,2,0,0,24,7,3,18,3,14,0,0.09433962264150944,0.2830188679245283,0.2830188679245283,0.20754716981132076,0.2401328811843321,-0.03258571137301133
2382,Telli Siwe,fr FRA,DF,Auxerre,fr Ligue 1,21.0,2004.0,3,3,225,2.5,0,0,0,0,0,0,0,0,0.0,,,,,,,,,,,,,,,,,,,,,,,,,2382,fr FRA,DF,fr Ligue 1,21-135,2004.0,2.5,0,1,0,0.0,0.4,0.0,0.0,,0,0,3006,fr FRA,DF,fr Ligue 1,21-135,2004.0,3,225,75,8.1,2.5,3,75.0,2,0,,3,1.0,2,3,-1,-0.4,0.09,2382,fr FRA,DF,fr Ligue 1,21-135,2004.0,2.5,0,0,0,2,0,0,0,4,3,0,0.0,0.0,1.6,0.48,0.5129151877581125,-0.03291518775811253
472,Cesare Casadei,it ITA,MF,Torino,it Serie A,23.0,2003.0,30,18,1864,20.7,5,0,5,5,0,0,5,0,0.24,,,,,,,,,,,,,,,,,,,,,,,,,472,it ITA,MF,it Serie A,23-108,2003.0,20.7,5,33,15,45.5,1.59,0.72,0.15,0.33,0,0,583,it ITA,MF,it Serie A,23-108,2003.0,30,1864,62,60.9,20.7,18,86.0,15,12,26.0,3,1.27,26,33,-7,-0.34,0.41,472,it ITA,MF,it Serie A,23-108,2003.0,20.7,5,0,0,48,14,2,2,9,15,0,0.24141630901287553,0.0,0.43454935622317603,0.22693133047210304,0.2599685063159752,-0.03303717584387214
2064,Yeremi Pino,es ESP,"MF,FW",Crystal Palace,eng Premier League,23.0,2002.0,30,23,1886,21.0,2,1,3,2,0,0,4,0,0.14,,,,,,,,,,,,,,,,,,,,,,,,,2064,es ESP,"MF,FW",eng Premier League,23-190,2002.0,21.0,2,41,11,26.8,1.96,0.52,0.05,0.18,0,0,2591,es ESP,"MF,FW",eng Premier League,23-190,2002.0,30,1886,63,63.5,21.0,23,76.0,4,7,20.0,1,1.27,18,22,-4,-0.19,-0.27,2064,es ESP,"MF,FW",eng Premier League,23-190,2002.0,21.0,4,0,0,29,22,10,73,7,19,0,0.09544008483563098,0.04772004241781549,0.3340402969247084,0.15270413573700956,0.1857765162313168,-0.033072380494307246
946,Tyrique George,eng ENG,MF,Everton,eng Premier League,20.0,2006.0,8,1,160,1.8,0,0,0,0,0,0,0,0,0.0,,,,,,,,,,,,,,,,,,,,,,,,,946,eng ENG,MF,eng Premier League,20-083,2006.0,1.8,0,6,2,33.3,3.38,1.13,0.0,0.0,0,0,1193,eng ENG,MF,eng Premier League,20-083,2006.0,8,160,20,5.2,1.8,1,61.0,0,7,14.0,1,0.88,5,5,0,0.0,0.0,946,eng ENG,MF,eng Premier League,20-083,2006.0,1.8,0,0,0,2,0,2,6,1,2,0,0.0,0.0,0.5625,0.16874999999999998,0.20221517854541526,-0.03346517854541528
2616,Jesus Vazquez,es ESP,"DF,MF",Valencia,es La Liga,23.0,2003.0,19,5,758,8.4,0,0,0,0,0,0,2,0,0.0,,,,,,,,,,,,,,,,,,,,,,,,,2616,es ESP,"DF,MF",es La Liga,23-116,2003.0,8.4,0,8,2,25.0,0.95,0.24,0.0,0.0,0,0,3297,es ESP,"DF,MF",es La Liga,23-116,2003.0,19,758,40,25.5,8.4,5,88.0,4,14,23.0,14,1.21,15,12,3,0.36,0.93,2616,es ESP,"DF,MF",es La Liga,23-116,2003.0,8.4,2,0,0,15,6,2,21,2,8,0,0.0,0.0,0.23746701846965698,0.07124010554089709,0.10471007123313607,-0.03346996569223898
529,Alessandro Circati,au AUS,DF,Parma,it Serie A,22.0,2003.0,27,27,2304,25.6,1,0,1,1,0,0,6,0,0.04,,,,,,,,,,,,,,,,,,,,,,,,,529,au AUS,DF,it Serie A,22-200,2003.0,25.6,1,8,1,12.5,0.31,0.04,0.13,1.0,0,0,666,au AUS,DF,it Serie A,22-200,2003.0,27,2304,85,75.3,25.6,27,85.0,24,0,,1,1.15,18,28,-10,-0.39,0.2,529,au AUS,DF,it Serie A,22-200,2003.0,25.6,6,0,0,28,16,0,2,23,19,0,0.0390625,0.0,0.8984374999999999,0.28515624999999994,0.3187842675722716,-0.03362801757227163
1940,Louis Oppie,de GER,MF,St Pauli,de Bundesliga,23.0,2002.0,21,15,1467,16.3,1,0,1,1,0,0,0,0,0.06,,,,,,,,,,,,,,,,,,,,,,,,,1940,de GER,MF,de Bundesliga,23-346,2002.0,16.3,1,14,3,21.4,0.86,0.18,0.07,0.33,0,0,2434,de GER,MF,de Bundesliga,23-346,2002.0,21,1467,70,52.6,16.3,15,89.0,14,6,22.0,10,0.62,13,29,-16,-0.98,-0.23,1940,de GER,MF,de Bundesliga,23-346,2002.0,16.3,0,0,0,14,14,4,52,9,17,0,0.06134969325153374,0.0,0.5521472392638037,0.1901840490797546,0.2238286508526205,-0.03364460177286588
1460,Adrián Liso,es ESP,"FW,MF",Getafe,es La Liga,21.0,2005.0,26,19,1576,17.5,3,0,3,3,0,0,5,1,0.17,,,,,,,,,,,,,,,,,,,,,,,,,1460,es ESP,"FW,MF",es La Liga,21-026,2005.0,17.5,3,26,10,38.5,1.48,0.57,0.12,0.3,0,0,1831,es ESP,"FW,MF",es La Liga,21-026,2005.0,26,1576,61,53.1,17.5,19,76.0,4,7,18.0,3,1.35,12,17,-5,-0.29,-0.22,1460,es ESP,"FW,MF",es La Liga,21-026,2005.0,17.5,5,1,1,37,39,16,39,4,19,0,0.17131979695431473,0.0,0.22842639593908629,0.1370558375634518,0.17077740049053702,-0.033721562927085225
1589,Pablo Marín,es ESP,MF,Real Sociedad,es La Liga,22.0,2003.0,29,13,1238,13.8,0,1,1,0,0,0,2,0,0.07,,,,,,,,,,,,,,,,,,,,,,,,,1589,es ESP,MF,es La Liga,22-299,2003.0,13.8,0,12,4,33.3,0.87,0.29,0.0,0.0,0,0,1990,es ESP,MF,es La Liga,22-299,2003.0,29,1238,43,41.7,13.8,13,71.0,3,16,20.0,4,1.38,23,29,-6,-0.44,-0.75,1589,es ESP,MF,es La Liga,22-299,2003.0,13.8,2,0,0,19,18,2,12,6,14,0,0.0,0.07269789983844911,0.43618739903069464,0.15266558966074312,0.1866158991790396,-0.03395030951829647
1181,Tim Iroegbunam,eng ENG,MF,Everton,eng Premier League,22.0,2003.0,25,13,1153,12.8,0,2,2,0,0,0,8,0,0.16,,,,,,,,,,,,,,,,,,,,,,,,,1181,eng ENG,MF,eng Premier League,22-302,2003.0,12.8,0,11,1,9.1,0.86,0.08,0.0,0.0,0,0,1474,eng ENG,MF,eng Premier League,22-302,2003.0,25,1153,46,37.7,12.8,13,77.0,5,12,12.0,6,1.44,13,12,1,0.08,0.13,1181,eng ENG,MF,eng Premier League,22-302,2003.0,12.8,8,0,0,22,19,0,3,19,37,0,0.0,0.15611448395490027,1.4830875975715525,0.4917606244579358,0.5258464232261391,-0.03408579876820328
352,Badredine Bouanani,dz ALG,MF,Stuttgart,de Bundesliga,21.0,2004.0,14,5,463,5.1,0,0,0,0,0,0,1,0,0.0,,,,,,,,,,,,,,,,,,,,,,,,,352,dz ALG,MF,de Bundesliga,21-141,2004.0,5.1,0,16,4,25.0,3.11,0.78,0.0,0.0,0,0,438,dz ALG,MF,de Bundesliga,21-141,2004.0,14,463,33,16.6,5.1,5,72.0,1,9,11.0,12,1.79,13,5,8,1.56,1.09,352,dz ALG,MF,de Bundesliga,21-141,2004.0,5.1,1,0,0,1,6,1,26,4,3,0,0.0,0.0,0.7775377969762419,0.23326133909287255,0.26758403639325823,-0.034322697300385674
1147,Dean Huijsen,es ESP,DF,Real Madrid,es La Liga,21.0,2005.0,25,22,1833,20.4,2,2,4,2,0,0,7,1,0.2,,,,,,,,,,,,,,,,,,,,,,,,,1147,es ESP,DF,es La Liga,21-014,2005.0,20.4,2,19,5,26.3,0.93,0.25,0.11,0.4,0,0,1435,es ESP,DF,es La Liga,21-014,2005.0,25,1833,73,61.7,20.4,22,80.0,14,3,25.0,0,2.32,45,17,28,1.37,0.66,1147,es ESP,DF,es La Liga,21-014,2005.0,20.4,7,1,0,20,12,1,1,17,18,0,0.09819967266775777,0.09819967266775777,0.8346972176759411,0.3191489361702127,0.3535763673081228,-0.03442743113791008
638,Liam Delap,eng ENG,FW,Chelsea,eng Premier League,23.0,2003.0,25,11,967,10.7,1,0,1,1,0,0,2,0,0.09,,,,,,,,,,,,,,,,,,,,,,,,,638,eng ENG,FW,eng Premier League,23-079,2003.0,10.7,1,33,11,33.3,3.07,1.02,0.03,0.09,0,0,800,eng ENG,FW,eng Premier League,23-079,2003.0,25,967,39,31.6,10.7,11,66.0,3,14,18.0,0,1.36,16,16,0,0.0,-0.34,638,eng ENG,FW,eng Premier League,23-079,2003.0,10.7,2,0,0,22,18,4,6,1,3,0,0.09307135470527406,0.0,0.09307135470527406,0.06514994829369183,0.09959345087142882,-0.034443502577736984
1918,Ifechukwu Ogbus,ch SUI,DF,Freiburg,de Bundesliga,20.0,2005.0,15,12,1034,11.5,0,0,0,0,0,0,1,0,0.0,,,,,,,,,,,,,,,,,,,,,,,,,1918,ch SUI,DF,de Bundesliga,20-132,2005.0,11.5,0,5,2,40.0,0.44,0.17,0.0,0.0,0,0,2399,ch SUI,DF,de Bundesliga,20-132,2005.0,15,1034,69,37.1,11.5,12,83.0,10,3,15.0,4,1.33,10,23,-13,-1.13,-1.39,1918,ch SUI,DF,de Bundesliga,20-132,2005.0,11.5,1,0,0,5,10,0,3,11,14,0,0.0,0.0,0.9574468085106382,0.28723404255319146,0.3219608401266391,-0.034726797573447654
2125,Petar Ratkov,rs SRB,FW,Lazio,it Serie A,22.0,2003.0,8,2,233,2.6,0,0,0,0,0,0,0,0,0.0,,,,,,,,,,,,,,,,,,,,,,,,,2125,rs SRB,FW,it Serie A,22-253,2003.0,2.6,0,6,1,16.7,2.32,0.39,0.0,0.0,0,0,2678,rs SRB,FW,it Serie A,22-253,2003.0,8,233,29,7.6,2.6,2,49.0,0,6,23.0,7,1.0,2,5,-3,-1.16,-1.38,2125,rs SRB,FW,it Serie A,22-253,2003.0,2.6,0,0,0,0,3,0,0,1,2,0,0.0,0.0,0.38626609442060084,0.11587982832618024,0.15077160995200933,-0.034891781625829094
622,Davinchi,es ESP,DF,Getafe,es La Liga,18.0,2007.0,9,5,525,5.8,0,0,0,0,0,0,1,0,0.0,,,,,,,,,,,,,,,,,,,,,,,,,622,es ESP,DF,es La Liga,18-194,2007.0,5.8,0,3,1,33.3,0.51,0.17,0.0,0.0,0,0,780,es ESP,DF,es La Liga,18-194,2007.0,9,525,58,17.7,5.8,5,80.0,3,4,31.0,3,1.22,5,8,-3,-0.51,-0.4,622,es ESP,DF,es La Liga,18-194,2007.0,5.8,1,0,0,18,1,0,16,4,13,0,0.0,0.0,0.6857142857142857,0.2057142857142857,0.240946842217496,-0.03523255650321028
1149,Bashir Humphreys,eng ENG,"DF,MF",Burnley,eng Premier League,23.0,2003.0,17,15,1404,15.6,0,0,0,0,0,0,5,0,0.0,,,,,,,,,,,,,,,,,,,,,,,,,1149,eng ENG,"DF,MF",eng Premier League,23-044,2003.0,15.6,0,8,2,25.0,0.51,0.13,0.0,0.0,0,0,1438,eng ENG,"DF,MF",eng Premier League,23-044,2003.0,17,1404,83,45.9,15.6,15,88.0,12,2,40.0,5,0.53,13,29,-16,-1.03,-0.05,1149,eng ENG,"DF,MF",eng Premier League,23-044,2003.0,15.6,5,0,0,13,8,2,16,10,16,0,0.0,0.0,0.6410256410256411,0.19230769230769232,0.2277063722157049,-0.03539867990801257
1050,Bahereba Guirassy,fr FRA,"FW,MF",Nantes,fr Ligue 1,19.0,2006.0,20,9,821,9.1,2,1,3,2,0,0,2,0,0.33,,,,,,,,,,,,,,,,,,,,,,,,,1050,fr FRA,"FW,MF",fr Ligue 1,19-242,2006.0,9.1,2,15,7,46.7,1.64,0.77,0.13,0.29,0,0,1319,fr FRA,"FW,MF",fr Ligue 1,19-242,2006.0,20,821,41,29.4,9.1,9,65.0,0,11,21.0,5,0.85,9,11,-2,-0.22,0.83,1050,fr FRA,"FW,MF",fr Ligue 1,19-242,2006.0,9.1,2,0,0,15,9,3,24,5,13,0,0.21924482338611448,0.10962241169305724,0.5481120584652862,0.2850182704019488,0.32046105810565306,-0.03544278770370424
680,Junior Diaz,ci CIV,DF,Brest,fr Ligue 1,22.0,2003.0,18,15,1382,15.4,0,0,0,0,0,0,4,0,0.0,,,,,,,,,,,,,,,,,,,,,,,,,680,ci CIV,DF,fr Ligue 1,22-279,2003.0,15.4,0,5,0,0.0,0.33,0.0,0.0,,0,0,854,ci CIV,DF,fr Ligue 1,22-279,2003.0,18,1382,77,51.2,15.4,15,89.0,14,3,16.0,11,1.39,21,21,0,0.0,0.41,680,ci CIV,DF,fr Ligue 1,22-279,2003.0,15.4,4,0,0,7,9,0,0,22,15,0,0.0,0.0,1.4327062228654124,0.4298118668596237,0.4657110093419366,-0.03589914248231291
2147,Chadi Riad,ma MAR,DF,Crystal Palace,eng Premier League,22.0,2003.0,6,3,314,3.5,0,1,1,0,0,0,2,0,0.29,,,,,,,,,,,,,,,,,,,,,,,,,2147,ma MAR,DF,eng Premier League,22-315,2003.0,3.5,0,2,1,50.0,0.57,0.29,0.0,0.0,0,0,2702,ma MAR,DF,eng Premier League,22-315,2003.0,6,314,52,10.6,3.5,3,74.0,1,3,31.0,6,1.17,5,3,2,0.57,0.74,2147,ma MAR,DF,eng Premier League,22-315,2003.0,3.5,2,0,0,4,2,0,6,1,3,0,0.0,0.28662420382165604,0.28662420382165604,0.17197452229299362,0.2079581399768598,-0.03598361768386618
1228,Ísak Jóhannesson,is ISL,MF,Köln,de Bundesliga,23.0,2003.0,29,20,1697,18.9,1,2,3,1,0,0,5,0,0.16,,,,,,,,,,,,,,,,,,,,,,,,,1228,is ISL,MF,de Bundesliga,23-036,2003.0,18.9,1,13,4,30.8,0.69,0.21,0.08,0.25,0,0,1529,is ISL,MF,de Bundesliga,23-036,2003.0,29,1697,59,60.8,18.9,20,75.0,7,9,22.0,1,1.03,24,35,-11,-0.58,-0.83,1228,is ISL,MF,de Bundesliga,23-036,2003.0,18.9,5,0,0,13,5,2,63,8,15,0,0.05303476723629935,0.1060695344725987,0.4242781378903948,0.1803182086034178,0.2169355865642022,-0.0366173779607844
229,Davide Bartesaghi,it ITA,"MF,DF",Milan,it Serie A,20.0,2005.0,28,24,2182,24.2,2,0,2,2,0,0,3,0,0.08,,,,,,,,,,,,,,,,,,,,,,,,,229,it ITA,"MF,DF",it Serie A,20-120,2005.0,24.2,2,20,6,30.0,0.82,0.25,0.1,0.33,0,0,288,it ITA,"MF,DF",it Serie A,20-120,2005.0,28,2182,78,71.3,24.2,24,86.0,18,4,30.0,6,1.86,31,21,10,0.41,-0.72,229,it ITA,"MF,DF",it Serie A,20-120,2005.0,24.2,3,0,0,16,14,4,131,13,32,1,0.08249312557286893,0.0,0.5362053162236481,0.193858845096242,0.23108063622632907,-0.037221791130087084
1651,Malick Mbaye,sn SEN,MF,Metz,fr Ligue 1,22.0,2004.0,5,3,300,3.3,0,0,0,0,0,0,1,0,0.0,,,,,,,,,,,,,,,,,,,,,,,,,1651,sn SEN,MF,fr Ligue 1,22-022,2004.0,3.3,0,2,1,50.0,0.6,0.3,0.0,0.0,0,0,2067,sn SEN,MF,fr Ligue 1,22-022,2004.0,5,300,60,10.8,3.3,3,87.0,1,2,19.0,3,0.2,4,7,-3,-0.9,0.4,1651,sn SEN,MF,fr Ligue 1,22-022,2004.0,3.3,1,0,0,2,3,0,8,3,8,0,0.0,0.0,0.9,0.27,0.3072491564342006,-0.03724915643420057
2172,Joel Roca,es ESP,MF,Girona,es La Liga,20.0,2005.0,27,11,1096,12.2,3,1,4,3,0,0,3,1,0.33,,,,,,,,,,,,,,,,,,,,,,,,,2172,es ESP,MF,es La Liga,20-325,2005.0,12.2,3,35,12,34.3,2.87,0.99,0.09,0.25,0,0,2734,es ESP,MF,es La Liga,20-325,2005.0,27,1096,41,36.9,12.2,11,68.0,3,16,22.0,2,1.15,14,21,-7,-0.57,-0.24,2172,es ESP,MF,es La Liga,20-325,2005.0,12.2,3,1,0,10,32,3,25,2,9,0,0.24635036496350365,0.08211678832116788,0.16423357664233576,0.17244525547445255,0.20974456739318587,-0.03729931191873331
1418,Théo Le Bris,fr FRA,MF,Lorient,fr Ligue 1,23.0,2002.0,28,22,1893,21.0,2,2,4,2,0,0,0,0,0.19,,,,,,,,,,,,,,,,,,,,,,,,,1418,fr FRA,MF,fr Ligue 1,23-209,2002.0,21.0,2,17,7,41.2,0.81,0.33,0.12,0.29,0,0,1772,fr FRA,MF,fr Ligue 1,23-209,2002.0,28,1893,68,67.8,21.0,22,81.0,7,6,19.0,1,1.36,30,26,4,0.19,1.09,1418,fr FRA,MF,fr Ligue 1,23-209,2002.0,21.0,0,0,0,8,7,0,81,17,28,0,0.09508716323296355,0.09508716323296355,0.8082408874801902,0.3090332805071315,0.34637493275571934,-0.03734165224858782
1260,Anton Kade,de GER,"MF,FW",Augsburg,de Bundesliga,22.0,2004.0,25,15,1473,16.4,4,0,4,4,0,0,3,0,0.24,,,,,,,,,,,,,,,,,,,,,,,,,1260,de GER,"MF,FW",de Bundesliga,22-101,2004.0,16.4,4,38,17,44.7,2.32,1.04,0.11,0.24,0,0,1569,de GER,"MF,FW",de Bundesliga,22-101,2004.0,25,1473,59,52.8,16.4,15,79.0,3,10,29.0,1,1.2,16,29,-13,-0.79,-0.59,1260,de GER,"MF,FW",de Bundesliga,22-101,2004.0,16.4,3,0,0,20,16,9,22,11,11,0,0.24439918533604887,0.0,0.6720977596741344,0.29938900203665986,0.3367741823090809,-0.03738518027242105
865,Romano Floriani,it ITA,MF,Cremonese,it Serie A,23.0,2003.0,25,11,1025,11.4,0,0,0,0,0,0,2,0,0.0,,,,,,,,,,,,,,,,,,,,,,,,,865,it ITA,MF,it Serie A,23-091,2003.0,11.4,0,5,1,20.0,0.44,0.09,0.0,0.0,0,0,1086,it ITA,MF,it Serie A,23-091,2003.0,25,1025,41,33.5,11.4,11,71.0,3,14,17.0,8,0.72,11,19,-8,-0.7,0.05,865,it ITA,MF,it Serie A,23-091,2003.0,11.4,2,0,0,19,5,2,24,6,14,0,0.0,0.0,0.526829268292683,0.15804878048780488,0.19563915703736978,-0.0375903765495649
17,Giorgi Abuashvili,ge GEO,"MF,FW",Metz,fr Ligue 1,23.0,2003.0,20,5,556,6.2,2,0,2,2,0,0,1,0,0.32,,,,,,,,,,,,,,,,,,,,,,,,,17,ge GEO,"MF,FW",fr Ligue 1,23-079,2003.0,6.2,2,17,7,41.2,2.75,1.13,0.12,0.29,0,0,21,ge GEO,"MF,FW",fr Ligue 1,23-079,2003.0,20,556,28,19.9,6.2,5,62.0,0,15,17.0,9,0.55,8,16,-8,-1.29,-0.05,17,ge GEO,"MF,FW",fr Ligue 1,23-079,2003.0,6.2,1,0,0,6,9,1,29,3,7,0,0.32374100719424465,0.0,0.48561151079136694,0.275179856115108,0.31322793486964984,-0.03804807875454186
1786,Iker Muñoz,es ESP,MF,Osasuna,es La Liga,23.0,2002.0,17,7,858,9.5,0,0,0,0,0,0,4,0,0.0,,,,,,,,,,,,,,,,,,,,,,,,,1786,es ESP,MF,es La Liga,23-174,2002.0,9.5,0,8,3,37.5,0.84,0.31,0.0,0.0,0,0,2242,es ESP,MF,es La Liga,23-174,2002.0,17,858,50,28.9,9.5,7,79.0,2,10,31.0,16,1.47,10,10,0,0.0,0.04,1786,es ESP,MF,es La Liga,23-174,2002.0,9.5,4,0,0,16,20,1,4,11,7,0,0.0,0.0,1.1538461538461537,0.3461538461538461,0.3846146811948969,-0.0384608350410508
796,Julio Enciso,py PAR,"MF,FW",Strasbourg,fr Ligue 1,22.0,2004.0,23,19,1594,17.7,2,2,4,2,0,0,2,0,0.23,,,,,,,,,,,,,,,,,,,,,,,,,796,py PAR,"MF,FW",fr Ligue 1,22-095,2004.0,17.7,2,47,18,38.3,2.65,1.02,0.04,0.11,0,0,992,py PAR,"MF,FW",fr Ligue 1,22-095,2004.0,23,1594,69,59.0,17.7,19,79.0,4,4,25.0,1,1.35,27,23,4,0.23,-0.26,796,py PAR,"MF,FW",fr Ligue 1,22-095,2004.0,17.7,2,0,0,17,26,1,52,6,9,0,0.11292346298619824,0.11292346298619824,0.33877038895859474,0.1806775407779172,0.21927128125929482,-0.03859374048137762
454,Valentin Carboni,ar ARG,MF,Genoa,it Serie A,21.0,2005.0,12,3,359,4.0,0,0,0,0,0,0,2,0,0.0,,,,,,,,,,,,,,,,,,,,,,,,,454,ar ARG,MF,it Serie A,21-054,2005.0,4.0,0,6,2,33.3,1.5,0.5,0.0,0.0,0,0,559,ar ARG,MF,it Serie A,21-054,2005.0,12,359,30,11.7,4.0,3,66.0,0,9,18.0,6,0.67,2,4,-2,-0.5,-0.3,454,ar ARG,MF,it Serie A,21-054,2005.0,4.0,2,0,0,11,5,0,7,2,8,0,0.0,0.0,0.5013927576601671,0.15041782729805012,0.1894245592766601,-0.03900673197860999
576,Soumaïla Coulibaly,fr FRA,DF,Brest,fr Ligue 1,22.0,2003.0,16,15,1338,14.9,0,0,0,0,0,0,3,0,0.0,,,,,,,,,,,,,,,,,,,,,,,,,576,fr FRA,DF,fr Ligue 1,22-196,2003.0,14.9,0,6,2,33.3,0.4,0.13,0.0,0.0,0,0,725,fr FRA,DF,fr Ligue 1,22-196,2003.0,16,1338,84,49.6,14.9,15,88.0,13,1,15.0,4,0.88,17,28,-11,-0.74,-1.07,576,fr FRA,DF,fr Ligue 1,22-196,2003.0,14.9,3,0,0,26,20,1,1,13,12,1,0.0,0.0,0.874439461883408,0.2623318385650224,0.30144171704994155,-0.03910987848491915
1788,Víctor Muñoz,es ESP,"MF,FW",Osasuna,es La Liga,22.0,2003.0,33,30,2566,28.5,5,2,7,5,0,0,3,0,0.25,,,,,,,,,,,,,,,,,,,,,,,,,1788,es ESP,"MF,FW",es La Liga,22-289,2003.0,28.5,5,77,29,37.7,2.7,1.02,0.06,0.17,0,0,2244,es ESP,"MF,FW",es La Liga,22-289,2003.0,33,2566,78,86.4,28.5,30,82.0,14,3,34.0,0,1.27,31,30,1,0.04,0.48,1788,es ESP,"MF,FW",es La Liga,22-289,2003.0,28.5,3,0,0,32,52,5,95,10,13,0,0.17537022603273578,0.0701480904130943,0.35074045206547155,0.19641465315666407,0.2358616301858966,-0.03944697702923253
1650,Ibrahim Mbaye,sn SEN,"FW,MF",Paris Saint-Germain,fr Ligue 1,18.0,2008.0,21,9,897,10.0,1,2,3,1,0,0,0,0,0.3,,,,,,,,,,,,,,,,,,,,,,,,,1650,sn SEN,"FW,MF",fr Ligue 1,18-094,2008.0,10.0,1,20,8,40.0,2.01,0.8,0.05,0.13,0,0,2066,sn SEN,"FW,MF",fr Ligue 1,18-094,2008.0,21,897,43,33.2,10.0,9,70.0,3,12,23.0,5,2.43,20,8,12,1.2,-0.34,1650,sn SEN,"FW,MF",fr Ligue 1,18-094,2008.0,10.0,0,0,0,10,12,2,15,4,7,0,0.10033444816053512,0.20066889632107024,0.4013377926421405,0.22073578595317728,0.26028913036573054,-0.03955334441255326
396,Livan Burcu,tr TUR,"MF,FW",Union Berlin,de Bundesliga,21.0,2004.0,15,4,490,5.4,0,0,0,0,0,0,3,0,0.0,,,,,,,,,,,,,,,,,,,,,,,,,396,tr TUR,"MF,FW",de Bundesliga,21-212,2004.0,5.4,0,12,1,8.3,2.2,0.18,0.0,0.0,0,0,493,tr TUR,"MF,FW",de Bundesliga,21-212,2004.0,15,490,33,17.6,5.4,4,70.0,0,11,19.0,7,0.67,5,10,-5,-0.92,-0.33,396,tr TUR,"MF,FW",de Bundesliga,21-212,2004.0,5.4,3,0,0,5,9,1,13,2,7,0,0.0,0.0,0.3673469387755102,0.11020408163265306,0.15007376731810054,-0.03986968568544748
2622,Renato Veiga,pt POR,DF,Villarreal,es La Liga,22.0,2003.0,29,24,2211,24.6,0,0,0,0,0,0,3,1,0.0,,,,,,,,,,,,,,,,,,,,,,,,,2622,pt POR,DF,es La Liga,22-273,2003.0,24.6,0,8,3,37.5,0.33,0.12,0.0,0.0,0,0,3303,pt POR,DF,es La Liga,22-273,2003.0,29,2211,76,74.4,24.6,24,88.0,23,5,21.0,2,1.9,42,32,10,0.41,-0.9,2622,pt POR,DF,es La Liga,22-273,2003.0,24.6,3,1,0,19,4,3,2,25,7,0,0.0,0.0,1.01763907734057,0.30529172320217096,0.3456372795059545,-0.04034555630378356
2483,Axel Tapé,fr FRA,"MF,DF",Leverkusen,de Bundesliga,18.0,2007.0,6,2,222,2.5,0,0,0,0,0,0,1,0,0.0,,,,,,,,,,,,,,,,,,,,,,,,,2483,fr FRA,"MF,DF",de Bundesliga,18-261,2007.0,2.5,0,3,1,33.3,1.22,0.41,0.0,0.0,0,0,3137,fr FRA,"MF,DF",de Bundesliga,18-261,2007.0,6,222,37,8.0,2.5,2,63.0,0,4,24.0,10,2.0,8,4,4,1.62,1.06,2483,fr FRA,"MF,DF",de Bundesliga,18-261,2007.0,2.5,1,0,0,7,7,0,0,1,1,0,0.0,0.0,0.40540540540540543,0.12162162162162163,0.1623482086398004,-0.04072658701817877
1271,Abu Kamara,eng ENG,MF,Getafe,es La Liga,22.0,2003.0,11,1,211,2.3,0,0,0,0,0,0,1,0,0.0,,,,,,,,,,,,,,,,,,,,,,,,,1271,eng ENG,MF,es La Liga,22-281,2003.0,2.3,0,3,1,33.3,1.28,0.43,0.0,0.0,0,0,1581,eng ENG,MF,es La Liga,22-281,2003.0,11,211,19,7.1,2.3,1,45.0,0,10,17.0,6,0.91,0,2,-2,-0.85,-0.72,1271,eng ENG,MF,es La Liga,22-281,2003.0,2.3,1,0,0,2,3,2,9,3,2,0,0.0,0.0,1.2796208530805686,0.3838862559241706,0.4250930561417562,-0.041206800217585604
2717,Leny Yoro,fr FRA,DF,Manchester Utd,eng Premier League,20.0,2005.0,30,18,1723,19.1,0,0,0,0,0,0,1,0,0.0,,,,,,,,,,,,,,,,,,,,,,,,,2717,fr FRA,DF,eng Premier League,20-166,2005.0,19.1,0,9,3,33.3,0.47,0.16,0.0,0.0,0,0,3419,fr FRA,DF,eng Premier League,20-166,2005.0,30,1723,57,56.3,19.1,18,82.0,9,12,21.0,3,1.63,28,33,-5,-0.26,-1.54,2717,fr FRA,DF,eng Premier League,20-166,2005.0,19.1,1,0,0,16,5,2,3,30,19,0,0.0,0.0,1.567034242600116,0.4701102727800348,0.5118280366200338,-0.041717763839999034
155,Raúl Asencio,es ESP,DF,Real Madrid,es La Liga,23.0,2003.0,20,15,1438,16.0,2,0,2,2,0,0,3,0,0.13,,,,,,,,,,,,,,,,,,,,,,,,,155,es ESP,DF,es La Liga,23-074,2003.0,16.0,2,14,4,28.6,0.88,0.25,0.14,0.5,0,0,194,es ESP,DF,es La Liga,23-074,2003.0,20,1438,72,48.4,16.0,15,84.0,11,5,34.0,8,2.25,31,13,18,1.13,0.01,155,es ESP,DF,es La Liga,23-074,2003.0,16.0,3,0,0,15,17,0,1,8,11,0,0.12517385257301808,0.0,0.5006954102920723,0.20027816411682894,0.242063156731437,-0.04178499261460805
2278,Ibou Sané,sn SEN,"FW,MF",Metz,fr Ligue 1,21.0,2005.0,16,5,541,6.0,1,1,2,1,0,0,2,0,0.33,,,,,,,,,,,,,,,,,,,,,,,,,2278,sn SEN,"FW,MF",fr Ligue 1,21-031,2005.0,6.0,1,6,3,50.0,1.0,0.5,0.17,0.33,0,0,2867,sn SEN,"FW,MF",fr Ligue 1,21-031,2005.0,16,541,34,19.4,6.0,5,76.0,0,11,14.0,4,0.75,8,11,-3,-0.5,0.94,2278,sn SEN,"FW,MF",fr Ligue 1,21-031,2005.0,6.0,2,0,0,9,15,3,14,1,3,0,0.16635859519408502,0.16635859519408502,0.16635859519408502,0.16635859519408502,0.20873419264326853,-0.04237559744918351
973,Saba Goglichidze,ge GEO,DF,Udinese,it Serie A,21.0,2004.0,8,4,424,4.7,0,0,0,0,0,0,2,0,0.0,,,,,,,,,,,,,,,,,,,,,,,,,973,ge GEO,DF,it Serie A,21-307,2004.0,4.7,0,3,1,33.3,0.64,0.21,0.0,0.0,0,0,1223,ge GEO,DF,it Serie A,21-307,2004.0,8,424,53,13.9,4.7,4,90.0,4,4,16.0,11,2.13,6,7,-1,-0.21,-0.08,973,ge GEO,DF,it Serie A,21-307,2004.0,4.7,2,0,0,5,4,0,2,8,8,0,0.0,0.0,1.6981132075471697,0.5094339622641508,0.5518956521481118,-0.04246168988396093
2455,Ibrahim Sulemana,gh GHA,MF,Cagliari,it Serie A,22.0,2003.0,12,7,746,8.3,1,0,1,1,0,0,1,0,0.12,,,,,,,,,,,,,,,,,,,,,,,,,2455,gh GHA,MF,it Serie A,22-341,2003.0,8.3,1,8,2,25.0,0.97,0.24,0.13,0.5,0,0,3099,gh GHA,MF,it Serie A,22-341,2003.0,12,746,62,24.4,8.3,7,87.0,5,5,27.0,1,0.92,5,14,-9,-1.09,-0.93,2455,gh GHA,MF,it Serie A,22-341,2003.0,8.3,1,0,0,10,8,0,2,6,10,0,0.12064343163538874,0.0,0.7238605898123325,0.26541554959785524,0.3081842369656948,-0.042768687367839564
2632,Arthur Vermeeren,be BEL,MF,Marseille,fr Ligue 1,21.0,2005.0,17,9,720,8.0,0,1,1,0,0,0,1,1,0.12,,,,,,,,,,,,,,,,,,,,,,,,,2632,be BEL,MF,fr Ligue 1,21-080,2005.0,8.0,0,3,1,33.3,0.37,0.12,0.0,0.0,0,0,3315,be BEL,MF,fr Ligue 1,21-080,2005.0,17,720,42,25.8,8.0,9,69.0,4,8,13.0,10,1.76,11,10,1,0.12,-0.61,2632,be BEL,MF,fr Ligue 1,21-080,2005.0,8.0,1,1,0,13,1,0,3,8,9,0,0.0,0.125,1.0,0.33749999999999997,0.38135044774746857,-0.0438504477474686
2095,Jarell Quansah,eng ENG,DF,Leverkusen,de Bundesliga,23.0,2003.0,25,22,2034,22.6,3,0,3,3,0,0,9,0,0.13,,,,,,,,,,,,,,,,,,,,,,,,,2095,eng ENG,DF,de Bundesliga,23-089,2003.0,22.6,3,13,7,53.8,0.58,0.31,0.23,0.43,0,0,2639,eng ENG,DF,de Bundesliga,23-089,2003.0,25,2034,81,72.9,22.6,22,88.0,19,3,31.0,2,1.6,38,29,9,0.4,-0.91,2095,eng ENG,DF,de Bundesliga,23-089,2003.0,22.6,9,0,0,18,20,1,21,22,20,0,0.1327433628318584,0.0,0.9734513274336284,0.34513274336283184,0.38905520995843124,-0.043922466595599396
1818,Pau Navarro,es ESP,DF,Villarreal,es La Liga,21.0,2005.0,20,20,1661,18.5,0,0,0,0,0,0,4,0,0.0,,,,,,,,,,,,,,,,,,,,,,,,,1818,es ESP,DF,es La Liga,21-003,2005.0,18.5,0,1,1,100.0,0.05,0.05,0.0,0.0,0,0,2283,es ESP,DF,es La Liga,21-003,2005.0,20,1661,83,55.9,18.5,20,83.0,16,0,,10,1.8,29,21,8,0.43,-0.46,1818,es ESP,DF,es La Liga,21-003,2005.0,18.5,4,0,0,31,10,1,2,18,34,1,0.0,0.0,0.975316074653823,0.29259482239614687,0.3367645913211599,-0.04416976892501301
824,Giovanni Fabbian,it ITA,MF,Fiorentina,it Serie A,23.0,2003.0,12,3,344,3.8,0,0,0,0,0,0,2,0,0.0,,,,,,,,,,,,,,,,,,,,,,,,,824,it ITA,MF,it Serie A,23-104,2003.0,3.8,0,4,1,25.0,1.05,0.26,0.0,0.0,0,0,1025,it ITA,MF,it Serie A,23-104,2003.0,12,344,29,11.2,3.8,3,64.0,1,9,17.0,1,1.42,2,4,-2,-0.52,-0.36,824,it ITA,MF,it Serie A,23-104,2003.0,3.8,2,0,0,5,8,0,3,1,1,0,0.0,0.0,0.2616279069767442,0.07848837209302326,0.12321936837989504,-0.044730996286871785
533,Djaoui Cissé,fr FRA,MF,Rennes,fr Ligue 1,22.0,2004.0,22,12,973,10.8,0,0,0,0,0,0,3,0,0.0,,,,,,,,,,,,,,,,,,,,,,,,,533,fr FRA,MF,fr Ligue 1,22-087,2004.0,10.8,0,24,6,25.0,2.22,0.55,0.0,0.0,0,0,670,fr FRA,MF,fr Ligue 1,22-087,2004.0,22,973,44,34.9,10.8,12,60.0,0,10,25.0,8,1.77,18,14,4,0.37,-0.03,533,fr FRA,MF,fr Ligue 1,22-087,2004.0,10.8,3,0,0,18,10,0,27,5,21,0,0.0,0.0,0.4624871531346351,0.13874614594039053,0.1837113650311883,-0.04496521909079776
1681,Khalis Merah,fr FRA,"MF,FW",Lyon,fr Ligue 1,19.0,2007.0,20,13,981,10.9,0,1,1,0,0,0,2,0,0.09,,,,,,,,,,,,,,,,,,,,,,,,,1681,fr FRA,"MF,FW",fr Ligue 1,19-063,2007.0,10.9,0,5,3,60.0,0.46,0.28,0.0,0.0,0,0,2108,fr FRA,"MF,FW",fr Ligue 1,19-063,2007.0,20,981,49,35.2,10.9,13,68.0,0,7,15.0,11,2.25,16,8,8,0.73,0.34,1681,fr FRA,"MF,FW",fr Ligue 1,19-063,2007.0,10.9,2,0,0,11,17,0,11,4,14,0,0.0,0.09174311926605505,0.3669724770642202,0.13761467889908258,0.18503317615419643,-0.04741849725511385
554,Diego Coppola,it ITA,DF,Paris FC,fr Ligue 1,22.0,2003.0,10,10,900,10.0,0,2,2,0,0,0,1,0,0.2,,,,,,,,,,,,,,,,,,,,,,,,,554,it ITA,DF,fr Ligue 1,22-121,2003.0,10.0,0,3,1,33.3,0.3,0.1,0.0,0.0,0,0,697,it ITA,DF,fr Ligue 1,22-121,2003.0,10,900,90,32.3,10.0,10,90.0,10,0,,2,1.6,14,13,1,0.1,0.48,554,it ITA,DF,fr Ligue 1,22-121,2003.0,10.0,1,0,0,6,3,0,0,5,9,0,0.0,0.2,0.5,0.21,0.2574831515237255,-0.04748315152372548
106,Mathis Amougou,fr FRA,MF,Strasbourg,fr Ligue 1,20.0,2006.0,10,2,273,3.0,0,0,0,0,0,0,1,0,0.0,,,,,,,,,,,,,,,,,,,,,,,,,106,fr FRA,MF,fr Ligue 1,20-100,2006.0,3.0,0,2,1,50.0,0.66,0.33,0.0,0.0,0,0,135,fr FRA,MF,fr Ligue 1,20-100,2006.0,10,273,27,10.1,3.0,2,58.0,0,8,20.0,13,1.6,3,6,-3,-0.99,-1.47,106,fr FRA,MF,fr Ligue 1,20-100,2006.0,3.0,1,0,0,2,3,0,0,1,5,0,0.0,0.0,0.32967032967032966,0.0989010989010989,0.14717520064034273,-0.04827410173924383
2678,Wesley,br BRA,MF,Roma,it Serie A,22.0,2003.0,27,25,2199,24.4,4,0,4,4,0,0,7,1,0.16,,,,,,,,,,,,,,,,,,,,,,,,,2678,br BRA,MF,it Serie A,22-234,2003.0,24.4,4,22,10,45.5,0.9,0.41,0.18,0.4,0,0,3374,br BRA,MF,it Serie A,22-234,2003.0,27,2199,81,71.9,24.4,25,85.0,15,2,37.0,0,1.89,38,15,23,0.94,1.36,2678,br BRA,MF,it Serie A,22-234,2003.0,24.4,7,1,1,32,52,1,85,20,40,0,0.1637107776261937,0.0,0.8185538881309686,0.31105047748976805,0.35937693630235207,-0.04832645881258402
617,David Datro Fofana,ci CIV,FW,Strasbourg,fr Ligue 1,23.0,2002.0,5,3,171,1.9,0,0,0,0,0,0,0,0,0.0,,,,,,,,,,,,,,,,,,,,,,,,,617,ci CIV,FW,fr Ligue 1,23-127,2002.0,1.9,0,3,1,33.3,1.58,0.53,0.0,0.0,0,0,775,ci CIV,FW,fr Ligue 1,23-127,2002.0,5,171,34,6.3,1.9,3,51.0,0,2,9.0,4,1.2,2,2,0,0.0,-0.36,617,ci CIV,FW,fr Ligue 1,23-127,2002.0,1.9,0,0,0,3,1,3,0,1,1,0,0.0,0.0,0.5263157894736842,0.15789473684210525,0.20652270300171272,-0.04862796615960746
2032,Francisco Perez,es ESP,"MF,FW",Rayo Vallecano,es La Liga,23.0,2002.0,26,10,1103,12.3,2,1,3,2,0,0,4,0,0.24,,,,,,,,,,,,,,,,,,,,,,,,,2032,es ESP,"MF,FW",es La Liga,23-231,2002.0,12.3,2,15,8,53.3,1.22,0.65,0.13,0.25,0,0,2553,es ESP,"MF,FW",es La Liga,23-231,2002.0,26,1103,42,37.1,12.3,10,67.0,0,16,27.0,4,1.12,13,16,-3,-0.24,0.0,2032,es ESP,"MF,FW",es La Liga,23-231,2002.0,12.3,4,0,0,13,15,5,43,2,9,0,0.16319129646418856,0.08159564823209428,0.16319129646418856,0.13871260199456026,0.1873934927425311,-0.04868089074797083
1472,Bradley Locko,fr FRA,DF,Brest,fr Ligue 1,23.0,2002.0,20,14,1277,14.2,0,2,2,0,0,0,0,0,0.14,,,,,,,,,,,,,,,,,,,,,,,,,1472,fr FRA,DF,fr Ligue 1,23-357,2002.0,14.2,0,2,1,50.0,0.14,0.07,0.0,0.0,0,0,1846,fr FRA,DF,fr Ligue 1,23-357,2002.0,20,1277,64,47.3,14.2,14,84.0,8,6,18.0,1,1.1,20,23,-3,-0.21,-0.02,1472,fr FRA,DF,fr Ligue 1,23-357,2002.0,14.2,0,0,0,11,18,2,34,9,28,0,0.0,0.14095536413469067,0.6342991386061081,0.23257635082223962,0.2862168792105513,-0.053640528388311653
1284,Adam Karabec,cz CZE,"MF,FW",Lyon,fr Ligue 1,22.0,2003.0,21,11,922,10.2,1,0,1,1,0,0,3,0,0.1,,,,,,,,,,,,,,,,,,,,,,,,,1284,cz CZE,"MF,FW",fr Ligue 1,22-300,2003.0,10.2,1,9,5,55.6,0.88,0.49,0.11,0.2,0,0,1598,cz CZE,"MF,FW",fr Ligue 1,22-300,2003.0,21,922,44,33.0,10.2,11,74.0,0,10,11.0,9,1.95,11,8,3,0.29,-0.33,1284,cz CZE,"MF,FW",fr Ligue 1,22-300,2003.0,10.2,3,0,0,14,20,3,80,1,3,0,0.09761388286334056,0.0,0.09761388286334056,0.0683297180043384,0.12423134488513986,-0.055901626880801455
2720,Illia Zabarnyi,ua UKR,DF,Paris Saint-Germain,fr Ligue 1,23.0,2002.0,25,23,2117,23.5,1,0,1,1,0,0,5,0,0.04,,,,,,,,,,,,,,,,,,,,,,,,,2720,ua UKR,DF,fr Ligue 1,23-239,2002.0,23.5,1,4,3,75.0,0.17,0.13,0.25,0.33,0,0,3423,ua UKR,DF,fr Ligue 1,23-239,2002.0,25,2117,85,78.4,23.5,23,89.0,22,2,34.0,4,2.28,53,23,30,1.28,-0.73,2720,ua UKR,DF,fr Ligue 1,23-239,2002.0,23.5,5,0,0,17,4,0,0,16,17,0,0.042512990080302314,0.0,0.680207841284837,0.221067548417572,0.27770285437416053,-0.05663530595658853
1318,Semih Kılıçsoy,tr TUR,FW,Cagliari,it Serie A,20.0,2005.0,22,11,975,10.8,4,0,4,4,0,0,1,0,0.37,,,,,,,,,,,,,,,,,,,,,,,,,1318,tr TUR,FW,it Serie A,20-256,2005.0,10.8,4,17,8,47.1,1.57,0.74,0.24,0.5,0,0,1637,tr TUR,FW,it Serie A,20-256,2005.0,22,975,44,31.9,10.8,11,72.0,1,11,16.0,12,1.05,10,15,-5,-0.46,-0.12,1318,tr TUR,FW,it Serie A,20-256,2005.0,10.8,1,0,0,14,15,2,1,1,4,0,0.36923076923076925,0.0,0.09230769230769231,0.1753846153846154,0.23212058279340775,-0.05673596740879236
699,Andy Diouf,fr FRA,MF,Inter,it Serie A,22.0,2003.0,16,1,251,2.8,0,0,0,0,0,0,1,0,0.0,,,,,,,,,,,,,,,,,,,,,,,,,699,fr FRA,MF,it Serie A,22-346,2003.0,2.8,0,5,2,40.0,1.79,0.72,0.0,0.0,0,0,875,fr FRA,MF,it Serie A,22-346,2003.0,16,251,16,8.2,2.8,1,56.0,0,15,13.0,16,2.5,9,2,7,2.51,1.16,699,fr FRA,MF,it Serie A,22-346,2003.0,2.8,1,0,0,2,2,1,5,1,4,0,0.0,0.0,0.35856573705179284,0.10756972111553785,0.164503519842143,-0.05693379872660516
1171,George Ilenikhena,ng NGA,FW,Monaco,fr Ligue 1,19.0,2006.0,15,3,385,4.3,2,0,2,2,0,0,0,0,0.47,,,,,,,,,,,,,,,,,,,,,,,,,1171,ng NGA,FW,fr Ligue 1,19-255,2006.0,4.3,2,15,7,46.7,3.51,1.64,0.13,0.29,0,0,1462,ng NGA,FW,fr Ligue 1,19-255,2006.0,15,385,26,13.8,4.3,3,60.0,0,12,17.0,4,1.2,6,8,-2,-0.47,-0.8,1171,ng NGA,FW,fr Ligue 1,19-255,2006.0,4.3,0,0,0,2,6,8,0,0,0,0,0.4675324675324675,0.0,0.0,0.18701298701298702,0.24592937729282402,-0.058916390279837
122,Nilson Angulo,ec ECU,MF,Sunderland,eng Premier League,22.0,2003.0,5,3,256,2.8,0,0,0,0,0,0,0,0,0.0,,,,,,,,,,,,,,,,,,,,,,,,,122,ec ECU,MF,eng Premier League,22-313,2003.0,2.8,0,3,2,66.7,1.05,0.7,0.0,0.0,0,0,154,ec ECU,MF,eng Premier League,22-313,2003.0,5,256,51,8.4,2.8,3,78.0,0,2,11.0,0,0.8,1,4,-3,-1.05,-0.86,122,ec ECU,MF,eng Premier League,22-313,2003.0,2.8,0,0,0,7,2,1,7,2,5,0,0.0,0.0,0.703125,0.2109375,0.27000739974385674,-0.059069899743856735
2021,Timothee Pembele,fr FRA,"MF,DF",Le Havre,fr Ligue 1,23.0,2002.0,11,2,290,3.2,0,0,0,0,0,0,1,0,0.0,,,,,,,,,,,,,,,,,,,,,,,,,2021,fr FRA,"MF,DF",fr Ligue 1,23-231,2002.0,3.2,0,4,2,50.0,1.24,0.62,0.0,0.0,0,0,2537,fr FRA,"MF,DF",fr Ligue 1,23-231,2002.0,11,290,26,10.4,3.2,2,53.0,0,9,21.0,2,1.0,3,5,-2,-0.62,-0.22,2021,fr FRA,"MF,DF",fr Ligue 1,23-231,2002.0,3.2,1,0,0,2,4,0,5,2,4,0,0.0,0.0,0.6206896551724138,0.18620689655172415,0.2470035883290296,-0.060796691777305456
2411,Hugo Sotelo,es ESP,MF,Celta Vigo,es La Liga,22.0,2003.0,19,15,1263,14.0,0,2,2,0,0,0,3,0,0.14,,,,,,,,,,,,,,,,,,,,,,,,,2411,es ESP,MF,es La Liga,22-130,2003.0,14.0,0,2,1,50.0,0.14,0.07,0.0,0.0,0,0,3040,es ESP,MF,es La Liga,22-130,2003.0,19,1263,66,42.5,14.0,15,78.0,7,4,24.0,10,1.16,25,22,3,0.21,0.27,2411,es ESP,MF,es La Liga,22-130,2003.0,14.0,3,0,0,26,13,0,43,12,16,0,0.0,0.14251781472684086,0.8551068883610452,0.2992874109263658,0.3622732854664176,-0.06298587454005183
606,Muhammed Damar,de GER,"MF,FW",Hoffenheim,de Bundesliga,22.0,2004.0,14,2,276,3.1,0,0,0,0,0,0,0,0,0.0,,,,,,,,,,,,,,,,,,,,,,,,,606,de GER,"MF,FW",de Bundesliga,22-019,2004.0,3.1,0,12,8,66.7,3.91,2.61,0.0,0.0,0,0,762,de GER,"MF,FW",de Bundesliga,22-019,2004.0,14,276,20,9.9,3.1,2,67.0,0,12,12.0,15,1.64,1,5,-4,-1.3,-2.02,606,de GER,"MF,FW",de Bundesliga,22-019,2004.0,3.1,0,0,0,4,2,1,33,1,3,0,0.0,0.0,0.32608695652173914,0.09782608695652174,0.16239124099610233,-0.06456515403958059
91,Carlos Álvarez,es ESP,MF,Levante,es La Liga,22.0,2003.0,29,22,1861,20.7,3,1,4,3,0,0,3,0,0.19,,,,,,,,,,,,,,,,,,,,,,,,,91,es ESP,MF,es La Liga,22-265,2003.0,20.7,3,29,11,37.9,1.4,0.53,0.1,0.27,0,0,117,es ESP,MF,es La Liga,22-265,2003.0,29,1861,64,62.7,20.7,22,78.0,7,7,21.0,1,0.97,20,35,-15,-0.73,-0.89,91,es ESP,MF,es La Liga,22-265,2003.0,20.7,3,0,0,22,49,2,53,13,13,0,0.14508328855454056,0.04836109618484686,0.6286942504030092,0.261149919398173,0.32620195994114803,-0.06505204054297503
2376,Jahmai Simpson-Pusey,eng ENG,DF,Köln,de Bundesliga,20.0,2005.0,9,8,683,7.6,0,0,0,0,0,0,1,1,0.0,,,,,,,,,,,,,,,,,,,,,,,,,2376,eng ENG,DF,de Bundesliga,20-175,2005.0,7.6,0,5,3,60.0,0.66,0.4,0.0,0.0,0,0,2995,eng ENG,DF,de Bundesliga,20-175,2005.0,9,683,76,24.5,7.6,8,83.0,6,1,22.0,0,1.0,10,12,-2,-0.26,-0.01,2376,eng ENG,DF,de Bundesliga,20-175,2005.0,7.6,1,1,0,3,2,0,1,12,6,0,0.0,0.0,1.581259150805271,0.4743777452415813,0.5405797770779388,-0.06620203183635753
323,Oscar Bobb,no NOR,MF,Fulham,eng Premier League,22.0,2003.0,10,4,366,4.1,0,0,0,0,0,0,0,0,0.0,,,,,,,,,,,,,,,,,,,,,,,,,323,no NOR,MF,eng Premier League,22-290,2003.0,4.1,0,6,3,50.0,1.48,0.74,0.0,0.0,0,0,403,no NOR,MF,eng Premier League,22-290,2003.0,10,366,37,12.0,4.1,4,59.0,0,6,22.0,0,1.4,5,6,-1,-0.25,-0.21,323,no NOR,MF,eng Premier League,22-290,2003.0,4.1,0,0,0,4,5,0,4,4,4,0,0.0,0.0,0.9836065573770492,0.29508196721311475,0.36173349569284463,-0.06665152847972988
1464,Javier Llabrés,es ESP,MF,Mallorca,es La Liga,23.0,2002.0,15,1,174,1.9,0,0,0,0,0,0,0,0,0.0,,,,,,,,,,,,,,,,,,,,,,,,,1464,es ESP,MF,es La Liga,23-229,2002.0,1.9,0,5,2,40.0,2.59,1.03,0.0,0.0,0,0,1837,es ESP,MF,es La Liga,23-229,2002.0,15,174,12,5.9,1.9,1,61.0,0,14,8.0,14,0.8,3,4,-1,-0.52,-0.23,1464,es ESP,MF,es La Liga,23-229,2002.0,1.9,0,0,0,4,3,0,9,0,2,0,0.0,0.0,0.0,0.0,0.06964042308017336,-0.06964042308017336
1363,Konstantinos Koulierakis,gr GRE,DF,Wolfsburg,de Bundesliga,22.0,2003.0,26,24,2213,24.6,2,1,3,2,0,0,5,0,0.12,,,,,,,,,,,,,,,,,,,,,,,,,1363,gr GRE,DF,de Bundesliga,22-151,2003.0,24.6,2,23,10,43.5,0.94,0.41,0.09,0.2,0,0,1699,gr GRE,DF,de Bundesliga,22-151,2003.0,26,2213,85,79.3,24.6,24,90.0,24,2,27.0,3,0.96,34,51,-17,-0.69,0.56,1363,gr GRE,DF,de Bundesliga,22-151,2003.0,24.6,5,0,0,25,11,0,17,33,23,1,0.08133755083596927,0.04066877541798464,1.342069588793493,0.447356529597831,0.5182085582095269,-0.07085202861169593
2674,Nelson Weiper,de GER,FW,Mainz 05,de Bundesliga,21.0,2005.0,21,3,534,5.9,0,0,0,0,0,0,1,0,0.0,,,,,,,,,,,,,,,,,,,,,,,,,2674,de GER,FW,de Bundesliga,21-042,2005.0,5.9,0,12,6,50.0,2.02,1.01,0.0,0.0,0,0,3368,de GER,FW,de Bundesliga,21-042,2005.0,21,534,25,19.1,5.9,3,83.0,2,18,16.0,4,0.9,4,9,-5,-0.84,-0.64,2674,de GER,FW,de Bundesliga,21-042,2005.0,5.9,1,0,0,6,2,6,5,3,2,0,0.0,0.0,0.5056179775280899,0.15168539325842698,0.22278010417266814,-0.07109471091424116
1629,Rudy Matondo,fr FRA,MF,Paris FC,fr Ligue 1,18.0,2008.0,8,5,501,5.6,0,0,0,0,0,0,1,1,0.0,,,,,,,,,,,,,,,,,,,,,,,,,1629,fr FRA,MF,fr Ligue 1,18-046,2008.0,5.6,0,5,2,40.0,0.9,0.36,0.0,0.0,0,0,2040,fr FRA,MF,fr Ligue 1,18-046,2008.0,8,501,63,18.0,5.6,5,82.0,2,3,31.0,0,1.75,7,6,1,0.18,0.49,1629,fr FRA,MF,fr Ligue 1,18-046,2008.0,5.6,1,1,0,11,7,0,8,3,11,0,0.0,0.0,0.5389221556886228,0.16167664670658682,0.23410823502647463,-0.0724315883198878
2725,Stephan Zagadou,fr FRA,DF,Le Havre,fr Ligue 1,17.0,2008.0,8,6,495,5.5,1,0,1,1,0,0,0,1,0.18,,,,,,,,,,,,,,,,,,,,,,,,,2725,fr FRA,DF,fr Ligue 1,17-186,2008.0,5.5,1,1,1,100.0,0.18,0.18,1.0,1.0,0,0,3429,fr FRA,DF,fr Ligue 1,17-186,2008.0,8,495,62,17.7,5.5,6,77.0,1,2,16.0,7,1.38,4,5,-1,-0.18,0.29,2725,fr FRA,DF,fr Ligue 1,17-186,2008.0,5.5,0,1,0,7,1,0,0,1,5,0,0.18181818181818182,0.0,0.18181818181818182,0.1272727272727273,0.20122642594043186,-0.07395369866770457
273,Eliesse Ben Seghir,ma MAR,MF,Leverkusen,de Bundesliga,21.0,2005.0,8,2,218,2.4,0,0,0,0,0,0,2,0,0.0,,,,,,,,,,,,,,,,,,,,,,,,,273,ma MAR,MF,de Bundesliga,21-071,2005.0,2.4,0,4,1,25.0,1.65,0.41,0.0,0.0,0,0,338,ma MAR,MF,de Bundesliga,21-071,2005.0,8,218,27,7.8,2.4,2,65.0,0,6,15.0,8,2.0,3,3,0,0.0,-0.7,273,ma MAR,MF,de Bundesliga,21-071,2005.0,2.4,2,0,0,3,6,0,6,1,1,0,0.0,0.0,0.41284403669724773,0.12385321100917432,0.19794683533455476,-0.07409362432538044
2492,Loum Tchaouna,fr FRA,"MF,FW",Burnley,eng Premier League,22.0,2003.0,25,10,937,10.4,1,0,1,1,0,0,1,0,0.1,,,,,,,,,,,,,,,,,,,,,,,,,2492,fr FRA,"MF,FW",eng Premier League,22-232,2003.0,10.4,1,17,7,41.2,1.63,0.67,0.06,0.14,0,0,3147,fr FRA,"MF,FW",eng Premier League,22-232,2003.0,25,937,37,30.6,10.4,10,67.0,0,15,18.0,9,0.4,9,17,-8,-0.77,0.33,2492,fr FRA,"MF,FW",eng Premier League,22-232,2003.0,10.4,1,0,0,7,12,1,18,2,7,0,0.096051227321238,0.0,0.192102454642476,0.096051227321238,0.1709118537737726,-0.0748606264525346
348,Sebastián Boselli,uy URU,DF,Getafe,es La Liga,22.0,2003.0,10,4,360,4.0,0,0,0,0,0,0,3,0,0.0,,,,,,,,,,,,,,,,,,,,,,,,,348,uy URU,DF,es La Liga,22-145,2003.0,4.0,0,3,1,33.3,0.75,0.25,0.0,0.0,0,0,433,uy URU,DF,es La Liga,22-145,2003.0,10,360,36,12.1,4.0,4,79.0,3,6,8.0,3,2.0,4,2,2,0.5,0.78,348,uy URU,DF,es La Liga,22-145,2003.0,4.0,3,0,0,5,0,0,8,0,12,0,0.0,0.0,0.0,0.0,0.07557731261172601,-0.07557731261172601
2655,Aster Vranckx,be BEL,MF,Sassuolo,it Serie A,23.0,2002.0,16,9,690,7.7,0,0,0,0,0,0,2,0,0.0,,,,,,,,,,,,,,,,,,,,,,,,,2655,be BEL,MF,it Serie A,23-206,2002.0,7.7,0,3,1,33.3,0.39,0.13,0.0,0.0,0,0,3346,be BEL,MF,it Serie A,23-206,2002.0,16,690,43,22.5,7.7,9,63.0,0,7,18.0,13,0.94,4,9,-5,-0.65,-0.73,2655,be BEL,MF,it Serie A,23-206,2002.0,7.7,2,0,0,16,17,1,5,0,9,0,0.0,0.0,0.0,0.0,0.07557731261172601,-0.07557731261172601
1532,Brian Madjo,lu LUX,FW,Metz,fr Ligue 1,17.0,2009.0,5,2,157,1.7,0,0,0,0,0,0,0,0,0.0,,,,,,,,,,,,,,,,,,,,,,,,,1532,lu LUX,FW,fr Ligue 1,17-106,2009.0,1.7,0,3,1,33.3,1.72,0.57,0.0,0.0,0,0,1924,lu LUX,FW,fr Ligue 1,17-106,2009.0,5,157,31,5.6,1.7,2,69.0,0,3,7.0,4,0.0,0,3,-3,-1.72,-0.49,1532,lu LUX,FW,fr Ligue 1,17-106,2009.0,1.7,0,0,0,3,3,3,0,0,0,0,0.0,0.0,0.0,0.0,0.07557731261172601,-0.07557731261172601
700,Andy Diouf,fr FRA,MF,Lens,fr Ligue 1,22.0,2003.0,1,1,90,1.0,0,0,0,0,0,0,0,0,0.0,,,,,,,,,,,,,,,,,,,,,,,,,700,fr FRA,MF,fr Ligue 1,22-346,2003.0,1.0,0,3,1,33.3,3.0,1.0,0.0,0.0,0,0,876,fr FRA,MF,fr Ligue 1,22-346,2003.0,1,90,90,3.3,1.0,1,90.0,1,0,,0,0.0,0,1,-1,-1.0,-2.0,700,fr FRA,MF,fr Ligue 1,22-346,2003.0,1.0,0,0,0,0,1,0,0,0,0,0,0.0,0.0,0.0,0.0,0.07557731261172601,-0.07557731261172601
1179,Samuele Inácio,it ITA,MF,Dortmund,de Bundesliga,18.0,2008.0,4,1,136,1.5,0,0,0,0,0,0,1,0,0.0,,,,,,,,,,,,,,,,,,,,,,,,,1179,it ITA,MF,de Bundesliga,18-026,2008.0,1.5,0,3,1,33.3,1.99,0.66,0.0,0.0,0,0,1472,it ITA,MF,de Bundesliga,18-026,2008.0,4,136,34,4.9,1.5,1,73.0,0,3,21.0,6,0.75,5,2,3,1.99,0.93,1179,it ITA,MF,de Bundesliga,18-026,2008.0,1.5,1,0,0,5,4,0,8,0,1,0,0.0,0.0,0.0,0.0,0.07557731261172601,-0.07557731261172601
2572,Christantus Uche,ng NGA,FW,Crystal Palace,eng Premier League,22.0,2003.0,14,0,173,1.9,0,0,0,0,0,0,0,0,0.0,,,,,,,,,,,,,,,,,,,,,,,,,2572,ng NGA,FW,eng Premier League,22-344,2003.0,1.9,0,6,2,33.3,3.12,1.04,0.0,0.0,0,0,3247,ng NGA,FW,eng Premier League,22-344,2003.0,14,173,12,5.8,1.9,0,,0,14,12.0,11,0.64,3,4,-1,-0.52,-0.46,2572,ng NGA,FW,eng Premier League,22-344,2003.0,1.9,0,0,0,4,7,3,6,0,1,0,0.0,0.0,0.0,0.0,0.07557731261172601,-0.07557731261172601
296,Gabin Bernardeau,fr FRA,MF,Nice,fr Ligue 1,20.0,2006.0,4,1,95,1.1,0,0,0,0,0,0,0,0,0.0,,,,,,,,,,,,,,,,,,,,,,,,,296,fr FRA,MF,fr Ligue 1,20-094,2006.0,1.1,0,3,1,33.3,2.84,0.95,0.0,0.0,0,0,368,fr FRA,MF,fr Ligue 1,20-094,2006.0,4,95,24,3.4,1.1,1,63.0,0,3,11.0,8,1.25,1,1,0,0.0,0.73,296,fr FRA,MF,fr Ligue 1,20-094,2006.0,1.1,0,0,0,1,3,1,5,0,4,0,0.0,0.0,0.0,0.0,0.07557731261172601,-0.07557731261172601
62,Ilias Akhomach,ma MAR,MF,Villarreal,es La Liga,22.0,2004.0,9,2,188,2.1,0,0,0,0,0,0,0,0,0.0,,,,,,,,,,,,,,,,,,,,,,,,,62,ma MAR,MF,es La Liga,22-012,2004.0,2.1,0,6,2,33.3,2.87,0.96,0.0,0.0,0,0,79,ma MAR,MF,es La Liga,22-012,2004.0,9,188,21,6.3,2.1,2,45.0,0,7,14.0,5,2.78,2,3,-1,-0.48,-1.19,62,ma MAR,MF,es La Liga,22-012,2004.0,2.1,0,0,0,9,7,0,9,0,4,0,0.0,0.0,0.0,0.0,0.07557731261172601,-0.07557731261172601
1577,Sekou Mara,fr FRA,FW,Auxerre,fr Ligue 1,23.0,2002.0,24,11,982,10.9,0,1,1,0,0,0,0,0,0.09,,,,,,,,,,,,,,,,,,,,,,,,,1577,fr FRA,FW,fr Ligue 1,23-272,2002.0,10.9,0,25,8,32.0,2.29,0.73,0.0,0.0,0,0,1974,fr FRA,FW,fr Ligue 1,23-272,2002.0,24,982,41,35.2,10.9,11,69.0,1,13,17.0,2,0.71,11,15,-4,-0.37,0.18,1577,fr FRA,FW,fr Ligue 1,23-272,2002.0,10.9,0,0,0,25,22,2,0,2,6,0,0.0,0.09164969450101833,0.18329938900203666,0.0824847250509165,0.15957024560292304,-0.07708552055200654
1779,Romaine Mundle,eng ENG,MF,Sunderland,eng Premier League,23.0,2003.0,14,2,411,4.6,0,0,0,0,0,0,1,0,0.0,,,,,,,,,,,,,,,,,,,,,,,,,1779,eng ENG,MF,eng Premier League,23-004,2003.0,4.6,0,7,2,28.6,1.53,0.44,0.0,0.0,0,0,2234,eng ENG,MF,eng Premier League,23-004,2003.0,14,411,29,13.4,4.6,2,66.0,0,12,23.0,1,1.14,5,11,-6,-1.31,-1.21,1779,eng ENG,MF,eng Premier League,23-004,2003.0,4.6,1,0,0,7,8,0,11,1,4,0,0.0,0.0,0.21897810218978103,0.06569343065693431,0.14517910343195384,-0.07948567277501953
1935,Jacob Ondrejka,se SWE,"FW,MF",Parma,it Serie A,23.0,2002.0,16,9,773,8.6,0,0,0,0,0,0,2,0,0.0,,,,,,,,,,,,,,,,,,,,,,,,,1935,se SWE,"FW,MF",it Serie A,23-238,2002.0,8.6,0,21,7,33.3,2.45,0.82,0.0,0.0,0,0,2427,se SWE,"FW,MF",it Serie A,23-238,2002.0,16,773,48,25.3,8.6,9,65.0,0,7,27.0,7,1.31,8,14,-6,-0.7,-0.34,1935,se SWE,"FW,MF",it Serie A,23-238,2002.0,8.6,2,0,0,8,14,1,12,2,2,0,0.0,0.0,0.2328589909443726,0.06985769728331177,0.14975582863453418,-0.07989813135122241
386,Hugo Bueno,es ESP,"MF,DF",Wolves,eng Premier League,23.0,2002.0,31,24,2221,24.7,1,1,2,1,0,0,3,0,0.08,,,,,,,,,,,,,,,,,,,,,,,,,386,es ESP,"MF,DF",eng Premier League,23-222,2002.0,24.7,1,14,6,42.9,0.57,0.24,0.07,0.17,0,0,482,es ESP,"MF,DF",eng Premier League,23-222,2002.0,31,2221,72,72.6,24.7,24,86.0,17,7,23.0,0,0.55,19,41,-22,-0.89,0.82,386,es ESP,"MF,DF",eng Premier League,23-222,2002.0,24.7,3,0,0,17,24,2,157,33,35,0,0.040522287257991896,0.040522287257991896,1.3372354795137325,0.42953624493471404,0.515976978073978,-0.08644073313926398
739,Damion Downs,us USA,FW,Hamburger SV,de Bundesliga,21.0,2004.0,11,6,513,5.7,0,0,0,0,0,0,0,0,0.0,,,,,,,,,,,,,,,,,,,,,,,,,739,us USA,FW,de Bundesliga,21-296,2004.0,5.7,0,7,4,57.1,1.23,0.7,0.0,0.0,0,0,922,us USA,FW,de Bundesliga,21-296,2004.0,11,513,47,18.4,5.7,6,70.0,0,5,19.0,3,0.82,4,8,-4,-0.7,-0.23,739,us USA,FW,de Bundesliga,21-296,2004.0,5.7,0,0,0,8,1,2,0,0,2,0,0.0,0.0,0.0,0.0,0.08792734542346076,-0.08792734542346076
200,Tommaso Baldanzi,it ITA,"FW,MF",Roma,it Serie A,23.0,2003.0,10,3,386,4.3,1,0,1,1,0,0,2,0,0.23,,,,,,,,,,,,,,,,,,,,,,,,,200,it ITA,"FW,MF",it Serie A,23-036,2003.0,4.3,1,11,4,36.4,2.56,0.93,0.09,0.25,0,0,251,it ITA,"FW,MF",it Serie A,23-036,2003.0,10,386,39,12.6,4.3,3,56.0,0,7,31.0,6,1.2,5,3,2,0.47,-0.11,200,it ITA,"FW,MF",it Serie A,23-036,2003.0,4.3,2,0,0,8,18,2,9,3,1,0,0.23316062176165803,0.0,0.6994818652849741,0.3031088082901554,0.39148594507422785,-0.08837713678407244
2645,Martin Vitík,cz CZE,DF,Bologna,it Serie A,23.0,2003.0,19,14,1325,14.7,0,0,0,0,0,0,3,0,0.0,,,,,,,,,,,,,,,,,,,,,,,,,2645,cz CZE,DF,it Serie A,23-097,2003.0,14.7,0,8,2,25.0,0.54,0.14,0.0,0.0,0,0,3335,cz CZE,DF,it Serie A,23-097,2003.0,19,1325,70,43.3,14.7,14,81.0,11,5,37.0,12,1.58,17,18,-1,-0.07,-0.17,2645,cz CZE,DF,it Serie A,23-097,2003.0,14.7,3,0,0,23,4,0,2,8,22,0,0.0,0.0,0.5433962264150943,0.1630188679245283,0.2546191513238638,-0.09160028339933551
2634,Jozhua Vertrouwd,nl NED,DF,Rayo Vallecano,es La Liga,21.0,2004.0,8,2,356,4.0,0,0,0,0,0,0,0,0,0.0,,,,,,,,,,,,,,,,,,,,,,,,,2634,nl NED,DF,es La Liga,21-250,2004.0,4.0,0,1,0,0.0,0.25,0.0,0.0,,0,0,3318,nl NED,DF,es La Liga,21-250,2004.0,8,356,45,12.0,4.0,2,85.0,1,6,31.0,18,1.13,4,9,-5,-1.26,-1.16,2634,nl NED,DF,es La Liga,21-250,2004.0,4.0,0,0,0,4,3,0,0,3,2,1,0.0,0.0,0.7584269662921348,0.22752808988764042,0.3197105359416675,-0.09218244605402706
202,Fabio Baldé,pt POR,"FW,MF",Hamburger SV,de Bundesliga,20.0,2005.0,14,3,408,4.5,0,1,1,0,0,0,1,0,0.22,,,,,,,,,,,,,,,,,,,,,,,,,202,pt POR,"FW,MF",de Bundesliga,20-282,2005.0,4.5,0,6,3,50.0,1.32,0.66,0.0,0.0,0,0,253,pt POR,"FW,MF",de Bundesliga,20-282,2005.0,14,408,29,14.6,4.5,3,72.0,0,11,17.0,4,1.27,5,13,-8,-1.76,-1.46,202,pt POR,"FW,MF",de Bundesliga,20-282,2005.0,4.5,1,0,0,4,2,0,14,0,7,0,0.0,0.22058823529411764,0.0,0.0661764705882353,0.1670180598732786,-0.10084158928504332
2428,Otto Stange,de GER,DF,Hamburger SV,de Bundesliga,19.0,2007.0,8,0,153,1.7,0,0,0,0,0,0,0,0,0.0,,,,,,,,,,,,,,,,,,,,,,,,,2428,de GER,DF,de Bundesliga,19-078,2007.0,1.7,0,6,1,16.7,3.53,0.59,0.0,0.0,0,0,3064,de GER,DF,de Bundesliga,19-078,2007.0,8,153,19,5.5,1.7,0,,0,8,19.0,5,0.25,0,4,-4,-2.35,-1.94,2428,de GER,DF,de Bundesliga,19-078,2007.0,1.7,0,0,0,1,4,0,2,0,2,0,0.0,0.0,0.0,0.0,0.11329545074949694,-0.11329545074949694
146,Juan Arizala,co COL,MF,Udinese,it Serie A,20.0,2005.0,7,0,112,1.2,0,0,0,0,0,0,0,0,0.0,,,,,,,,,,,,,,,,,,,,,,,,,146,co COL,MF,it Serie A,20-200,2005.0,1.2,0,1,1,100.0,0.8,0.8,0.0,0.0,0,0,181,co COL,MF,it Serie A,20-200,2005.0,7,112,16,3.7,1.2,0,,0,7,16.0,6,0.86,3,1,2,1.61,1.82,146,co COL,MF,it Serie A,20-200,2005.0,1.2,0,0,0,0,1,0,5,0,2,0,0.0,0.0,0.0,0.0,0.11468114883254539,-0.11468114883254539
1614,Ramón Martínez,es ESP,DF,Sevilla,es La Liga,23.0,2002.0,2,0,102,1.1,0,0,0,0,0,0,0,0,0.0,,,,,,,,,,,,,,,,,,,,,,,,,1614,es ESP,DF,es La Liga,23-188,2002.0,1.1,0,0,0,0.0,0.0,0.0,,,0,0,2024,es ESP,DF,es La Liga,23-188,2002.0,2,102,51,3.4,1.1,0,,0,2,51.0,9,1.5,2,3,-1,-0.88,-0.44,1614,es ESP,DF,es La Liga,23-188,2002.0,1.1,0,0,0,1,1,0,0,1,0,0,0.0,0.0,0.8823529411764706,0.2647058823529412,0.3891441449666359,-0.12443826261369473
2661,Elye Wahi,ci CIV,FW,Eintracht Frankfurt,de Bundesliga,23.0,2003.0,10,3,324,3.6,0,1,1,0,0,0,1,0,0.28,,,,,,,,,,,,,,,,,,,,,,,,,2661,ci CIV,FW,de Bundesliga,23-116,2003.0,3.6,0,7,3,42.9,1.94,0.83,0.0,0.0,0,0,3354,ci CIV,FW,de Bundesliga,23-116,2003.0,10,324,32,11.6,3.6,3,75.0,0,7,14.0,2,1.9,7,13,-6,-1.67,-1.81,2661,ci CIV,FW,de Bundesliga,23-116,2003.0,3.6,1,0,0,2,4,4,5,0,1,0,0.0,0.2777777777777778,0.0,0.08333333333333333,0.21180783477989426,-0.12847450144656092
927,Pablo Garcia,es ESP,MF,Real Betis,es La Liga,19.0,2006.0,15,2,388,4.3,0,0,0,0,0,0,1,0,0.0,,,,,,,,,,,,,,,,,,,,,,,,,927,es ESP,MF,es La Liga,19-319,2006.0,4.3,0,13,4,30.8,3.02,0.93,0.0,0.0,0,0,1168,es ESP,MF,es La Liga,19-319,2006.0,15,388,26,13.1,4.3,2,71.0,0,13,19.0,10,1.53,8,3,5,1.16,1.06,927,es ESP,MF,es La Liga,19-319,2006.0,4.3,1,0,0,5,9,3,3,3,5,0,0.0,0.0,0.6958762886597938,0.20876288659793812,0.34255079562998253,-0.1337879090320444
117,Manuel Ángel,es ESP,MF,Real Madrid,es La Liga,22.0,2004.0,4,1,96,1.1,0,0,0,0,0,0,0,0,0.0,,,,,,,,,,,,,,,,,,,,,,,,,117,es ESP,MF,es La Liga,22-044,2004.0,1.1,0,2,1,50.0,1.87,0.94,0.0,0.0,0,0,147,es ESP,MF,es La Liga,22-044,2004.0,4,96,24,3.2,1.1,1,58.0,0,3,13.0,3,1.75,3,3,0,0.0,-1.16,117,es ESP,MF,es La Liga,22-044,2004.0,1.1,0,0,0,2,4,0,0,0,3,1,0.0,0.0,0.0,0.0,0.1670180598732786,-0.1670180598732786
397,Jan Bürger,de GER,"MF,DF",Wolfsburg,de Bundesliga,19.0,2007.0,7,2,247,2.7,0,0,0,0,0,0,0,0,0.0,,,,,,,,,,,,,,,,,,,,,,,,,397,de GER,"MF,DF",de Bundesliga,19-049,2007.0,2.7,0,2,1,50.0,0.73,0.36,0.0,0.0,0,0,494,de GER,"MF,DF",de Bundesliga,19-049,2007.0,7,247,35,8.9,2.7,2,59.0,0,5,26.0,8,0.57,3,6,-3,-1.09,-0.31,397,de GER,"MF,DF",de Bundesliga,19-049,2007.0,2.7,0,0,0,4,5,0,6,0,3,0,0.0,0.0,0.0,0.0,0.1670180598732786,-0.1670180598732786
945,Tyrique George,eng ENG,FW,Chelsea,eng Premier League,20.0,2006.0,4,0,145,1.6,0,0,0,0,0,0,2,0,0.0,,,,,,,,,,,,,,,,,,,,,,,,,945,eng ENG,FW,eng Premier League,20-083,2006.0,1.6,0,3,2,66.7,1.86,1.24,0.0,0.0,0,0,1192,eng ENG,FW,eng Premier League,20-083,2006.0,4,145,36,4.7,1.6,0,,0,4,36.0,4,1.0,5,2,3,1.86,1.71,945,eng ENG,FW,eng Premier League,20-083,2006.0,1.6,2,0,0,6,1,2,1,0,2,0,0.0,0.0,0.0,0.0,0.17859217646669356,-0.17859217646669356
1867,Oliver Nielsen,dk DEN,DF,Lazio,it Serie A,22.0,2003.0,22,11,1276,14.2,0,0,0,0,0,0,2,0,0.0,,,,,,,,,,,,,,,,,,,,,,,,,1867,dk DEN,DF,it Serie A,22-328,2003.0,14.2,0,4,2,50.0,0.28,0.14,0.0,0.0,0,0,2338,dk DEN,DF,it Serie A,22-328,2003.0,22,1276,58,41.7,14.2,11,89.0,10,11,27.0,12,1.59,20,15,5,0.35,0.4,1867,dk DEN,DF,it Serie A,22-328,2003.0,14.2,2,0,0,12,7,0,1,12,5,0,0.0,0.0,0.8463949843260189,0.25391849529780564,0.43702003519165084,-0.1831015398938452
277,Yassine Benhattab,fr FRA,"MF,FW",Nantes,fr Ligue 1,23.0,2002.0,10,5,477,5.3,0,0,0,0,0,0,0,0,0.0,,,,,,,,,,,,,,,,,,,,,,,,,277,fr FRA,"MF,FW",fr Ligue 1,23-161,2002.0,5.3,0,4,1,25.0,0.75,0.19,0.0,0.0,0,0,344,fr FRA,"MF,FW",fr Ligue 1,23-161,2002.0,10,477,48,17.1,5.3,5,67.0,0,5,28.0,4,0.6,3,9,-6,-1.13,-0.39,277,fr FRA,"MF,FW",fr Ligue 1,23-161,2002.0,5.3,0,0,0,3,3,1,25,0,6,0,0.0,0.0,0.0,0.0,0.20395633940625732,-0.20395633940625732
